"id","business_name","coord_x","coord_y","full_address"
"3000000-101-1899-10737","개나리식당","198944.857613539    ","452190.326667861    ","서울특별시 종로구 낙원동 218-1 "
"3000000-101-1899-10742","또와생고기","199103.940969447    ","452491.40093517     ","서울특별시 종로구 와룡동 166-0 "
"3000000-101-1899-10745","동성각","197745.004527844    ","452127.244052997    ","서울특별시 종로구 당주동 18-0 "
"3000000-101-1965-00476","지화자 좋다","198755.726936417    ","452283.369348285    ","서울특별시 종로구 인사동 24-1 지상1,2층 "
"3000000-101-1965-03089","콘크리트 팔레트","200063.294926942    ","453351.707371506    ","서울특별시 종로구 명륜4가 88-2 "
"3000000-101-1967-00920","고흥집","200158.998034837    ","452039.167449221    ","서울특별시 종로구 종로5가 182-7 "
"3000000-101-1967-01548","풍년집","199974.207402498    ","453439.848242798    ","서울특별시 종로구 명륜4가 46-1 "
"3000000-101-1967-03256","남대문막내횟집","198454.588761761    ","451879.773068402    ","서울특별시 종로구 관철동 263-0 "
"3000000-101-1967-04618","둘둘치킨","197766.998422064    ","451932.686795823    ","서울특별시 종로구 신문로1가 158 "
"3000000-101-1967-06518","동명삼계탕","198101.593328721    ","452496.362099822    ","서울특별시 종로구 중학동 91-0 "
"3000000-101-1968-01561","청기와타운 종로점","198719.974621451    ","451867.155605848    ","서울특별시 종로구 관철동 12-18 원산빌딩 "
"3000000-101-1968-02150","도마","198909.74202149     ","451827.311680134    ","서울특별시 종로구 관철동 35-8 "
"3000000-101-1968-03150","백부장집","198401.16325531     ","452170.859816917    ","서울특별시 종로구 공평동 129-0 "
"3000000-101-1968-03258","함흥면옥","198365.242052494    ","452988.124005943    ","서울특별시 종로구 화동 138-18 "
"3000000-101-1968-04182","역전할머니맥주 종로3가점","198977.174329225    ","452072.834746916    ","서울특별시 종로구 낙원동 204-0 "
"3000000-101-1968-06103","함흥곰보냉면","199667.555242036    ","452144.944968727    ","서울특별시 종로구 인의동 112-14 401,405호 "
"3000000-101-1969-01465","제주도집","198150.300374121    ","452019.212642931    ","서울특별시 종로구 종로1가 24 (르메이에르타운 지상1층 110-2호) "
"3000000-101-1969-02004","바로패턴&카페","200509.404703268    ","451970.859318259    ","서울특별시 종로구 종로5가 408 "
"3000000-101-1969-05661","육대장 광화문점","197726.11781315     ","452078.157509422    ","서울특별시 종로구 당주동 37-6 (지상 1층) "
"3000000-101-1969-05683","주식회사 거북이 홍반점","198737.712476986    ","451849.035148545    ","서울특별시 종로구 관철동 12-6 지하1층, 지상1층 "
"3000000-101-1969-05912","일번지","198656.76628765     ","452078.424740743    ","서울특별시 종로구 인사동 233-1 (지상1,2층) "
"3000000-101-1970-00526","경원집","197589.395081387    ","452654.995095917    ","서울특별시 종로구 적선동 27-0 "
"3000000-101-1970-03133","금문","199986.44860886     ","453678.220652262    ","서울특별시 종로구 혜화동 122-5 "
"3000000-101-1970-08106","대성집","196481.380928093    ","452270.45119836     ","서울특별시 종로구 행촌동 209-35 "
"3000000-101-1971-03107","임현정 창신육회빈대떡","199990.62229221     ","452046.010235692    ","서울특별시 종로구 종로5가 138-8 김해약국 "
"3000000-101-1971-03508","가고시마","198910.899366062    ","452750.505122507    ","서울특별시 종로구 운니동 98-78 지상2층 "
"3000000-101-1971-06490","잔나비포차","200892.9122523      ","452094.866889578    ","서울특별시 종로구 창신동 464-23 "
"3000000-101-1972-00843","대복집","197623.104758627    ","452657.234972786    ","서울특별시 종로구 적선동 13-2 "
"3000000-101-1972-01101","강호","198897.286450129    ","452556.705530909    ","서울특별시 종로구 경운동 1-1 강호빌딩 "
"3000000-101-1972-01155","마작골","200841.176868527    ","452049.502624754    ","서울특별시 종로구 창신동 444-5 "
"3000000-101-1972-01240","중계식당","199849.042292977    ","452019.583574685    ","서울특별시 종로구 종로4가 148-0 "
"3000000-101-1972-02002","수정식당","199553.012635061    ","451924.28152721     ","서울특별시 종로구 예지동 103 "
"3000000-101-1972-02003","삼보","200070.048653319    ","452114.591159727    ","서울특별시 종로구 종로5가 88-3 "
"3000000-101-1972-02239","효제세무서구내식당","200133.98218021     ","452507.827098737    ","서울특별시 종로구 효제동 20-5 "
"3000000-101-1972-03179","가봉루","197683.199204226    ","452081.673452833    ","서울특별시 종로구 당주동 168 당주빌딩 "
"3000000-101-1972-10472","원조함흥냉면본관","199688.277946391    ","451930.275675877    ","서울특별시 종로구 예지동 163-0 "
"3000000-101-1973-00679","바레이 BARRAY","198277.108929477    ","452178.675952596    ","서울특별시 종로구 청진동 31-1 지상1층 "
"3000000-101-1973-00733","사람과나무 찻집","198710.93556162     ","452348.282426561    ","서울특별시 종로구 관훈동 5 "
"3000000-101-1973-00780","종가 김치찌개","198218.545478134    ","452211.65657486     ","서울특별시 종로구 청진동 4-4 "
"3000000-101-1973-00838","공릉닭한마리","200419.30517573     ","452018.608545014    ","서울특별시 종로구 종로5가 249 1층 "
"3000000-101-1973-01218","부영","198400.283585351    ","453876.043978455    ","서울특별시 종로구 삼청동 27-14 "
"3000000-101-1973-01515","시조명동진성닭칼국수","200470.973479115    ","452011.720977279    ","서울특별시 종로구 종로5가 280-4 지상1층 "
"3000000-101-1973-01516","태양","198462.606451796    ","452282.135753569    ","서울특별시 종로구 견지동 100-0 "
"3000000-101-1973-01932","맛나식당","201960.643747926    ","452669.421330634    ","서울특별시 종로구 숭인동 1239 "
"3000000-101-1973-02201","엘지포차","200471.963842658    ","452195.107827338    ","서울특별시 종로구 종로6가 239-41 "
"3000000-101-1973-08047","명가양갈비","198611.480043238    ","451894.10888298     ","서울특별시 종로구 관철동 19-14 "
"3000000-101-1974-00320","인사동6842 고기밥상","198720.557554429    ","452380.655854202    ","서울특별시 종로구 관훈동 2-3 "
"3000000-101-1974-00694","선천집","198556.056736191    ","452506.87258714     ","서울특별시 종로구 관훈동 100-4 "
"3000000-101-1974-00834","제주 굴 보쌈","199175.701380853    ","451956.584093565    ","서울특별시 종로구 관수동 58 "
"3000000-101-1974-01202","영풍","198893.455902297    ","451828.463573264    ","서울특별시 종로구 관철동 33-8 "
"3000000-101-1974-01278","경상도집","199662.520709042    ","451944.286706313    ","서울특별시 종로구 예지동 62 "
"3000000-101-1974-01281","서울옥","199896.756683773    ","452094.698591519    ","서울특별시 종로구 종로4가 6 "
"3000000-101-1974-01334","라우드 플레이 리스트(LOUD Play list)","199088.08199482     ","451967.732853778    ","서울특별시 종로구 종로3가 116-3 "
"3000000-101-1974-02008","일봉","199849.042292977    ","452019.583574685    ","서울특별시 종로구 종로4가 148 "
"3000000-101-1974-04522","장군숯불갈비","199186.340950558    ","452176.045068543    ","서울특별시 종로구 묘동 188-1 "
"3000000-101-1974-04753","종로수정식당","198937.604871123    ","451940.924352725    ","서울특별시 종로구 관수동 3-6 지상1,2층 "
"3000000-101-1974-05722","백제고기나라","198966.78218634     ","452232.345396899    ","서울특별시 종로구 낙원동 136-0 2층 "
"3000000-101-1974-06258","맹순푸드","201860.113329983    ","452790.032927315    ","서울특별시 종로구 숭인동 699 "
"3000000-101-1974-06548","금룡","199721.954409944    ","451904.177489015    ","서울특별시 종로구 예지동 167-1 "
"3000000-101-1974-06803","구미회집","199347.318715084    ","451987.690879676    ","서울특별시 종로구 종로3가 150 "
"3000000-101-1975-03237","천궁","197595.161312175    ","452460.054621887    ","서울특별시 종로구 적선동 156 B1층 118호 "
"3000000-101-1975-03246","유도리","198223.712483189    ","452261.732174894    ","서울특별시 종로구 수송동 70-0 1층 "
"3000000-101-1975-03871","3 + 1","199700.878989831    ","453609.348087995    ","서울특별시 종로구 명륜2가 119-0 지상2층 "
"3000000-101-1975-03912","마산아구찜","198897.569901178    ","452318.687870214    ","서울특별시 종로구 낙원동 66 "
"3000000-101-1975-04579","카린지&린가네 광화문점","198228.999702198    ","452174.577685623    ","서울특별시 종로구 청진동 11-3 "
"3000000-101-1975-04661","북촌무궁화","198952.695314325    ","452228.624305754    ","서울특별시 종로구 낙원동 137-0 "
"3000000-101-1975-05705","송전","199715.242361235    ","451926.404165042    ","서울특별시 종로구 예지동 165-2 "
"3000000-101-1975-07006","원다포차","201334.919130252    ","452243.631447919    ","서울특별시 종로구 숭인동 313-7 "
"3000000-101-1976-01060","호남집","200493.880310277    ","451996.669049193    ","서울특별시 종로구 종로5가 281-9 "
"3000000-101-1976-01230","전주집","200493.880310277    ","451996.669049193    ","서울특별시 종로구 종로5가 281-9 "
"3000000-101-1976-01340","단막 종각직영점","198543.434281297    ","451901.078844033    ","서울특별시 종로구 관철동 43-5 "
"3000000-101-1976-01410","남해굴국밥","200078.997295702    ","452111.913378306    ","서울특별시 종로구 종로5가 87-1 "
"3000000-101-1976-01621","한마당","198110.93754409     ","452550.183857229    ","서울특별시 종로구 중학동 40-0 "
"3000000-101-1976-02230","목포집","199421.453299988    ","451985.649012465    ","서울특별시 종로구 종로3가 165-0 "
"3000000-101-1976-03742","브릭(BRICK)","198208.386453774    ","452193.293825248    ","서울특별시 종로구 청진동 3-2 지상2층 "
"3000000-101-1976-04026","치킨뱅이","199176.254127183    ","452199.616096341    ","서울특별시 종로구 묘동 183 "
"3000000-101-1976-04186","히말라야","198524.8093622      ","451942.366626947    ","서울특별시 종로구 관철동 45-2 "
"3000000-101-1976-04716","남해 굴국밥","200890.361967381    ","452081.995641838    ","서울특별시 종로구 창신동 463-1 "
"3000000-101-1976-06519","준 피자 앤 즉석 떡볶이","201916.552973096    ","452591.631816193    ","서울특별시 종로구 숭인동 1257 (지상1층) "
"3000000-101-1977-00313","이문 설농탕","198507.474844207    ","452271.611959462    ","서울특별시 종로구 견지동 88-0 지상1층 "
"3000000-101-1977-00949","설이동","198132.543506863    ","452159.828468301    ","서울특별시 종로구 청진동 182-5 지상1층 "
"3000000-101-1977-00964","연지동태국","199955.14173503     ","452136.68180035     ","서울특별시 종로구 종로5가 120-7 "
"3000000-101-1977-01159","뚱이네","200855.902563892    ","452248.430453421    ","서울특별시 종로구 창신동 687-43 "
"3000000-101-1977-03138","금성루","200880.868024602    ","452066.117895657    ","서울특별시 종로구 창신동 446-1 "
"3000000-101-1977-03568","미동","200263.971686005    ","452127.920429803    ","서울특별시 종로구 종로5가 38-1  (지상2층) "
"3000000-101-1977-03761","킨토토 혜화점","199897.272384494    ","453457.758252998    ","서울특별시 종로구 명륜2가 176 1층 "
"3000000-101-1977-04465","엘빈","199984.033653033    ","453695.726399703    ","서울특별시 종로구 혜화동 114-2 "
"3000000-101-1977-04566","육식주","200057.633416307    ","453390.105822038    ","서울특별시 종로구 명륜4가 22-0 지상1층 "
"3000000-101-1977-04606","미락한식뷔페","198985.790729294    ","452156.841758664    ","서울특별시 종로구 낙원동 146 (지상2층) "
"3000000-101-1978-00680","더테이블 청진탭룸","198251.356782618    ","452161.192296751    ","서울특별시 종로구 청진동 23-0 "
"3000000-101-1978-00735","둘레골","198575.554151238    ","452528.010075053    ","서울특별시 종로구 관훈동 92 "
"3000000-101-1978-00963","늘봄식당","200432.690205734    ","451993.117510903    ","서울특별시 종로구 종로5가 459 "
"3000000-101-1978-01784","미락","198297.790561175    ","452340.143222645    ","서울특별시 종로구 수송동 46-12 "
"3000000-101-1978-01969","올가콘라라(Olga Con Lara)","200432.690205734    ","451993.117510903    ","서울특별시 종로구 종로5가 459 "
"3000000-101-1978-03079","닭한마리","200861.262782534    ","452037.977148394    ","서울특별시 종로구 창신동 444-6 "
"3000000-101-1978-03663","낙지왕국","199160.475734489    ","452205.910367103    ","서울특별시 종로구 돈의동 109 "
"3000000-101-1978-05672","해송","201032.212249687    ","452228.015852926    ","서울특별시 종로구 창신동 151-2 그린약국, 1층 "
"3000000-101-1979-00329","라커스","198876.493851212    ","451907.162682615    ","서울특별시 종로구 관철동 5-6 "
"3000000-101-1979-00652","본가 닭한마리","197698.745044225    ","452100.51787896     ","서울특별시 종로구 당주동 40-0 "
"3000000-101-1979-00905","진아춘(광화문점)","197713.264843734    ","451938.037703258    ","서울특별시 종로구 신문로1가 163 "
"3000000-101-1979-01329","부촌육회","199849.042292977    ","452019.583574685    ","서울특별시 종로구 종로4가 148 "
"3000000-101-1979-01379","고향집","198908.817954963    ","452231.432531648    ","서울특별시 종로구 낙원동 235-0 "
"3000000-101-1979-01391","영춘옥","199181.405126507    ","452118.951347953    ","서울특별시 종로구 돈의동 131-1 "
"3000000-101-1979-03118","영화루","197193.994601594    ","453094.032429105    ","서울특별시 종로구 누하동 25-1 "
"3000000-101-1979-04668","맥주창고","198819.574269631    ","451942.979071945    ","서울특별시 종로구 관철동 6-2 지하1층 "
"3000000-101-1979-07044","와!감자탕 삼겹살","201294.962571741    ","452354.438364498    ","서울특별시 종로구 창신동 265-0 "
"3000000-101-1979-08084","오카구라","198876.665113194    ","451823.693512537    ","서울특별시 종로구 관철동 33-3 신영빌딩 B1층 "
"3000000-101-1980-00351","THAO LINH 분식점","200994.093174693    ","452223.842151234    ","서울특별시 종로구 창신동 534-0 "
"3000000-101-1980-01600","된장예술과 술","198729.086278235    ","451848.567716434    ","서울특별시 종로구 관철동 12-7 "
"3000000-101-1980-01727","송학","198062.887604585    ","451944.499629593    ","서울특별시 종로구 서린동 136 (지하1층) "
"3000000-101-1980-01739","산마루","200078.322730727    ","452132.69980055     ","서울특별시 종로구 효제동 331-0 "
"3000000-101-1980-03097","민들레 전통찻집","198606.177035272    ","452374.855402345    ","서울특별시 종로구 관훈동 192-36 지상1층 "
"3000000-101-1980-03108","낙지볶음 개미집","198462.656695463    ","452539.558079788    ","서울특별시 종로구 관훈동 144 (지상2층) "
"3000000-101-1980-03142","자영식당","200256.727353524    ","452291.343695335    ","서울특별시 종로구 효제동 268-2 "
"3000000-101-1980-06070","창신호프","200994.093174693    ","452223.842151234    ","서울특별시 종로구 창신동 534 "
"3000000-101-1980-06125","두레","198215.535758289    ","453023.999557742    ","서울특별시 종로구 소격동 165 "
"3000000-101-1980-06661","진미통닭","196216.695084581    ","452495.361879798    ","서울특별시 종로구 무악동 42-2 "
"3000000-101-1981-00399","조금","198485.817060089    ","452554.331523979    ","서울특별시 종로구 관훈동 123-4 "
"3000000-101-1981-00412","황금식당","198697.084384467    ","452029.674674531    ","서울특별시 종로구 인사동 90-0 "
"3000000-101-1981-00967","야젠","199174.38334774     ","452150.778808703    ","서울특별시 종로구 돈의동 125-1 지상1층 "
"3000000-101-1981-00971","낙원회관","198691.799418788    ","452546.547645387    ","서울특별시 종로구 경운동 88 "
"3000000-101-1981-00984","동묘","201603.97631019     ","452353.22244018     ","서울특별시 종로구 숭인동 227-7 "
"3000000-101-1981-01269","솔밭숯불갈비","198891.250411223    ","452369.321607237    ","서울특별시 종로구 낙원동 43 "
"3000000-101-1981-01296","바닷바람강릉회집","199909.304329747    ","452119.127030344    ","서울특별시 종로구 인의동 47 "
"3000000-101-1981-01375","신토불이","199006.837233012    ","452085.964430524    ","서울특별시 종로구 낙원동 179-0 "
"3000000-101-1981-01383","대복집","198863.744294526    ","452405.515599578    ","서울특별시 종로구 낙원동 11-0 "
"3000000-101-1981-01387","종로고집","199154.470979355    ","452237.51256864     ","서울특별시 종로구 돈의동 103 (지상1,2층) "
"3000000-101-1981-01681","박리분식","201906.350836688    ","452384.040325974    ","서울특별시 종로구 숭인동 1421-0 "
"3000000-101-1981-01791","(주)토속촌삼계탕","197401.807393108    ","452843.842430649    ","서울특별시 종로구 체부동 89-0 "
"3000000-101-1981-01939","덕순네 장어랑 메기랑","200385.855178835    ","452000.343065886    ","서울특별시 종로구 종로5가 493-1 "
"3000000-101-1981-01984","일월장","199193.300336189    ","452043.718167706    ","서울특별시 종로구 종로3가 19 "
"3000000-101-1981-03186","홍콩반점","199896.756683773    ","452094.698591519    ","서울특별시 종로구 종로4가 6-0 "
"3000000-101-1981-03737","니르바나","198500.170227082    ","452530.973356584    ","서울특별시 종로구 관훈동 120-0 "
"3000000-101-1981-04065","양평서울해장국","201307.134818914    ","452094.118893661    ","서울특별시 종로구 창신동 393-13 (지상1층) "
"3000000-101-1981-04161","최성근의 작은음악회","197677.671306891    ","452095.674793395    ","서울특별시 종로구 당주동 167-1 "
"3000000-101-1981-06298","충무칼국수","199676.208357803    ","452361.379257501    ","서울특별시 종로구 인의동 86 "
"3000000-101-1981-06729","몽롱","198611.480043238    ","451894.10888298     ","서울특별시 종로구 관철동 19-14 "
"3000000-101-1982-00044","종로강남한의원식품사업부더쌍화","198950.532059637    ","452139.853746964    ","서울특별시 종로구 낙원동 213-2 지상1층 "
"3000000-101-1982-00642","또오래분식","199864.62723981     ","452251.955563447    ","서울특별시 종로구 연지동 203-0 "
"3000000-101-1982-00649","현대주물럭","197736.409683499    ","452089.202701048    ","서울특별시 종로구 당주동 38-1 "
"3000000-101-1982-00892","한사발포차 종각점","198758.698435007    ","451832.627163341    ","서울특별시 종로구 관철동 11-1 "
"3000000-101-1982-00893","몽롱 종각점","198611.480043238    ","451894.10888298     ","서울특별시 종로구 관철동 19-14 "
"3000000-101-1982-01009","미락웰빙한식","200226.800824633    ","452037.178858713    ","서울특별시 종로구 종로5가 193-13 지상1층 "
"3000000-101-1982-01064","명인뜰채 약선흑염소","200385.831662154    ","452045.719812887    ","서울특별시 종로구 종로5가 245-0 "
"3000000-101-1982-01376","돈맛꿀","199006.837233012    ","452085.964430524    ","서울특별시 종로구 낙원동 179-0 지상1층 "
"3000000-101-1982-01597","호가양꼬치","198231.45513357     ","452285.135018594    ","서울특별시 종로구 수송동 71-1 지층.1층 "
"3000000-101-1982-01688","한우방","201931.122751162    ","452677.556091808    ","서울특별시 종로구 숭인동 1144 "
"3000000-101-1982-01709","남도아구찜","196888.796740825    ","451699.533954572    ","서울특별시 종로구 교남동 9-2 "
"3000000-101-1982-01824","영재식당","199768.273124817    ","452358.8932537      ","서울특별시 종로구 인의동 25 "
"3000000-101-1982-01867","하마비","197604.852809624    ","452676.119879186    ","서울특별시 종로구 적선동 20-0 "
"3000000-101-1982-01906","청림","200436.17414231     ","452238.347991128    ","서울특별시 종로구 종로6가 240-4 "
"3000000-101-1982-01910","메가 엠지씨 커피 종로혜화경찰서점","199864.62723981     ","452251.955563447    ","서울특별시 종로구 연지동 203-0 "
"3000000-101-1982-01946","고가네숯불구이","199042.72412071     ","451834.553171381    ","서울특별시 종로구 관수동 130-1 "
"3000000-101-1982-03181","누나홀닭","198214.752101235    ","452186.145185422    ","서울특별시 종로구 청진동 13 "
"3000000-101-1982-03189","낭만 종각점","198657.834617958    ","451870.193241235    ","서울특별시 종로구 관철동 32-1 1~3층 "
"3000000-101-1982-03197","라르티스타 주식회사","199168.812970025    ","452396.995297502    ","서울특별시 종로구 묘동 128-1 "
"3000000-101-1982-03780","주식회사 을지맥옥 광화문점","197736.409683499    ","452089.202701048    ","서울특별시 종로구 당주동 38-1 "
"3000000-101-1982-04223","전주완산골","200012.643508099    ","452113.294326677    ","서울특별시 종로구 종로5가 98-8 "
"3000000-101-1982-04249","여름","197741.609023844    ","452137.130805439    ","서울특별시 종로구 당주동 15-7 "
"3000000-101-1982-06008","둘리","200899.709096426    ","452134.545425205    ","서울특별시 종로구 창신동 464-4 지상1층 "
"3000000-101-1982-06361","중앙치킨","199133.352942071    ","452385.707440297    ","서울특별시 종로구 묘동 147 "
"3000000-101-1982-06623","삼정한정식","200069.598960974    ","452132.848980757    ","서울특별시 종로구 효제동 320 2층 "
"3000000-101-1982-06671","신씨화로","198564.267926384    ","452079.873784197    ","서울특별시 종로구 인사동 255-0 지상1층 "
"3000000-101-1983-00365","초정","198814.210284072    ","453016.584496483    ","서울특별시 종로구 계동 140-46 "
"3000000-101-1983-00546","신의주 찹쌀순대","200525.160797921    ","452231.31118379     ","서울특별시 종로구 종로6가 173-0 지상1층 "
"3000000-101-1983-00557","바420(bar420)","198967.055916578    ","451816.052173517    ","서울특별시 종로구 관수동 161-7 "
"3000000-101-1983-00641","양반댁","198687.074744287    ","452218.472400712    ","서울특별시 종로구 인사동 193-5 "
"3000000-101-1983-00758","정동","197208.638642993    ","451814.875820174    ","서울특별시 종로구 신문로2가 17-1 "
"3000000-101-1983-00839","종로우리곱창·닭갈비","199941.715727865    ","452142.12600117     ","서울특별시 종로구 종로5가 120-4 "
"3000000-101-1983-00856","모던김밥","197565.558055019    ","452681.422813897    ","서울특별시 종로구 적선동 97 "
"3000000-101-1983-00873","동묘맛집","201627.475436833    ","452363.525911978    ","서울특별시 종로구 숭인동 228-5 1층 "
"3000000-101-1983-00879","세화정","200543.131532509    ","452147.957544762    ","서울특별시 종로구 종로6가 33-15 "
"3000000-101-1983-00907","호이식 종로 안국","198721.035779016    ","452835.889830727    ","서울특별시 종로구 재동 84-7 "
"3000000-101-1983-00936","롤라곱창","198686.823182259    ","452836.711567294    ","서울특별시 종로구 재동 84-15 "
"3000000-101-1983-00974","황소집","201603.97631019     ","452353.22244018     ","서울특별시 종로구 숭인동 227-7 "
"3000000-101-1983-01144","상해반점","201016.582951588    ","452169.826734645    ","서울특별시 종로구 창신동 519-1 외 522-1 "
"3000000-101-1983-01200","모꼬지장","198628.820963916    ","452524.894696241    ","서울특별시 종로구 관훈동 84-12 "
"3000000-101-1983-01288","육회자매집(본점)","199920.493510457    ","452031.129171537    ","서울특별시 종로구 종로4가 177 제우빌딩 1동 4호"
"3000000-101-1983-01305","전주옥돌정","200405.928740838    ","452043.805935724    ","서울특별시 종로구 종로5가 256 "
"3000000-101-1983-01319","육회한 연어 대학로점","199888.13741057     ","453431.954823985    ","서울특별시 종로구 명륜2가 182-2 "
"3000000-101-1983-01678","조마루(신설동점)","201806.067315048    ","452409.804973851    ","서울특별시 종로구 숭인동 201-10 "
"3000000-101-1983-03115","덕성각","200510.694679865    ","452051.546225034    ","서울특별시 종로구 종로6가 253-6 대학천상가(덕성빌딩) "
"3000000-101-1983-03182","신라반점","198954.756855442    ","452290.138169454    ","서울특별시 종로구 낙원동 88-1 "
"3000000-101-1983-03187","오봉집 종로5가점","199842.794409617    ","452250.651463278    ","서울특별시 종로구 인의동 28-6 "
"3000000-101-1983-03234","광화문 더덕순대","197728.388480851    ","452086.244267116    ","서울특별시 종로구 당주동 38-2 "
"3000000-101-1983-03599","만만타코야끼","199673.08392219     ","453550.761961763    ","서울특별시 종로구 명륜3가 118-1 "
"3000000-101-1983-03670","하이트 클래스","197525.415075703    ","452707.110414437    ","서울특별시 종로구 통의동 35-2 "
"3000000-101-1983-03756","소숯점","197753.303788837    ","452113.17286869     ","서울특별시 종로구 당주동 20-2 "
"3000000-101-1983-03955","대왕 해물탕","200065.195268613    ","453279.735893133    ","서울특별시 종로구 명륜4가 98-1 "
"3000000-101-1983-04017","인사샤브정","198752.30611807     ","452360.624544433    ","서울특별시 종로구 인사동 7 "
"3000000-101-1983-04151","HAVEN(헤이븐)","197404.499612483    ","453163.334450214    ","서울특별시 종로구 창성동 153-1 "
"3000000-101-1983-04260","종로돈부리","198816.147205348    ","451850.608028219    ","서울특별시 종로구 관철동 7-14 "
"3000000-101-1983-04699","유도리","198651.119766996    ","451931.50837289     ","서울특별시 종로구 관철동 18-13 연타운빌딩 1층 "
"3000000-101-1983-05674","깡순이네","200508.296314377    ","452171.567159871    ","서울특별시 종로구 종로6가 141-1 수상빌딩 "
"3000000-101-1983-06069","창신 561","200863.91939091     ","452188.262848738    ","서울특별시 종로구 창신동 561-1 "
"3000000-101-1983-06104","발리호프원","200868.471361082    ","452196.989843636    ","서울특별시 종로구 창신동 561-2 "
"3000000-101-1983-06151","호랭이 뼈다귀","201091.610000395    ","452197.483437905    ","서울특별시 종로구 창신동 379-0 "
"3000000-101-1983-06180","장수식당","200482.075844338    ","452168.420855532    ","서울특별시 종로구 종로6가 244-14 "
"3000000-101-1983-06243","육미","198564.267926384    ","452079.873784197    ","서울특별시 종로구 인사동 255-0 "
"3000000-101-1983-06282","조가네 뼈해장국","199736.479746216    ","452374.914589335    ","서울특별시 종로구 인의동 15-2 "
"3000000-101-1983-06615","왕방울분식","198697.706712628    ","451897.834324531    ","서울특별시 종로구 관철동 13-13 "
"3000000-101-1983-06617","계동치킨(낙원점)","199004.15226816     ","452067.89327956     ","서울특별시 종로구 낙원동 198 지상1층 "
"3000000-101-1983-06625","더 우리곱창","200321.80334094     ","451991.870046223    ","서울특별시 종로구 종로5가 225-8 "
"3000000-101-1983-07010","계동치킨 종로5가점","199954.630380824    ","452113.73474135     ","서울특별시 종로구 종로5가 122-1 "
"3000000-101-1983-08011","모토이시 종각점","198610.944548919    ","451883.832748911    ","서울특별시 종로구 관철동 173-1 "
"3000000-101-1983-08012","고래불 수산","199701.14024464     ","452378.462146227    ","서울특별시 종로구 인의동 81-1 외 4필지 지상1층 "
"3000000-101-1983-08038","강촌숯불닭갈비","200864.097357365    ","452222.374907226    ","서울특별시 종로구 창신동 687-25 "
"3000000-101-1983-10492","경복궁","198572.839145325    ","452022.373156033    ","서울특별시 종로구 종로2가 8-4 "
"3000000-101-1984-00349","황해집","200866.200047669    ","452045.754769625    ","서울특별시 종로구 창신동 444-3 지상1층 "
"3000000-101-1984-00361","향정","198524.386291715    ","452444.27749969     ","서울특별시 종로구 관훈동 166-0 "
"3000000-101-1984-00436","동성로왕찹쌀꽈배기","197769.170860745    ","451946.699844204    ","서울특별시 종로구 신문로1가 156-0 "
"3000000-101-1984-00506","하나로회관","198643.543485167    ","452199.798612424    ","서울특별시 종로구 인사동 194-4 "
"3000000-101-1984-00520","봄날의 햇살","198076.878950513    ","452402.195269511    ","서울특별시 종로구 수송동 146-1 이마빌딩 지하1층 "
"3000000-101-1984-00536","오비로비","201669.503633082    ","452462.503785667    ","서울특별시 종로구 숭인동 173 1층 "
"3000000-101-1984-00597","페우관(Pheu Quan)","200845.73590754     ","452206.127097698    ","서울특별시 종로구 창신동 687-28 "
"3000000-101-1984-00682","실비집","199172.367584992    ","451837.982321798    ","서울특별시 종로구 관수동 100 "
"3000000-101-1984-00724","섬마을","197465.174384726    ","452888.272140991    ","서울특별시 종로구 통의동 71-1 "
"3000000-101-1984-00809","부산집 막국수","197587.412469594    ","452665.168489044    ","서울특별시 종로구 적선동 26-0 "
"3000000-101-1984-00820","더피자필","198438.965108009    ","451888.484197892    ","서울특별시 종로구 관철동 289 교원청계빌딩 "
"3000000-101-1984-00898","강촌쌈밥","197695.420011121    ","456493.51507729     ","서울특별시 종로구 평창동 460-1 "
"3000000-101-1984-00937","등촌샤브 칼국수 안국역점","198710.54227315     ","452850.100713039    ","서울특별시 종로구 재동 84-19 "
"3000000-101-1984-00955","평원식당","200395.54563291     ","452206.954175162    ","서울특별시 종로구 효제동 174-6 "
"3000000-101-1984-00959","진할매 원조닭집","200430.257375395    ","452009.1311717      ","서울특별시 종로구 종로5가 265-22 (지상1,2,3층) "
"3000000-101-1984-00997","동영숯불갈비","196398.294883562    ","452314.96233387     ","서울특별시 종로구 행촌동 209-76 "
"3000000-101-1984-01220","동네별장","199887.252613829    ","453456.225617349    ","서울특별시 종로구 명륜2가 174-1 "
"3000000-101-1984-01227","고바우식당","201342.508356334    ","452119.966886421    ","서울특별시 종로구 숭인동 318-16 "
"3000000-101-1984-01232","옛마을","198259.834680993    ","452172.470840014    ","서울특별시 종로구 청진동 27 "
"3000000-101-1984-01386","은신처 종로점","199063.907136647    ","452606.456968919    ","서울특별시 종로구 운니동 56 "
"3000000-101-1984-01667","평창동 북악정","197963.5710825      ","456548.652797546    ","서울특별시 종로구 평창동 114-12 지하, 지상1,2층 "
"3000000-101-1984-01677","흥부네 사랑채","201684.94301241     ","452360.671366747    ","서울특별시 종로구 숭인동 207-30 지상1층 "
"3000000-101-1984-01701","황금정","197647.115932976    ","452252.265773347    ","서울특별시 종로구 당주동 1-0 1층,2층 "
"3000000-101-1984-01781","만도리 신라스테이 광화문","198215.187719464    ","452264.774293233    ","서울특별시 종로구 수송동 69-0 지상1층 "
"3000000-101-1984-01815","진원조닭집","200470.973479115    ","452011.720977279    ","서울특별시 종로구 종로5가 280-4 "
"3000000-101-1984-01853","Papas(파파스)","198991.002784609    ","451828.222399025    ","서울특별시 종로구 관수동 154-1 "
"3000000-101-1984-01913","나무","198969.903766412    ","452637.813755898    ","서울특별시 종로구 운니동 95 지상1층 "
"3000000-101-1984-01950","종로뚝배기","198914.988666314    ","451918.932552893    ","서울특별시 종로구 관철동 5-1 "
"3000000-101-1984-01979","주식회사 뼈탄집","197427.727615443    ","452680.792854455    ","서울특별시 종로구 내자동 9-2 "
"3000000-101-1984-02000","파루 닭한마리 경복궁점","197613.606929141    ","452656.940174719    ","서울특별시 종로구 적선동 13-1 "
"3000000-101-1984-02001","꼬꼬방","199421.453299988    ","451985.649012465    ","서울특별시 종로구 종로3가 165-0 "
"3000000-101-1984-02198","천석식당","201152.347030218    ","451997.778432851    ","서울특별시 종로구 창신동 424-4 "
"3000000-101-1984-03198","쿠캔비어2","199004.15226816     ","452067.89327956     ","서울특별시 종로구 낙원동 198 지상1층 "
"3000000-101-1984-03219","레이어드 안국 (LAYERED)","198687.362447539    ","452826.777128513    ","서울특별시 종로구 재동 84-14 "
"3000000-101-1984-03354","동경","197783.581099452    ","452121.975118926    ","서울특별시 종로구 도렴동 150-8 (지상1,2층) "
"3000000-101-1984-03457","동서갈비","201655.910230654    ","452308.004320462    ","서울특별시 종로구 숭인동 217-25 지상1층 "
"3000000-101-1984-03809","태양의길목","199995.088240575    ","452106.996482407    ","서울특별시 종로구 종로5가 100-0 "
"3000000-101-1984-03956","철길왕갈비살","196802.992158876    ","455724.604348863    ","서울특별시 종로구 평창동 281-1 "
"3000000-101-1984-04126","원조쌈밥집","200845.3074711      ","452220.389453991    ","서울특별시 종로구 창신동 687-24 "
"3000000-101-1984-04160","원주","198504.402368702    ","451896.95555963     ","서울특별시 종로구 관철동 44-3 "
"3000000-101-1984-04285","왕벌집","200461.676872983    ","452029.199413922    ","서울특별시 종로구 종로5가 265-2 "
"3000000-101-1984-04443","송백","197573.030749573    ","452175.335781858    ","서울특별시 종로구 당주동 100 세종빌딩 "
"3000000-101-1984-04446","또또와","198585.288862795    ","451905.418901544    ","서울특별시 종로구 관철동 19-22 "
"3000000-101-1984-04499","등촌샤브칼국수","198503.884115699    ","451874.997658811    ","서울특별시 종로구 관철동 44-5 2층 "
"3000000-101-1984-04502","영구비어","198644.372544207    ","451889.42861282     ","서울특별시 종로구 관철동 19-6 "
"3000000-101-1984-04664","제주바당","198764.512898903    ","451894.950416296    ","서울특별시 종로구 관철동 13-2 "
"3000000-101-1984-04720","종각 상구비어","198738.03566933     ","451910.389288384    ","서울특별시 종로구 관철동 13-9 "
"3000000-101-1984-04748","차사랑","197650.653736722    ","452368.519288991    ","서울특별시 종로구 도렴동 60 "
"3000000-101-1984-04920","아까시","201428.060307191    ","452388.604645302    ","서울특별시 종로구 숭인동 124-0 "
"3000000-101-1984-05905","장수 본가 해장국 종로5가점","200084.009877601    ","452152.850842379    ","서울특별시 종로구 효제동 318-2 지상1층 "
"3000000-101-1984-05922","명동칼국수","200530.897333334    ","452178.985666667    ","서울특별시 종로구 종로6가 145-2 지상1층 "
"3000000-101-1984-06068","무지개","200873.996485064    ","452206.310125207    ","서울특별시 종로구 창신동 567-0 "
"3000000-101-1984-06263","더 진국 광화문역 지점","198208.386453774    ","452193.293825248    ","서울특별시 종로구 청진동 3-2 "
"3000000-101-1984-06576","일월육일 종각점","198615.240770708    ","451870.397998134    ","서울특별시 종로구 관철동 173-2 지상1층 "
"3000000-101-1984-06651","풍황","198150.300374121    ","452019.212642931    ","서울특별시 종로구 종로1가 24 (르메이에르 1층113-1호) "
"3000000-101-1984-06668","참새집","198277.599730607    ","452200.56645835     ","서울특별시 종로구 청진동 41-2 "
"3000000-101-1984-06711","시민식당","199082.817118211    ","452052.858918583    ","서울특별시 종로구 낙원동 192 지상1~2층 "
"3000000-101-1985-00291","김가네대청마루","198754.634182719    ","452404.979894277    ","서울특별시 종로구 경운동 47-1 "
"3000000-101-1985-00479","정통삼계탕","198090.554119913    ","452431.628812022    ","서울특별시 종로구 수송동 129-1 지상2층 "
"3000000-101-1985-00590","용두동 쭈꾸미 닭갈비","199033.502834957    ","451872.601993585    ","서울특별시 종로구 관수동 143-2 "
"3000000-101-1985-00832","옛날집","201143.814229454    ","452149.970326917    ","서울특별시 종로구 창신동 345-1 "
"3000000-101-1985-00853","아이엠호프Ⅰ","200048.056558705    ","453406.238144897    ","서울특별시 종로구 명륜4가 25-0 "
"3000000-101-1985-00934","태양이네","199112.274864262    ","452470.579359832    ","서울특별시 종로구 와룡동 171-1 아세아빌딩 "
"3000000-101-1985-00944","정일품","198204.837322667    ","452293.432531176    ","서울특별시 종로구 수송동 80-6 지하1층 "
"3000000-101-1985-00948","장수삼계탕","198204.837322667    ","452293.432531176    ","서울특별시 종로구 수송동 80-6 지하1층 "
"3000000-101-1985-01304","제주본가","199885.137384154    ","452227.53240622     ","서울특별시 종로구 연지동 206-0 "
"3000000-101-1985-01366","카페 오쁘띠베르","197368.323680448    ","453107.549985387    ","서울특별시 종로구 통인동 114-0 "
"3000000-101-1985-01492","전주식당","199147.760577643    ","451956.53315786     ","서울특별시 종로구 관수동 43-2 "
"3000000-101-1985-01572","페리카나","198881.740672767    ","452357.294138759    ","서울특별시 종로구 낙원동 49-0 "
"3000000-101-1985-01659","커피숍","198914.988666314    ","451918.932552893    ","서울특별시 종로구 관철동 5-1 "
"3000000-101-1985-01675","임실 제철밥상","201875.702357184    ","452412.128680276    ","서울특별시 종로구 숭인동 1414 신안빌딩, 1층 "
"3000000-101-1985-01758","종로 전집","198962.57531706     ","452215.205219118    ","서울특별시 종로구 낙원동 138-1 "
"3000000-101-1985-01765","장터 순대국","200129.775227347    ","452034.69521884     ","서울특별시 종로구 종로5가 182-5 "
"3000000-101-1985-01801","종로 맹버칼(버섯칼국수) 종로구청점","198204.837322667    ","452293.432531176    ","서울특별시 종로구 수송동 80-6 석탄회관 지하동 16호호"
"3000000-101-1985-01852","다솜","196132.751817734    ","452580.254196764    ","서울특별시 종로구 무악동 67-2 "
"3000000-101-1985-01947","명동 닭한마리 본점","200450.622184188    ","452007.111816       ","서울특별시 종로구 종로5가 265-8 "
"3000000-101-1985-02013","남매집","200064.981474247    ","451993.690077258    ","서울특별시 종로구 종로5가 398-13 "
"3000000-101-1985-03263","만땅","196231.877558363    ","452469.882421191    ","서울특별시 종로구 무악동 45-424 "
"3000000-101-1985-03522","본죽 앤 비빔밥","198494.709256351    ","452505.827872809    ","서울특별시 종로구 관훈동 155-1 "
"3000000-101-1985-03539","브람스","198685.005097689    ","452737.399916958    ","서울특별시 종로구 재동 104-1 지상2층 "
"3000000-101-1985-03611","평화만들기","198610.084299909    ","452459.798694503    ","서울특별시 종로구 관훈동 55-1 "
"3000000-101-1985-03632","털보네 해물탕 등갈비해물찜","199913.196727932    ","452147.31655778     ","서울특별시 종로구 인의동 43 1,2층 "
"3000000-101-1985-03814","리향","198574.909899705    ","452264.246969117    ","서울특별시 종로구 관훈동 198-17 (지상2층) "
"3000000-101-1985-03890","종로양꼬치","198737.961985645    ","451892.167587337    ","서울특별시 종로구 관철동 13-7 1, 2층 "
"3000000-101-1985-04144","핏제리아 오","200310.954763273    ","453311.605568337    ","서울특별시 종로구 동숭동 31-37 "
"3000000-101-1985-04174","브루다 안국","198750.318908635    ","452837.575140045    ","서울특별시 종로구 계동 145-0 "
"3000000-101-1985-04441","무아타","195877.645568351    ","455493.935798399    ","서울특별시 종로구 홍지동 25-13 "
"3000000-101-1985-04680","삼각산","196168.301152027    ","456231.523051187    ","서울특별시 종로구 구기동 85-25 "
"3000000-101-1985-04824","명륜포차","200049.544712407    ","453436.151843989    ","서울특별시 종로구 명륜4가 17 18-5,19-2 "
"3000000-101-1985-04921","가배","198991.832240646    ","452427.078344628    ","서울특별시 종로구 익선동 132-2 "
"3000000-101-1985-05664","박가네","200005.160432916    ","452027.337517881    ","서울특별시 종로구 종로5가 138-10 "
"3000000-101-1985-05677","명동칼국수","200457.793102794    ","451993.049584362    ","서울특별시 종로구 종로5가 442 "
"3000000-101-1985-05943","삼해집","198681.571899164    ","452050.274345174    ","서울특별시 종로구 인사동 98 지상1,2층 "
"3000000-101-1985-06130","광안리","199015.39293845     ","451900.876514167    ","서울특별시 종로구 관수동 17-1 "
"3000000-101-1985-06181","동대문 종합분식","200691.832640518    ","452120.994293363    ","서울특별시 종로구 종로6가 77-1 "
"3000000-101-1985-06207","무교삼계탕","198574.909899705    ","452264.246969117    ","서울특별시 종로구 관훈동 198-17 "
"3000000-101-1985-06352","우리집","198745.839487019    ","452867.664266403    ","서울특별시 종로구 계동 144-1 "
"3000000-101-1985-06371","본죽(종로3가점)","199202.589613171    ","452121.344940936    ","서울특별시 종로구 묘동 197-1 지상1층 "
"3000000-101-1985-06372","뚝배기 양평해장국","198204.837322667    ","452293.432531176    ","서울특별시 종로구 수송동 80-6 "
"3000000-101-1985-06429","국빈","200098.189073467    ","452617.662750637    ","서울특별시 종로구 연건동 197-5 "
"3000000-101-1985-06515","산적","199154.795101638    ","452232.131804269    ","서울특별시 종로구 돈의동 103-3 "
"3000000-101-1985-06526","안주마을","197470.775800309    ","452685.25845561     ","서울특별시 종로구 내자동 1-2 "
"3000000-101-1985-06547","림스치킨 혜화점","200045.690907045    ","453525.229351241    ","서울특별시 종로구 혜화동 167-3 "
"3000000-101-1985-06663","코알라치킨센타","198474.829762575    ","452524.107493957    ","서울특별시 종로구 관훈동 146-1 "
"3000000-101-1985-06936","낭만낙지","201307.3091979      ","452083.876720672    ","서울특별시 종로구 창신동 393-16 "
"3000000-101-1985-06982","원호와 초밥","200510.694679865    ","452051.546225034    ","서울특별시 종로구 종로6가 253-6 "
"3000000-101-1985-08040","학림","200076.361629058    ","453291.955608107    ","서울특별시 종로구 명륜4가 94-2 "
"3000000-101-1985-08194","종로","200252.800463854    ","452183.71024363     ","서울특별시 종로구 효제동 256-1 "
"3000000-101-1985-11013","가을","197741.609023844    ","452137.130805439    ","서울특별시 종로구 당주동 15-7 "
"3000000-101-1985-11997","을지면옥","198924.435018007    ","452374.356404855    ","서울특별시 종로구 낙원동 55-1 "
"3000000-101-1986-00343","꽃피는 산골","198657.712821817    ","452088.995461623    ","서울특별시 종로구 인사동 232 "
"3000000-101-1986-00389","왕벌집","199455.321850269    ","451983.721699126    ","서울특별시 종로구 종로3가 170 "
"3000000-101-1986-00405","진미식당","199294.003205404    ","451965.653117194    ","서울특별시 종로구 장사동 27-0 "
"3000000-101-1986-00539","백마강","200503.397222379    ","452194.504887103    ","서울특별시 종로구 종로6가 150-2 "
"3000000-101-1986-00559","종가집","198728.247900575    ","452205.226311004    ","서울특별시 종로구 인사동 154-3 "
"3000000-101-1986-00576","부산식당","199435.50163527     ","451970.212921383    ","서울특별시 종로구 장사동 85 "
"3000000-101-1986-00715","온6.5","198541.50924324     ","452785.073366556    ","서울특별시 종로구 안국동 75-5 지상1층 "
"3000000-101-1986-00763","산채향","197468.154871592    ","452055.792647706    ","서울특별시 종로구 신문로1가 58-21 "
"3000000-101-1986-00798","육즙마니","199732.922358931    ","452435.513921974    ","서울특별시 종로구 인의동 2 "
"3000000-101-1986-00803","웃음의 식당","201135.223548645    ","452114.911909526    ","서울특별시 종로구 창신동 390-17 "
"3000000-101-1986-00822","둘리분식","200037.565468519    ","453550.739735752    ","서울특별시 종로구 혜화동 147-0 "
"3000000-101-1986-00872","초당","200568.717766879    ","452177.732324643    ","서울특별시 종로구 종로6가 33-5 "
"3000000-101-1986-00922","목원(일반음식점)","200263.971686005    ","452127.920429803    ","서울특별시 종로구 종로5가 38-1 "
"3000000-101-1986-00932","아진당 떡상점","199013.050524495    ","452284.428699308    ","서울특별시 종로구 낙원동 120-1 "
"3000000-101-1986-00940","경복궁미역","197220.299518322    ","452687.679280104    ","서울특별시 종로구 필운동 144-2 "
"3000000-101-1986-01162","두꺼비식당","201033.620892948    ","452107.195930566    ","서울특별시 종로구 창신동 459-28 "
"3000000-101-1986-01204","향미정","197343.597299347    ","452499.987922904    ","서울특별시 종로구 내자동 177 "
"3000000-101-1986-01216","취야벌","198588.114665902    ","452277.638481662    ","서울특별시 종로구 관훈동 198-27 지상1층 "
"3000000-101-1986-01316","서울원조아구찜","198872.949115346    ","452367.004193038    ","서울특별시 종로구 낙원동 45-3 "
"3000000-101-1986-01330","한일","199914.775758708    ","452094.38368523     ","서울특별시 종로구 종로4가 5-0 지층동 "
"3000000-101-1986-01331","부촌","199924.494646103    ","452009.911234394    ","서울특별시 종로구 종로4가 165-11 "
"3000000-101-1986-01409","백제 고기집","200279.457604439    ","452261.387624027    ","서울특별시 종로구 효제동 155  (지상1층) "
"3000000-101-1986-01430","옛날순대국","200255.264789032    ","452155.300838469    ","서울특별시 종로구 효제동 233-1 "
"3000000-101-1986-01525","송죽헌","198995.819855568    ","452683.258031754    ","서울특별시 종로구 운니동 37-1 "
"3000000-101-1986-01545","서순금류복요리전문점","197567.747824202    ","452347.973860449    ","서울특별시 종로구 내수동 75 용비어천가 B101호"
"3000000-101-1986-01652","삼일전집 2호점","198760.845455105    ","451849.198415207    ","서울특별시 종로구 관철동 12-3 "
"3000000-101-1986-01694","수연","198662.384256427    ","452508.406243547    ","서울특별시 종로구 관훈동 84-6 "
"3000000-101-1986-01846","종삼육","199133.475093733    ","452281.87704127     ","서울특별시 종로구 돈의동 51 "
"3000000-101-1986-01886","거구장","198745.999962596    ","452181.202199283    ","서울특별시 종로구 인사동 151-0 "
"3000000-101-1986-01929","원소닭","200398.931838188    ","451995.555224073    ","서울특별시 종로구 종로5가 282-21 "
"3000000-101-1986-01938","삼천포집","200493.880310277    ","451996.669049193    ","서울특별시 종로구 종로5가 281-9 "
"3000000-101-1986-01956","예지집","199622.418473712    ","451903.080114556    ","서울특별시 종로구 예지동 113 "
"3000000-101-1986-03525","YMCA레스토랑","198630.79627088     ","452035.412646906    ","서울특별시 종로구 종로2가 9 지상1층 "
"3000000-101-1986-03563","부산 아구찜","199193.291628377    ","452144.167423368    ","서울특별시 종로구 묘동 192-1 지하1층 "
"3000000-101-1986-03650","오가다 종로2가 인사동점","198763.560759532    ","452151.875249721    ","서울특별시 종로구 인사동 137-2 "
"3000000-101-1986-03676","래래향","197320.466607164    ","452564.223852516    ","서울특별시 종로구 내자동 164-0 "
"3000000-101-1986-03729","인산인해","198689.205253792    ","452314.503907011    ","서울특별시 종로구 인사동 182-1 "
"3000000-101-1986-03915","돈천동식당","200036.130856005    ","453557.531444188    ","서울특별시 종로구 혜화동 146-0 지상1,2층 "
"3000000-101-1986-04020","태말녀감자탕","198734.612395836    ","452193.942445812    ","서울특별시 종로구 인사동 153-1  (지상1층) "
"3000000-101-1986-04036","가랑","197607.398336321    ","452120.026024435    ","서울특별시 종로구 당주동 145-0 대농B.D 지하동   61호"
"3000000-101-1986-04042","금문도","198204.837322667    ","452293.432531176    ","서울특별시 종로구 수송동 80-6 "
"3000000-101-1986-04156","산동","197631.282164458    ","452015.754300092    ","서울특별시 종로구 신문로1가 34 "
"3000000-101-1986-04229","천지","199920.1566941      ","453341.515285873    ","서울특별시 종로구 명륜4가 75 지하1층 "
"3000000-101-1986-04245","대물섬 종로점","198527.750150961    ","451865.126432449    ","서울특별시 종로구 관철동 43-12 남창빌딩 1층 "
"3000000-101-1986-04281","무림갈비","199367.037548067    ","452138.384878968    ","서울특별시 종로구 봉익동 98-1 "
"3000000-101-1986-04292","계동치킨","198911.429259184    ","452299.650021785    ","서울특별시 종로구 낙원동 94 "
"3000000-101-1986-04295","이디야 커피(창덕궁점)","199173.743267007    ","452220.544369229    ","서울특별시 종로구 묘동 177-1 "
"3000000-101-1986-04310","별미한식부페","199875.31149475     ","452247.930893471    ","서울특별시 종로구 연지동 204-0 지하호"
"3000000-101-1986-04415","작은프랑스 꺄브","198340.261988038    ","453358.533934098    ","서울특별시 종로구 삼청동 35-240 지하1층 "
"3000000-101-1986-04738","송암온반","199051.15049931     ","452399.655511821    ","서울특별시 종로구 익선동 150 "
"3000000-101-1986-04762","혜화돌쇠아저씨","200049.078578693    ","453390.028781547    ","서울특별시 종로구 명륜4가 23-0 "
"3000000-101-1986-04809","아리랑가든","198704.266615747    ","452230.132588274    ","서울특별시 종로구 인사동 193 "
"3000000-101-1986-05626","송백","197650.653736722    ","452368.519288991    ","서울특별시 종로구 도렴동 60-0 지1층3호 "
"3000000-101-1986-05636","인사동 쌈지","198683.921521771    ","452300.685383031    ","서울특별시 종로구 인사동 183-4 "
"3000000-101-1986-05939","와이분식","198630.79627088     ","452035.412646906    ","서울특별시 종로구 종로2가 9-0 지하1층 "
"3000000-101-1986-06244","서울 잔치집","198750.189070795    ","452098.231454159    ","서울특별시 종로구 인사동 135-6 "
"3000000-101-1986-06316","하이트 호프광장","197525.823515748    ","452685.372401156    ","서울특별시 종로구 적선동 102-1 "
"3000000-101-1986-06323","신안촌","197358.18355232     ","452589.865236792    ","서울특별시 종로구 내자동 152 ,153,154-1,155-1 (1층) "
"3000000-101-1986-06329","산꼼장어 & 조개구이","199923.932150837    ","452161.024767411    ","서울특별시 종로구 종로5가 115 지상1층 "
"3000000-101-1986-06341","동대문지하코너","200903.511794251    ","452195.678021044    ","서울특별시 종로구 창신동 552-0 지하역 "
"3000000-101-1986-06382","도야짬뽕 동대문점","200432.690205734    ","451993.117510903    ","서울특별시 종로구 종로5가 459 "
"3000000-101-1986-06492","꽁스 치킨","200831.462130284    ","452030.874051211    ","서울특별시 종로구 창신동 443-5 "
"3000000-101-1986-06662","공원분식","197229.252277239    ","451833.339514159    ","서울특별시 종로구 신문로2가 19-7 "
"3000000-101-1986-06821","둘둘치킨","201854.473190211    ","452427.159465199    ","서울특별시 종로구 숭인동 201-4 "
"3000000-101-1986-10482","아람","197573.030749573    ","452175.335781858    ","서울특별시 종로구 당주동 100 (세종빌딩 지하9호) "
"3000000-101-1986-10484","장수촌","196854.705452639    ","451751.300961116    ","서울특별시 종로구 교남동 39-2 "
"3000000-101-1986-10486","도원S (TAOYUEN S)","197982.889600104    ","452206.123138933    ","서울특별시 종로구 세종로 100 KT 광화문 빌딩 West "
"3000000-101-1987-00427","한일","198062.887604585    ","451944.499629593    ","서울특별시 종로구 서린동 136 한효B/D 지하동 1층 "
"3000000-101-1987-00429","화선","198062.887604585    ","451944.499629593    ","서울특별시 종로구 서린동 136 한효빌딩 지하동 1층호"
"3000000-101-1987-00670","동대문 일품손짜장","200847.089720382    ","452005.139628751    ","서울특별시 종로구 창신동 438-16 지상1층 "
"3000000-101-1987-00674","마당쇠","198564.267926384    ","452079.873784197    ","서울특별시 종로구 인사동 255-5 "
"3000000-101-1987-00792","교토스시","200307.292873834    ","453104.038530112    ","서울특별시 종로구 동숭동 1-152 (1층) "
"3000000-101-1987-00925","만화식당","201853.67271114     ","452331.450439943    ","서울특별시 종로구 숭인동 202-37 "
"3000000-101-1987-00933","천둥소리","198750.668066149    ","452293.878420925    ","서울특별시 종로구 인사동 18-0 "
"3000000-101-1987-00960","전주식당","198705.005369583    ","452028.684109561    ","서울특별시 종로구 인사동 89-0 "
"3000000-101-1987-00962","형제식당","200414.247322325    ","451995.839112169    ","서울특별시 종로구 종로5가 470-0 "
"3000000-101-1987-01063","다담정식","198284.392181266    ","451901.406014861    ","서울특별시 종로구 서린동 88-0 "
"3000000-101-1987-01081","유가네서서갈비","200450.412567844    ","452132.222753881    ","서울특별시 종로구 종로5가 9-1 "
"3000000-101-1987-01235","종려나무","199913.230055005    ","452592.174327611    ","서울특별시 종로구 연지동 1-32 "
"3000000-101-1987-01298","화평동 왕냉면","199909.150184535    ","452153.829328006    ","서울특별시 종로구 인의동 40-0 "
"3000000-101-1987-01323","전주식당","198454.588761761    ","451879.773068402    ","서울특별시 종로구 관철동 263-0 "
"3000000-101-1987-01382","낙원아구찜","198870.835262186    ","452356.06259432     ","서울특별시 종로구 낙원동 48 지상1~2층 "
"3000000-101-1987-01392","눈치닭발","199983.68589734     ","452154.115280433    ","서울특별시 종로구 종로5가 104-2  동  호"
"3000000-101-1987-01498","관훈맨션","198687.444534624    ","452381.378246104    ","서울특별시 종로구 관훈동 15-2 "
"3000000-101-1987-01655","베트남 쌀국수 포항","200985.977259754    ","452234.944829893    ","서울특별시 종로구 창신동 536-2 "
"3000000-101-1987-01660","석정","197573.030749573    ","452175.335781858    ","서울특별시 종로구 당주동 100 "
"3000000-101-1987-01736","존슨 부대찌개","198706.709025835    ","452287.356508557    ","서울특별시 종로구 인사동 179-2 "
"3000000-101-1987-01740","매머드 익스프레스 광화문역점","197718.375944461    ","452128.426713533    ","서울특별시 종로구 당주동 44-4 "
"3000000-101-1987-01875","황소집","199467.888632647    ","451999.860095289    ","서울특별시 종로구 종로3가 171 "
"3000000-101-1987-01892","대추나무집","199042.72412071     ","451834.553171381    ","서울특별시 종로구 관수동 130-1 "
"3000000-101-1987-01917","오복집","200406.012865447    ","451999.069728002    ","서울특별시 종로구 종로5가 282-1 "
"3000000-101-1987-01935","대하식당","197322.549292933    ","452961.278031542    ","서울특별시 종로구 체부동 17-0 "
"3000000-101-1987-03176","미락치킨 경복궁 본점","197447.456156345    ","452815.617054832    ","서울특별시 종로구 체부동 39-2 지상1층 "
"3000000-101-1987-03193","홈오브하이","197454.674171398    ","453008.819799114    ","서울특별시 종로구 통의동 91-43 "
"3000000-101-1987-03247","HW컨벤션센터","196582.640025011    ","454989.617922407    ","서울특별시 종로구 부암동 186-2 하림각본관 지하1층 "
"3000000-101-1987-03259","몰림","197323.372355399    ","452598.170943439    ","서울특별시 종로구 내자동 146-0 "
"3000000-101-1987-03448","지대방","198647.455779779    ","452352.508311786    ","서울특별시 종로구 관훈동 196-6 지상1층 "
"3000000-101-1987-03496","일월의제면소 흥인지문","200846.171043058    ","452069.005122414    ","서울특별시 종로구 창신동 444-14 지상2층 "
"3000000-101-1987-03681","원조식당","200134.205030026    ","452551.55835059     ","서울특별시 종로구 연건동 190-30 "
"3000000-101-1987-03771","피자오크","200128.246670355    ","453322.292043622    ","서울특별시 종로구 동숭동 1-28 "
"3000000-101-1987-03826","블루","198541.198941364    ","452385.729496099    ","서울특별시 종로구 관훈동 195-0 "
"3000000-101-1987-03876","백석","201034.698803494    ","452065.162086264    ","서울특별시 종로구 창신동 433-8 "
"3000000-101-1987-03944","행복집","196399.34264666     ","455990.092720838    ","서울특별시 종로구 구기동 19-3 "
"3000000-101-1987-03980","베네치아","199170.682753367    ","452230.614024446    ","서울특별시 종로구 묘동 175 "
"3000000-101-1987-04054","카스트로 폴로스(castorPollux)","197565.558055019    ","452681.422813897    ","서울특별시 종로구 적선동 97 "
"3000000-101-1987-04058","통나무","198745.955283973    ","452105.4037499      ","서울특별시 종로구 인사동 135-5 "
"3000000-101-1987-04150","계경목장","197488.112812811    ","453025.743148386    ","서울특별시 종로구 창성동 127-4 "
"3000000-101-1987-04164","하나마토 대학로혜화점","200010.258787158    ","453591.059323515    ","서울특별시 종로구 혜화동 139-1 "
"3000000-101-1987-04230","종로족빨","198491.107962369    ","451893.325339123    ","서울특별시 종로구 관철동 257 1, 2층 "
"3000000-101-1987-04241","종로 삼겹살","199900.208272526    ","452038.211415947    ","서울특별시 종로구 종로4가 169-1 "
"3000000-101-1987-04371","캐빈","198549.410568112    ","452047.028312118    ","서울특별시 종로구 인사동 263 "
"3000000-101-1987-04408","692 대구막창","199698.708751424    ","453487.534406085    ","서울특별시 종로구 명륜3가 127-0 "
"3000000-101-1987-04410","이웃집 로바다야끼","198596.089308222    ","451932.131774449    ","서울특별시 종로구 관철동 18-8 "
"3000000-101-1987-04547","달리","197650.653736722    ","452368.519288991    ","서울특별시 종로구 도렴동 60-0 정우B/D 지하동 1-47호"
"3000000-101-1987-04569","소문난포차","201781.066324584    ","452512.805363874    ","서울특별시 종로구 숭인동 191-0 지상1층 "
"3000000-101-1987-05625","VIP 참치 석탄회관점","198204.837322667    ","452293.432531176    ","서울특별시 종로구 수송동 80-6 "
"3000000-101-1987-05634","동경암","198062.887604585    ","451944.499629593    ","서울특별시 종로구 서린동 136 무역보험공사 4호"
"3000000-101-1987-05647","바다한가득 광화문점","197756.499274568    ","452133.137032436    ","서울특별시 종로구 당주동 15-8 "
"3000000-101-1987-05951","한솥밥","197662.503910553    ","452189.09236786     ","서울특별시 종로구 당주동 5-0 로얄B/D 지하1층 22호"
"3000000-101-1987-06067","진미식당","201016.051671529    ","452256.135288263    ","서울특별시 종로구 창신동 143-18 "
"3000000-101-1987-06178","동진종합분식","200508.128134853    ","452061.647683345    ","서울특별시 종로구 종로6가 256-3 "
"3000000-101-1987-06229","늘푸른 식당","196833.381560577    ","455853.444254831    ","서울특별시 종로구 평창동 289-1 1층 "
"3000000-101-1987-06349","딱지치기","200048.983334007    ","453366.368920672    ","서울특별시 종로구 명륜4가 28-2 "
"3000000-101-1987-06488","왕개미식당","200847.089720382    ","452005.139628751    ","서울특별시 종로구 창신동 438-16 1층 "
"3000000-101-1987-06545","생활맥주 광화문점","197677.671306891    ","452095.674793395    ","서울특별시 종로구 당주동 167-1 지상1층 "
"3000000-101-1987-06556","민들레","199270.78949863     ","451924.15329817     ","서울특별시 종로구 장사동 22-4 "
"3000000-101-1987-06561","종로순대","199885.137384154    ","452227.53240622     ","서울특별시 종로구 연지동 206-0 "
"3000000-101-1987-06977","비원손칼국수","198939.826938986    ","452986.109507396    ","서울특별시 종로구 원서동 160-0 "
"3000000-101-1987-08025","차이나","199278.043882385    ","451978.727050146    ","서울특별시 종로구 종로3가 140-1 "
"3000000-101-1987-10458","송원","197399.864049474    ","453265.784942444    ","서울특별시 종로구 효자동 38-0 "
"3000000-101-1987-10467","오히","199666.317765004    ","452602.955870177    ","서울특별시 종로구 원남동 179-3 "
"3000000-101-1988-00569","북촌","198298.204692616    ","453833.073232502    ","서울특별시 종로구 삼청동 124-1 "
"3000000-101-1988-00608","꽃밥에피다","198518.584726372    ","452553.708089891    ","서울특별시 종로구 관훈동 118-27 지상1층 "
"3000000-101-1988-00663","지혜","197327.545360478    ","452580.6667118      ","서울특별시 종로구 내자동 149-0 "
"3000000-101-1988-00711","한옥","198594.449037071    ","452480.059188278    ","서울특별시 종로구 관훈동 64  지상1층 "
"3000000-101-1988-00741","물자리","198297.736054631    ","452177.805892665    ","서울특별시 종로구 청진동 36-0 "
"3000000-101-1988-00882","허서방네","201233.980152162    ","452238.394991992    ","서울특별시 종로구 창신동 328-3 "
"3000000-101-1988-00942","오라이","200054.031086257    ","451987.872887501    ","서울특별시 종로구 종로5가 395-10 "
"3000000-101-1988-00946","병천순대전문점","198748.322345643    ","452976.127185334    ","서울특별시 종로구 계동 106-0 "
"3000000-101-1988-01280","종로 화로구이","200268.682032569    ","452184.298228312    ","서울특별시 종로구 효제동 228-0 "
"3000000-101-1988-01371","원남복집","199730.402843053    ","452497.584648864    ","서울특별시 종로구 원남동 66-26 "
"3000000-101-1988-01372","마초","197311.457605061    ","452527.468617062    ","서울특별시 종로구 내자동 168-1 "
"3000000-101-1988-01393","구주 종로점","198634.448738072    ","451889.198243161    ","서울특별시 종로구 관철동 19-7 지상1층 "
"3000000-101-1988-01412","억조","200253.744704554    ","452198.176995861    ","서울특별시 종로구 효제동 226-1 "
"3000000-101-1988-01419","진주 갈비","200414.551778999    ","452195.764623221    ","서울특별시 종로구 효제동 174-2 "
"3000000-101-1988-01523","연남족발1987 종각점","198698.015511806    ","451849.196279815    ","서울특별시 종로구 관철동 12-12 1층 "
"3000000-101-1988-01546","서피동파","199965.758239118    ","453425.71320008     ","서울특별시 종로구 명륜4가 47-4 "
"3000000-101-1988-01803","목포식당","199199.93551203     ","451856.503191391    ","서울특별시 종로구 관수동 79-2 "
"3000000-101-1988-01865","포쉬(POSH)","199106.899050757    ","452431.456635725    ","서울특별시 종로구 익선동 106-0 "
"3000000-101-1988-01941","싸리집","196410.986356678    ","456050.819077363    ","서울특별시 종로구 구기동 67-11 (지상1층) "
"3000000-101-1988-03062","매머드 익스프레스 종로창경궁로점","199705.724830426    ","452257.820479973    ","서울특별시 종로구 인의동 111-7 지상1층 "
"3000000-101-1988-03123","아사원","199175.701380853    ","451956.584093565    ","서울특별시 종로구 관수동 58 "
"3000000-101-1988-03153","만리성","201655.658387268    ","452468.771217656    ","서울특별시 종로구 숭인동 176-0 "
"3000000-101-1988-03159","보화장","199004.15226816     ","452067.89327956     ","서울특별시 종로구 낙원동 198 (지상2층) "
"3000000-101-1988-03191","신만보성","198652.06437609     ","451859.031595125    ","서울특별시 종로구 관철동 32-5 지상2층,지상3층 "
"3000000-101-1988-03499","판옥선","198524.413386701    ","451929.432640046    ","서울특별시 종로구 관철동 45-8 지상2층 "
"3000000-101-1988-03591","광화문연가","197465.578484193    ","452749.997249116    ","서울특별시 종로구 체부동 47-1 "
"3000000-101-1988-03677","SGH 한방차보감","197343.597299347    ","452499.987922904    ","서울특별시 종로구 내자동 177-0 "
"3000000-101-1988-03760","궁중다식 전통차","198756.081566884    ","452181.670535299    ","서울특별시 종로구 인사동 148 "
"3000000-101-1988-03883","정그리다(JEONGGEURIDA)","200802.801436397    ","452164.091877326    ","서울특별시 종로구 창신동 697-3 "
"3000000-101-1988-03926","뉴 태평양","201949.65163583     ","452677.676438417    ","서울특별시 종로구 숭인동 1148-0 "
"3000000-101-1988-03946","청학동","196285.25303293     ","455345.737595152    ","서울특별시 종로구 홍지동 90-10 "
"3000000-101-1988-04137","돈방석","199346.505164395    ","452053.358087526    ","서울특별시 종로구 종로3가 37-6 외 1필지 "
"3000000-101-1988-04139","태진복집","197465.115265796    ","452969.089032431    ","서울특별시 종로구 통의동 92 지상1,2층 "
"3000000-101-1988-04236","콩뼈숯뼈감자탕","199012.803737401    ","451961.523461766    ","서울특별시 종로구 종로3가 103-2 "
"3000000-101-1988-04541","역전할머니맥주 서울대학로점","200000.294163284    ","453423.504430404    ","서울특별시 종로구 명륜4가 15-1 지상1.2층 "
"3000000-101-1988-04615","멜로디스","198324.653631679    ","452252.812389497    ","서울특별시 종로구 수송동 58-0 두산위브 지하111호 "
"3000000-101-1988-04621","샬롬","197673.919714838    ","452123.434528869    ","서울특별시 종로구 당주동 160-0 "
"3000000-101-1988-04726","하나마토 대학로혜화점","200010.258787158    ","453591.059323515    ","서울특별시 종로구 혜화동 139-1 지상 1층 "
"3000000-101-1988-04826","등촌 샤브칼국수","200241.539609902    ","453188.69990349     ","서울특별시 종로구 동숭동 1-100 지상2층 "
"3000000-101-1988-06044","낙원호프","198797.528713985    ","452396.907794915    ","서울특별시 종로구 경운동 47-2 지상1층 "
"3000000-101-1988-06172","보승회관 이화사거리","200147.025848592    ","452627.329580858    ","서울특별시 종로구 연건동 187-8 지상1층 "
"3000000-101-1988-06296","갱상도집","200006.578203973    ","453598.296456277    ","서울특별시 종로구 혜화동 138-0 지상1층 "
"3000000-101-1988-06619","종로빈대떡","198948.195194809    ","452181.952677316    ","서울특별시 종로구 낙원동 217-1 지상1층 "
"3000000-101-1988-06628","본투비","200079.405134436    ","452143.633055358    ","서울특별시 종로구 효제동 320-2 "
"3000000-101-1988-06820","닭칼국수","201819.244702711    ","452378.580257447    ","서울특별시 종로구 숭인동 201-13 "
"3000000-101-1988-06908","알프스","197741.609023844    ","452137.130805439    ","서울특별시 종로구 당주동 15-7 "
"3000000-101-1988-06964","박가네 빈대떡","200047.252375315    ","452019.978642717    ","서울특별시 종로구 종로5가 138-16 1~2층 "
"3000000-101-1988-06975","남지","198652.06437609     ","451859.031595125    ","서울특별시 종로구 관철동 32-5 "
"3000000-101-1988-06991","성심분식","200158.998034837    ","452039.167449221    ","서울특별시 종로구 종로5가 182-7 "
"3000000-101-1988-08084","루이호프","199703.06826511     ","453532.305546579    ","서울특별시 종로구 명륜2가 216-2 지상 2층 "
"3000000-101-1988-08188","황태구이다래","197396.697917223    ","452583.282374058    ","서울특별시 종로구 내자동 106-2 "
"3000000-101-1989-00309","먹쇠집","200888.267683118    ","452194.018398858    ","서울특별시 종로구 창신동 556 지상1층 "
"3000000-101-1989-00661","풍미가","197343.452970906    ","452575.980814834    ","서울특별시 종로구 내자동 159 지상1층 "
"3000000-101-1989-00754","우 정 육","198549.410568112    ","452047.028312118    ","서울특별시 종로구 인사동 263 "
"3000000-101-1989-00810","존앤마크","201286.400765222    ","452042.807748134    ","서울특별시 종로구 창신동 403-4 "
"3000000-101-1989-01003","락더후(Rock the who)","198615.240770708    ","451870.397998134    ","서울특별시 종로구 관철동 173-2 "
"3000000-101-1989-01222","광나루찌개","200083.876036862    ","452894.440994685    ","서울특별시 종로구 연건동 81-1 "
"3000000-101-1989-01421","태양성","199355.13132235     ","452148.091742732    ","서울특별시 종로구 봉익동 106-0 "
"3000000-101-1989-01470","고향산천","201862.008296867    ","452616.755057897    ","서울특별시 종로구 숭인동 1069-0 "
"3000000-101-1989-01708","번앤버니(BUN AND BUNNY)","197662.503910553    ","452189.09236786     ","서울특별시 종로구 당주동 5-0 "
"3000000-101-1989-01735","종로곱창","200328.85058794     ","451973.845648666    ","서울특별시 종로구 종로5가 503-7 지상1층 "
"3000000-101-1989-01779","최가네 곱창","199387.472404384    ","451982.902200185    ","서울특별시 종로구 종로3가 158 "
"3000000-101-1989-01958","한성옥","198126.669610208    ","452216.914700318    ","서울특별시 종로구 청진동 205-0 "
"3000000-101-1989-01976","통인 감자탕","197291.413718078    ","453121.857359629    ","서울특별시 종로구 통인동 89-20 "
"3000000-101-1989-02030","강촌 숯불닭갈비","198564.267926384    ","452079.873784197    ","서울특별시 종로구 인사동 255-5 1층 "
"3000000-101-1989-03205","투썸플레이스 종로3가역점","199007.466861825    ","452051.646584463    ","서울특별시 종로구 낙원동 197-2 "
"3000000-101-1989-03209","성균원","199700.315648683    ","453556.088443391    ","서울특별시 종로구 명륜2가 142-2 "
"3000000-101-1989-03470","할리스 세종로점","197836.587371411    ","452046.256276552    ","서울특별시 종로구 세종로 200-0 "
"3000000-101-1989-03471","할리스 세종로점","197836.587371411    ","452046.256276552    ","서울특별시 종로구 세종로 200 지상2층 "
"3000000-101-1989-03590","경성 한우 국밥","197583.394691008    ","452513.612017871    ","서울특별시 종로구 적선동 122-1 지하1층3호 "
"3000000-101-1989-03655","바람부는섬","198761.866309502    ","452247.064106425    ","서울특별시 종로구 인사동 30-1 "
"3000000-101-1989-03939","고부기 대학로본점","200307.41543383     ","453261.085994363    ","서울특별시 종로구 동숭동 50-42 지상1층 "
"3000000-101-1989-03952","대학로빈대떡","200242.814881371    ","453309.573992866    ","서울특별시 종로구 동숭동 1-76 "
"3000000-101-1989-03977","옹달샘","199212.071342856    ","452202.750719441    ","서울특별시 종로구 묘동 82-4 "
"3000000-101-1989-04035","안개꽃","197742.903976379    ","452109.176396149    ","서울특별시 종로구 당주동 19-0 "
"3000000-101-1989-04183","THE (더)","198656.760605306    ","451885.670880307    ","서울특별시 종로구 관철동 19-4 "
"3000000-101-1989-04352","목신의오후","198301.707230582    ","453805.253388222    ","서울특별시 종로구 삼청동 122-0 "
"3000000-101-1989-04652","사람살이","199984.075452796    ","453784.636608489    ","서울특별시 종로구 혜화동 109-2 "
"3000000-101-1989-04856","파노라마","198587.35293385     ","452053.126737857    ","서울특별시 종로구 인사동 262 (지상2층) "
"3000000-101-1989-05909","무강","199056.56725298     ","451855.718305856    ","서울특별시 종로구 관수동 143-7 130-1번지 1층 "
"3000000-101-1989-05948","페어트레이드 카페","200146.617676229    ","453480.744999339    ","서울특별시 종로구 혜화동 202 1~2층 "
"3000000-101-1989-06342","명륜쭈꾸미","199677.690447067    ","453529.846373336    ","서울특별시 종로구 명륜3가 121-1 "
"3000000-101-1989-06364","육쌈냉면","200023.845596074    ","453607.449632228    ","서울특별시 종로구 혜화동 136-0 "
"3000000-101-1989-06366","카니발호프타운","200919.30031859     ","452335.288046384    ","서울특별시 종로구 창신동 582-21 "
"3000000-101-1989-06573","컴포즈 커피 종로3가점","199193.300336189    ","452043.718167706    ","서울특별시 종로구 종로3가 19 101호"
"3000000-101-1989-06888","달의 뒷편","198637.576034929    ","452090.429942857    ","서울특별시 종로구 인사동 238 "
"3000000-101-1989-06939","본죽&비빔밥 경복궁역점","197525.415075703    ","452707.110414437    ","서울특별시 종로구 통의동 35-2 지상1층 "
"3000000-101-1989-06942","장터국수","199689.098912854    ","452459.516633697    ","서울특별시 종로구 원남동 279-2 "
"3000000-101-1989-07028","종로빈대떡","197741.609023844    ","452137.130805439    ","서울특별시 종로구 당주동 15-7 "
"3000000-101-1989-08044","스시 마시따","199951.97511202     ","453458.191077662    ","서울특별시 종로구 명륜2가 36-1 "
"3000000-101-1990-00212","육미안","199881.097977328    ","453439.014549536    ","서울특별시 종로구 명륜2가 182-1 지상1층 "
"3000000-101-1990-00508","권서방네 순대국","198263.32501667     ","452184.202646572    ","서울특별시 종로구 청진동 28-0 "
"3000000-101-1990-00725","(주)토속촌삼계탕","197428.945318005    ","452814.807872225    ","서울특별시 종로구 체부동 85-1 지상1층(체부동 86-1,2,3) "
"3000000-101-1990-00902","한국관","199658.55506796     ","453782.816291273    ","서울특별시 종로구 명륜1가 83-5 "
"3000000-101-1990-01057","우미옥","200285.462440272    ","452595.765799752    ","서울특별시 종로구 충신동 73-3 "
"3000000-101-1990-01070","홍콩반점 0410","200202.422227019    ","453256.751921498    ","서울특별시 종로구 동숭동 1-105 지하동 1층호"
"3000000-101-1990-01071","할머니두부집","196188.676804345    ","456211.92274867     ","서울특별시 종로구 구기동 85-9 "
"3000000-101-1990-01072","ELVIS 엘비스","199686.720310761    ","453519.26741939     ","서울특별시 종로구 명륜3가 122-1 지하1층 "
"3000000-101-1990-01257","장군족발보쌈","198881.740672767    ","452357.294138759    ","서울특별시 종로구 낙원동 49-0 "
"3000000-101-1990-01258","통나무식당","198872.949115346    ","452367.004193038    ","서울특별시 종로구 낙원동 45-3 "
"3000000-101-1990-01260","씨비스킷 커피(SEABISCUIT COFFEE)","199701.307331401    ","453647.610054701    ","서울특별시 종로구 명륜2가 130 "
"3000000-101-1990-01457","유가네닭갈비 대학로점","200242.814881371    ","453309.573992866    ","서울특별시 종로구 동숭동 1-76 1층 "
"3000000-101-1990-01462","이자카야 소우","197732.958482814    ","452124.39780361     ","서울특별시 종로구 당주동 17-1 지상1층 "
"3000000-101-1990-01712","금문장","201358.435563212    ","452701.258091567    ","서울특별시 종로구 숭인동 61-30 (1층) "
"3000000-101-1990-01743","한정","197190.046592905    ","451866.707175982    ","서울특별시 종로구 신문로2가 33-0 "
"3000000-101-1990-01761","광화문 등심당","197662.503910553    ","452189.09236786     ","서울특별시 종로구 당주동 5 로얄빌딩 "
"3000000-101-1990-01952","서촌 인왕식당","197250.38543814     ","453135.451266411    ","서울특별시 종로구 통인동 27-2 "
"3000000-101-1990-03077","동해루","199474.745604694    ","451912.63802316     ","서울특별시 종로구 장사동 128-3 지상2층 "
"3000000-101-1990-03102","잇츠 꽈배기","200533.453584269    ","452156.900282796    ","서울특별시 종로구 종로6가 129-1 "
"3000000-101-1990-03843","문카페(Moon cafe)","198848.476178186    ","452412.111191926    ","서울특별시 종로구 낙원동 6-0 "
"3000000-101-1990-03991","명동 면옥","198672.779790299    ","452327.844612238    ","서울특별시 종로구 관훈동 197-4 "
"3000000-101-1990-04076","잃어버린도시마야","200114.951195492    ","453421.325549781    ","서울특별시 종로구 동숭동 1-35 지하1층 "
"3000000-101-1990-04078","한잔할청춘아","199788.974502247    ","453403.542779937    ","서울특별시 종로구 명륜4가 194-1 "
"3000000-101-1990-04195","퀸(Queen) 101","199984.706065202    ","453441.79158575     ","서울특별시 종로구 명륜4가 12-3 "
"3000000-101-1990-04451","제주면장","197273.80736471     ","455997.072640167    ","서울특별시 종로구 평창동 210 지상1층 "
"3000000-101-1990-04498","포차야","199743.294589738    ","453529.00369153     ","서울특별시 종로구 명륜2가 148 "
"3000000-101-1990-04697","한상훈 셰프","197733.39181877     ","456346.84737021     ","서울특별시 종로구 평창동 66-50 킴스관광호텔 "
"3000000-101-1990-05650","천하명가","201875.881162742    ","452437.940796721    ","서울특별시 종로구 숭인동 1412-0 "
"3000000-101-1990-05725","반저","200182.235978058    ","453412.12856903     ","서울특별시 종로구 동숭동 1-49 "
"3000000-101-1990-06206","흐린세상 건너기","198621.929172863    ","452507.227893661    ","서울특별시 종로구 관훈동 84-20 "
"3000000-101-1990-06261","메르시(Merci)","199911.081164033    ","453896.727840223    ","서울특별시 종로구 명륜1가 36-52 "
"3000000-101-1990-06268","혜화 오름","200012.482953711    ","453563.050943222    ","서울특별시 종로구 명륜2가 19 "
"3000000-101-1990-06328","포장마차","201627.475436833    ","452363.525911978    ","서울특별시 종로구 숭인동 228-5 1층 "
"3000000-101-1990-06430","천하장사","198762.365347362    ","452080.365833284    ","서울특별시 종로구 인사동 126-4 "
"3000000-101-1990-06579","원조부대고기","198825.651840506    ","452995.99450051     ","서울특별시 종로구 계동 140-50 1-2층 "
"3000000-101-1990-06584","OB광장","197559.791065754    ","452388.315239125    ","서울특별시 종로구 내수동 74-0 "
"3000000-101-1990-06629","야젠Ⅱ","199174.38334774     ","452150.778808703    ","서울특별시 종로구 돈의동 125-1 (지상1층) "
"3000000-101-1990-06995","안동칼국수","198848.164819482    ","452996.179733356    ","서울특별시 종로구 계동 140-8 "
"3000000-101-1990-07003","올리브떡볶이(동묘점)","201334.426495072    ","452522.963236492    ","서울특별시 종로구 숭인동 65-18 지상1층 "
"3000000-101-1990-08179","미성","198970.718272131    ","452678.120561408    ","서울특별시 종로구 운니동 98-62 "
"3000000-101-1990-11210","보약국수","201875.881162742    ","452437.940796721    ","서울특별시 종로구 숭인동 1412 "
"3000000-101-1991-00304","다락정","198296.878758885    ","453881.315042773    ","서울특별시 종로구 삼청동 127 지상1층 "
"3000000-101-1991-00448","궁안에 개성만두","198633.008601125    ","452458.715787238    ","서울특별시 종로구 관훈동 30-15 "
"3000000-101-1991-00474","우리집","201262.989673211    ","452560.819890603    ","서울특별시 종로구 창신동 68-0 "
"3000000-101-1991-00490","명륜동식당","200038.162723932    ","453368.830317198    ","서울특별시 종로구 명륜4가 31-2 "
"3000000-101-1991-00499","명륜손칼국수","199832.361271814    ","454124.470477345    ","서울특별시 종로구 명륜1가 31-23 "
"3000000-101-1991-00549","효제","200154.871292719    ","452602.316228527    ","서울특별시 종로구 연건동 190-10 "
"3000000-101-1991-00684","한일식당","199147.760577643    ","451956.53315786     ","서울특별시 종로구 관수동 43-2 "
"3000000-101-1991-00737","인사동 안집","198655.062706316    ","452518.532127704    ","서울특별시 종로구 관훈동 84-5 "
"3000000-101-1991-00784","뒷뜰안에닭한마리","199886.238490726    ","452202.169957494    ","서울특별시 종로구 인의동 29-0 지상1층 "
"3000000-101-1991-01046","정미네 참새방앗간","201428.060307191    ","452388.604645302    ","서울특별시 종로구 숭인동 125 "
"3000000-101-1991-01074","나주댁육회","199994.603050294    ","452036.931243466    ","서울특별시 종로구 종로5가 138-9 "
"3000000-101-1991-01076","세검정 흑염소 식당","196507.736993109    ","455475.00179306     ","서울특별시 종로구 신영동 131-1 "
"3000000-101-1991-01253","전주골갈비","199163.20444984     ","452128.836958606    ","서울특별시 종로구 돈의동 123 "
"3000000-101-1991-01255","거구","197348.054135468    ","452906.72919169     ","서울특별시 종로구 체부동 20-0 "
"3000000-101-1991-01262","만미옥","199335.937293364    ","452154.808967497    ","서울특별시 종로구 봉익동 111 "
"3000000-101-1991-01263","쟁반집","200481.891918348    ","451991.789990364    ","서울특별시 종로구 종로5가 281-10 "
"3000000-101-1991-01264","장수삼계탕","198918.099510597    ","452235.88369074     ","서울특별시 종로구 낙원동 236-1 "
"3000000-101-1991-01273","더우리곱창 분점","200335.808493398    ","451995.043791143    ","서울특별시 종로구 종로5가 225-6 "
"3000000-101-1991-01274","육회자매집(본점)","199920.493510457    ","452031.129171537    ","서울특별시 종로구 종로4가 177  (지상1층) "
"3000000-101-1991-01341","술복궁","197470.775800309    ","452685.25845561     ","서울특별시 종로구 내자동 1-2 "
"3000000-101-1991-01580","원남족발막국수","199686.812431867    ","452508.3724646      ","서울특별시 종로구 원남동 248 "
"3000000-101-1991-01766","정통삼계탕","201874.482672754    ","452383.938751703    ","서울특별시 종로구 숭인동 1417-0 "
"3000000-101-1991-02040","지하철호프","201954.453030707    ","452735.716623212    ","서울특별시 종로구 숭인동 1178-0 "
"3000000-101-1991-02060","의정부부대고기","198768.345806315    ","453022.506181486    ","서울특별시 종로구 계동 140-41 지하동 "
"3000000-101-1991-02212","빙동댕 종로점","199843.30610609     ","452284.779063669    ","서울특별시 종로구 연지동 174 "
"3000000-101-1991-03347","생맛싸먹","200001.339712759    ","453409.023513849    ","서울특별시 종로구 명륜4가 42-1 지상1층 "
"3000000-101-1991-03458","경성주막1929 경복궁역점","197482.188408438    ","452684.539178659    ","서울특별시 종로구 내자동 1-3 지상2층 "
"3000000-101-1991-03462","농가 해물누룽지탕","198462.656695463    ","452539.558079788    ","서울특별시 종로구 관훈동 144 "
"3000000-101-1991-04066","선비와마부","198768.021737789    ","452035.783905131    ","서울특별시 종로구 인사동 107-0 "
"3000000-101-1991-04197","뉴욕야시장 대학로점","200066.035814186    ","453389.096634093    ","서울특별시 종로구 명륜4가 22-1 "
"3000000-101-1991-04203","가르텐 비어","199217.330753904    ","451974.244323975    ","서울특별시 종로구 종로3가 132-1 "
"3000000-101-1991-04213","블루노트","200005.092278654    ","453246.43399897     ","서울특별시 종로구 명륜4가 121-0 "
"3000000-101-1991-04533","이반레스토랑","201770.687981914    ","452337.690748925    ","서울특별시 종로구 숭인동 202-13 "
"3000000-101-1991-04574","다원","198073.703825354    ","452570.618218553    ","서울특별시 종로구 중학동 110-2 "
"3000000-101-1991-05624","현대옥 광화문점","197775.323113195    ","452090.551026171    ","서울특별시 종로구 당주동 22-1 "
"3000000-101-1991-05739","돌담집","198882.787147027    ","453019.957401185    ","서울특별시 종로구 원서동 136-6 "
"3000000-101-1991-06272","어심","198927.266407644    ","452352.097462562    ","서울특별시 종로구 낙원동 59-4 지상1층 "
"3000000-101-1991-06286","동숭골","200321.041907982    ","453153.361814617    ","서울특별시 종로구 동숭동 130-55 "
"3000000-101-1991-06412","브루다커피 그랑서울점","198310.788196643    ","452165.849937415    ","서울특별시 종로구 청진동 62-2 "
"3000000-101-1991-06416","홍아네","201013.719472594    ","452058.667666755    ","서울특별시 종로구 창신동 430-5 "
"3000000-101-1991-06423","소문난분식","199903.450529938    ","452166.781168531    ","서울특별시 종로구 인의동 38-0 "
"3000000-101-1991-06436","계경 순대국동묘역점","201341.792748593    ","452222.308389227    ","서울특별시 종로구 숭인동 313-14 "
"3000000-101-1991-06439","커피베이 동대문역점","200885.384519709    ","452183.368513354    ","서울특별시 종로구 창신동 559-0 "
"3000000-101-1991-06486","빽다방 동대문역점","200811.925354029    ","452162.569488435    ","서울특별시 종로구 창신동 696-1 "
"3000000-101-1991-06540","만복국수 종로3가점","198939.59376248     ","452197.789326773    ","서울특별시 종로구 낙원동 225 (지상1층) "
"3000000-101-1991-06543","소살리토","198817.753689913    ","452227.642682917    ","서울특별시 종로구 낙원동 285-0 "
"3000000-101-1991-06578","비텔로 소띠","197526.584762139    ","452748.255112507    ","서울특별시 종로구 통의동 35-44 "
"3000000-101-1991-06583","만가","197308.571875096    ","452678.519807871    ","서울특별시 종로구 필운동 206 (지상1층) "
"3000000-101-1991-06715","오디커피(OD coffee)","199652.817727188    ","453552.062000606    ","서울특별시 종로구 명륜3가 82-3 "
"3000000-101-1991-06884","시골장터","201876.090422135    ","452396.747746003    ","서울특별시 종로구 숭인동 1416-0 "
"3000000-101-1991-06946","오딧세이투","198640.02434589     ","451907.062483683    ","서울특별시 종로구 관철동 19-11 "
"3000000-101-1991-06950","장수촌 풍천장어","198797.140043517    ","451887.51214766     ","서울특별시 종로구 관철동 7-5 "
"3000000-101-1991-07204","애드","197836.587371411    ","452046.256276552    ","서울특별시 종로구 세종로 200-0 "
"3000000-101-1991-08055","동아리","198756.952816017    ","452027.35432289     ","서울특별시 종로구 인사동 83-0 "
"3000000-101-1992-00492","향연","197338.644644339    ","452565.570189955    ","서울특별시 종로구 내자동 160-0 "
"3000000-101-1992-00544","원조식당","200460.416113756    ","452248.767329542    ","서울특별시 종로구 종로6가 240-6 "
"3000000-101-1992-00614","도마","198684.305547947    ","452388.229148204    ","서울특별시 종로구 관훈동 15-1 "
"3000000-101-1992-00628","안국약방","198704.653829962    ","452786.978537737    ","서울특별시 종로구 재동 91-0 "
"3000000-101-1992-00685","로얄 바베큐","198254.495292499    ","452195.135043059    ","서울특별시 종로구 청진동 9-0 "
"3000000-101-1992-00702","서울식당","200358.209465371    ","452004.246731049    ","서울특별시 종로구 종로5가 225-24 "
"3000000-101-1992-01017","도도야","200305.580788682    ","453077.630998173    ","서울특별시 종로구 동숭동 1-153 "
"3000000-101-1992-01020","광주곱창","200362.633187419    ","452003.65605706     ","서울특별시 종로구 종로5가 225-23 "
"3000000-101-1992-01028","다운타우너(Downtowner)","198721.210466349    ","452796.077439425    ","서울특별시 종로구 재동 85-3 "
"3000000-101-1992-01035","정삼품순대","201008.214877159    ","452160.970867516    ","서울특별시 종로구 창신동 521 "
"3000000-101-1992-01102","베데스다식당","198624.006469032    ","452310.752960617    ","서울특별시 종로구 관훈동 197-28 백상빌딩 지하동  1-5호"
"3000000-101-1992-01121","동대문곱창","200321.574846329    ","451998.444448484    ","서울특별시 종로구 종로5가 225-33 "
"3000000-101-1992-01122","할머니곱창","200335.808493398    ","451995.043791143    ","서울특별시 종로구 종로5가 225-6 "
"3000000-101-1992-01124","궁나라냉면.묵밥","201333.746164991    ","452738.954838855    ","서울특별시 종로구 숭인동 56-38 "
"3000000-101-1992-01131","장원","199949.147945179    ","453850.973428587    ","서울특별시 종로구 혜화동 74-16 "
"3000000-101-1992-01137","메밀꽃필무렵","198784.679580833    ","452313.754207354    ","서울특별시 종로구 낙원동 283-6 "
"3000000-101-1992-01140","큰 기와집","198650.193346844    ","452938.939151846    ","서울특별시 종로구 재동 49-3 "
"3000000-101-1992-01147","일등집","200854.437678843    ","452263.322447561    ","서울특별시 종로구 창신동 651-77 (지상1층) "
"3000000-101-1992-01149","속초식당","201236.543011311    ","451980.76162207     ","서울특별시 종로구 창신동 436-64 라동가열 6호호"
"3000000-101-1992-01249","팔도식당","199246.35382655     ","452153.495899362    ","서울특별시 종로구 묘동 35-1 "
"3000000-101-1992-01347","드링크 갤러리","198711.751375131    ","452449.206885429    ","서울특별시 종로구 경운동 64-13 (지상2층) "
"3000000-101-1992-01441","순천식당","198974.253086064    ","452087.114832796    ","서울특별시 종로구 낙원동 206 "
"3000000-101-1992-01504","정선할매곤드레","198691.854959589    ","452424.26564589     ","서울특별시 종로구 관훈동 29-7 지상1층 "
"3000000-101-1992-01519","통나무집","199792.102313262    ","452385.320863296    ","서울특별시 종로구 연지동 74-2 "
"3000000-101-1992-01582","이수육","198743.189527622    ","451823.235571773    ","서울특별시 종로구 관철동 11-24 "
"3000000-101-1992-01610","방배 대구막창 갈매기살","200001.227463058    ","453388.885741094    ","서울특별시 종로구 명륜4가 41-8 "
"3000000-101-1992-01772","양반촌","197244.689083644    ","453803.204173748    ","서울특별시 종로구 청운동 50-31 "
"3000000-101-1992-01861","돼지갈비집","201587.468296566    ","452146.484759905    ","서울특별시 종로구 숭인동 234-32 "
"3000000-101-1992-02090","청수정","198313.935161906    ","453472.053996002    ","서울특별시 종로구 삼청동 80-6 "
"3000000-101-1992-02149","강원식당","198706.576103155    ","451810.647699719    ","서울특별시 종로구 관철동 11-11 "
"3000000-101-1992-02213","명동찌개 그리고 고기","200262.937122356    ","452202.887589142    ","서울특별시 종로구 효제동 227-0 "
"3000000-101-1992-02217","금성식당","201327.789062509    ","452613.734577204    ","서울특별시 종로구 숭인동 65-1 "
"3000000-101-1992-02267","이탈리안에스프레소커피","198228.812283159    ","451964.801402478    ","서울특별시 종로구 서린동 79-1 "
"3000000-101-1992-03223","도스타코스(DOSTACOS)","199776.722235712    ","453435.035824031    ","서울특별시 종로구 명륜3가 151-2 "
"3000000-101-1992-03243","동아냉면 혜화점","200285.865437991    ","453215.079141585    ","서울특별시 종로구 동숭동 1-89 "
"3000000-101-1992-03559","광화문 사람들","197673.919714838    ","452123.434528869    ","서울특별시 종로구 당주동 160-0 지하1층 20호  "
"3000000-101-1992-03702","골목집","197582.047799155    ","452684.858894526    ","서울특별시 종로구 적선동 22-0 "
"3000000-101-1992-04110","종로호프","199223.936253661    ","452245.651834309    ","서울특별시 종로구 묘동 22-3 "
"3000000-101-1992-04113","청사초롱","198762.365347362    ","452080.365833284    ","서울특별시 종로구 인사동 126-4 "
"3000000-101-1992-04120","코비","200285.865437991    ","453215.079141585    ","서울특별시 종로구 동숭동 1-89 "
"3000000-101-1992-04320","레드폭스","199205.910150003    ","452090.58185302     ","서울특별시 종로구 묘동 203-1 지상2층 "
"3000000-101-1992-04363","해변마을과 싱싱해물나라","198600.653290221    ","451865.553162137    ","서울특별시 종로구 관철동 175 "
"3000000-101-1992-04385","아티장크로아상","198747.940364991    ","453032.081442269    ","서울특별시 종로구 계동 117-1 "
"3000000-101-1992-04999","은혜식당","196348.108640868    ","455262.671171329    ","서울특별시 종로구 홍지동 102-1 "
"3000000-101-1992-05716","인쌩맥주 대학로점","200163.533936465    ","453385.896458574    ","서울특별시 종로구 동숭동 1-55 "
"3000000-101-1992-05913","태원","198563.247028737    ","452106.868857285    ","서울특별시 종로구 인사동 250-0 지상1층 "
"3000000-101-1992-05985","치치 대학로점","200147.152110727    ","453355.55433032     ","서울특별시 종로구 동숭동 1-57 지상2층 "
"3000000-101-1992-06100","종로호프","200385.831662154    ","452045.719812887    ","서울특별시 종로구 종로5가 245-0 "
"3000000-101-1992-06122","종로수제비","198750.318908635    ","452837.575140045    ","서울특별시 종로구 계동 145-0 "
"3000000-101-1992-06462","명신식당","199677.482405784    ","453546.852921457    ","서울특별시 종로구 명륜3가 118-2 "
"3000000-101-1992-06465","우마이당고 안국 니","198747.390785478    ","453069.684974539    ","서울특별시 종로구 계동 100-3 "
"3000000-101-1992-06467","바나프레소 광화문역점","197657.298110478    ","452243.596729853    ","서울특별시 종로구 당주동 2-2 영진빌딩 101호 "
"3000000-101-1992-06470","제일분식","200859.972095398    ","452490.537968816    ","서울특별시 종로구 창신동 646-6 "
"3000000-101-1992-06473","(주)참치공방","198549.410568112    ","452047.028312118    ","서울특별시 종로구 인사동 263-0 "
"3000000-101-1992-06591","이서방양념치킨 효자본점","197380.26633585     ","452991.015172256    ","서울특별시 종로구 통인동 147-2 지하1층 "
"3000000-101-1992-06724","Banff(벤프)","199575.557348479    ","453969.013671248    ","서울특별시 종로구 명륜3가 2-33 "
"3000000-101-1992-06983","예술국수","198683.921521771    ","452300.685383031    ","서울특별시 종로구 인사동 183-4 "
"3000000-101-1992-07074","김가네","199859.45486937     ","453385.801233874    ","서울특별시 종로구 명륜4가 183 "
"3000000-101-1992-08013","실비집","200982.10454185     ","452280.9762548      ","서울특별시 종로구 창신동 142-33 지상1층 "
"3000000-101-1992-08112","소문난갈비","200883.77108594     ","452203.709666339    ","서울특별시 종로구 창신동 567-1 "
"3000000-101-1992-10487","남자주방(男子廚房)","199762.990743271    ","453433.555223227    ","서울특별시 종로구 명륜3가 152-0 "
"3000000-101-1992-10496","해물데이트","197330.127993566    ","452511.399303743    ","서울특별시 종로구 내자동 174 1층 "
"3000000-101-1993-00004","전주집","200078.609205934    ","452158.608873517    ","서울특별시 종로구 효제동 318-1 지상1층 "
"3000000-101-1993-00009","진영이네","199472.69675407     ","451941.795996738    ","서울특별시 종로구 장사동 109-1 지상1층 "
"3000000-101-1993-00010","(주)캠퍼스 서울대학교병원 장례식장","199884.542817692    ","453159.275389535    ","서울특별시 종로구 연건동 28-2 "
"3000000-101-1993-00012","독립밀방","196452.98642822     ","452269.315010213    ","서울특별시 종로구 행촌동 209-11 지상1층 "
"3000000-101-1993-00021","종로찌게마을","198899.561566609    ","452372.660483958    ","서울특별시 종로구 낙원동 53-1 지상1층 "
"3000000-101-1993-00026","산촌","198699.158521077    ","452388.063917353    ","서울특별시 종로구 관훈동 14-0 지상1층 "
"3000000-101-1993-00049","종로진낙지","198967.408486581    ","452202.113322834    ","서울특별시 종로구 낙원동 139 139-1번지 "
"3000000-101-1993-00059","부남회관","200423.953829231    ","452166.745898942    ","서울특별시 종로구 효제동 175-13 지상1층 "
"3000000-101-1993-00074","유진식당","198897.360201689    ","452193.556713956    ","서울특별시 종로구 낙원동 221-0 지상1층 "
"3000000-101-1993-00075","곱창고","200003.723812071    ","453551.279573056    ","서울특별시 종로구 명륜2가 20-2 지상1층 "
"3000000-101-1993-00078","삼미식당","199626.367899989    ","451935.026453964    ","서울특별시 종로구 예지동 68 지상1층 "
"3000000-101-1993-00080","이화식당","200326.501267111    ","452715.863481858    ","서울특별시 종로구 이화동 90-16 지상1층 "
"3000000-101-1993-00086","뉘조","198624.577739062    ","452535.997801831    ","서울특별시 종로구 관훈동 84-13 "
"3000000-101-1993-00087","남원 추어탕","200556.794926874    ","452190.238518288    ","서울특별시 종로구 종로6가 36 지상1층 "
"3000000-101-1993-00091","피마길 낙지 실비집","198186.892258296    ","452130.292440423    ","서울특별시 종로구 청진동 141 지상1층 "
"3000000-101-1993-00101","양서식당","201146.054898432    ","452036.648724705    ","서울특별시 종로구 창신동 419-4 지상1층 "
"3000000-101-1993-00105","황금포차 (보쌈, 족발)","200900.671862414    ","452307.327730531    ","서울특별시 종로구 창신동 582-35 지상1층 "
"3000000-101-1993-00111","핑크한복","197627.749214364    ","452643.456946147    ","서울특별시 종로구 적선동 9-1 지상1층 "
"3000000-101-1993-00112","홍민생등심","199732.922358931    ","452435.513921974    ","서울특별시 종로구 인의동 2-0 지상1,2층 "
"3000000-101-1993-00127","백부장집 2호점","198387.495374669    ","452161.344973973    ","서울특별시 종로구 공평동 133 "
"3000000-101-1993-00132","돈까스보라","200080.035792644    ","452877.078671172    ","서울특별시 종로구 연건동 132-2 지상1층 "
"3000000-101-1993-00140","육쌈냉면 낙원점","198930.116728102    ","452214.822827278    ","서울특별시 종로구 낙원동 229-0 지상1층 "
"3000000-101-1993-00149","(주)석파랑","196276.520134454    ","455212.426301035    ","서울특별시 종로구 홍지동 125 "
"3000000-101-1993-00161","개미식당","199905.311325715    ","453406.126611279    ","서울특별시 종로구 명륜4가 58-2 지상1층 "
"3000000-101-1993-00174","청국장 밥","199930.263028497    ","452166.426332012    ","서울특별시 종로구 종로5가 114-0 지상1층 "
"3000000-101-1993-00378","연풍","200387.544613004    ","452016.784453428    ","서울특별시 종로구 종로5가 246-5 "
"3000000-101-1993-00445","고씨네 동해막국수","198572.17023181     ","452468.938369067    ","서울특별시 종로구 관훈동 68-0 "
"3000000-101-1993-00706","더 베란다(The Verandah)","199986.249110599    ","452134.714370633    ","서울특별시 종로구 종로5가 104-9 1층 "
"3000000-101-1993-01091","문화공간 아리랑","198314.331765012    ","453279.038085288    ","서울특별시 종로구 화동 50 "
"3000000-101-1993-01094","종로식당","200468.524995119    ","452256.179702434    ","서울특별시 종로구 종로6가 241-9 "
"3000000-101-1993-01099","섬진강민물장어","197536.599364928    ","456178.428174823    ","서울특별시 종로구 평창동 42 1층 "
"3000000-101-1993-01104","자하손만두","196931.446090605    ","454534.587515241    ","서울특별시 종로구 부암동 245-2 지하1층 "
"3000000-101-1993-01106","북촌 김치 재","198710.518758892    ","452837.058722338    ","서울특별시 종로구 재동 84-10 "
"3000000-101-1993-01359","순대와 감자탕","198767.191556551    ","452042.598241871    ","서울특별시 종로구 인사동 106-0 "
"3000000-101-1993-01361","송가네 민물장어","197493.522572525    ","453025.08222271     ","서울특별시 종로구 창성동 127-3 "
"3000000-101-1993-01363","애찬 감자탕 전문","197255.055395451    ","452553.656279032    ","서울특별시 종로구 필운동 292-0 "
"3000000-101-1993-02082","연합회관 한식부","200008.831492823    ","452291.335627477    ","서울특별시 종로구 연지동 136-56 "
"3000000-101-1993-02118","비어오크","200094.575147705    ","452970.803305174    ","서울특별시 종로구 연건동 37-0 "
"3000000-101-1993-02119","진미식당","196228.146333802    ","452500.482860847    ","서울특별시 종로구 무악동 45-313 "
"3000000-101-1993-03056","안래홍","198396.928857673    ","452158.147899817    ","서울특별시 종로구 공평동 132 "
"3000000-101-1993-03165","래빈","199225.382982201    ","452167.838996589    ","서울특별시 종로구 묘동 70-1 "
"3000000-101-1993-03361","함지박순대","201670.874866846    ","452351.512689845    ","서울특별시 종로구 숭인동 217-1 지상1층 "
"3000000-101-1993-03381","북촌 가마솥 순두부","198683.921521771    ","452300.685383031    ","서울특별시 종로구 인사동 183-4 지상2층 "
"3000000-101-1993-03414","(주) 디에이치알","200275.072913828    ","452676.266760064    ","서울특별시 종로구 이화동 125 1층 "
"3000000-101-1993-03434","술패도니","198568.822512042    ","451908.264003731    ","서울특별시 종로구 관철동 19-21 지상2층 "
"3000000-101-1993-03439","bobos(보보스)","197397.284209115    ","452669.83542629     ","서울특별시 종로구 내자동 19 (지하1층) "
"3000000-101-1993-03452","아리랑호프","201306.20400973     ","452808.778405277    ","서울특별시 종로구 숭인동 55-5 지하1층 "
"3000000-101-1993-03455","식","200258.363073595    ","453188.369609534    ","서울특별시 종로구 동숭동 1-93 지하1층 "
"3000000-101-1993-03491","조선 식당","200120.54634178     ","453378.347646612    ","서울특별시 종로구 동숭동 1-33 지하1층 "
"3000000-101-1993-03736","봉희설렁탕","198647.455779779    ","452352.508311786    ","서울특별시 종로구 관훈동 196-6 "
"3000000-101-1993-04095","참선애 샤브샤브칼국수","196881.585998335    ","451682.368379486    ","서울특별시 종로구 교남동 10-0 지하1층 "
"3000000-101-1993-04438","누크","198619.725495317    ","451963.108329489    ","서울특별시 종로구 종로2가 84-6 "
"3000000-101-1993-04624","HW컨벤션센터","196582.640025011    ","454989.617922407    ","서울특별시 종로구 부암동 186-2 하림각본관 1층 "
"3000000-101-1993-05603","화산","197457.224618825    ","452777.549539245    ","서울특별시 종로구 체부동 45-1 지상2층 "
"3000000-101-1993-05613","유정식당","199113.412184833    ","452627.244712776    ","서울특별시 종로구 와룡동 97-1 지상1층 "
"3000000-101-1993-05728","오두막","197794.221091725    ","452132.978062875    ","서울특별시 종로구 도렴동 150-6,7 "
"3000000-101-1993-05763","동원참치 종로5가점","200078.609205934    ","452158.608873517    ","서울특별시 종로구 효제동 318-1  동  호"
"3000000-101-1993-05851","코지필(cozy feel)","199962.604990631    ","453436.638718613    ","서울특별시 종로구 명륜4가 47-0 지상1층 "
"3000000-101-1993-05852","서울 매운탕","199920.588092606    ","452009.705401156    ","서울특별시 종로구 종로4가 165-12 지상1층 "
"3000000-101-1993-05864","옛날농장","199893.822178158    ","453364.467082849    ","서울특별시 종로구 명륜4가 173-1 지상1층 "
"3000000-101-1993-05891","고창집 별관","200381.425149709    ","452032.840004616    ","서울특별시 종로구 종로5가 246-2 지상1층 "
"3000000-101-1993-05895","인사동 칼국수","198643.543485167    ","452199.798612424    ","서울특별시 종로구 인사동 194-4 지하1층 25,26,31호 "
"3000000-101-1993-05937","장수갈비,흑염소","200944.353734734    ","452331.440504129    ","서울특별시 종로구 창신동 142-2 지상1층 "
"3000000-101-1993-05938","혜화 쭈꾸미","199978.593194968    ","453422.661903562    ","서울특별시 종로구 명륜4가 46-2 1층 "
"3000000-101-1993-05956","Sam Cooke(샘쿡)","199910.345832761    ","453393.909333823    ","서울특별시 종로구 명륜4가 64-2 지상1,2층 "
"3000000-101-1993-05968","진보식당","199890.821497836    ","453938.392488409    ","서울특별시 종로구 명륜1가 36-37 지상1층 "
"3000000-101-1993-05990","전대포","199723.347794924    ","453565.897387933    ","서울특별시 종로구 명륜2가 143-9 지상1층 "
"3000000-101-1993-06000","도토리편백집","200023.629124249    ","453510.946651784    ","서울특별시 종로구 명륜2가 24-1 지상2층 "
"3000000-101-1993-06080","토장집","201117.846179011    ","452199.493800004    ","서울특별시 종로구 창신동 382-0 "
"3000000-101-1993-06451","더솔키친","197594.825061712    ","452681.342352739    ","서울특별시 종로구 적선동 21-0 "
"3000000-101-1993-06459","꼬치오뎅","199869.958399202    ","453497.646561018    ","서울특별시 종로구 명륜2가 169-1 "
"3000000-101-1993-06476","공릉동 멸치국수","201099.965086632    ","452199.049383115    ","서울특별시 종로구 창신동 380-0 "
"3000000-101-1993-06600","지성분식","199962.604990631    ","453436.638718613    ","서울특별시 종로구 명륜4가 47-0 "
"3000000-101-1993-06635","임진강민물","199373.032774591    ","452116.38121035     ","서울특별시 종로구 봉익동 95-2 "
"3000000-101-1993-06636","전주집","199029.582980728    ","452031.423021858    ","서울특별시 종로구 종로3가 5 "
"3000000-101-1993-06658","밀밭분식","199969.459458553    ","453437.965173952    ","서울특별시 종로구 명륜4가 46-4 "
"3000000-101-1993-06731","장혁민의 부대찌개 / 인생제육 종로점","198760.845455105    ","451849.198415207    ","서울특별시 종로구 관철동 12-3 "
"3000000-101-1993-06741","준","199410.28666716     ","451986.703024131    ","서울특별시 종로구 종로3가 162-0 "
"3000000-101-1993-06979","삼방매","198574.551543628    ","452697.721353822    ","서울특별시 종로구 안국동 160-2 "
"3000000-101-1993-07085","진미식당","201197.257084082    ","452009.147712108    ","서울특별시 종로구 창신동 411-7 "
"3000000-101-1993-07993","싱싱실내마차","201089.989130434    ","452192.646040943    ","서울특별시 종로구 창신동 378-0 지상1층 "
"3000000-101-1993-07998","영삼이네 우정소갈비 서촌점","197385.478858353    ","452676.050178151    ","서울특별시 종로구 내자동 20-0 지상1층 "
"3000000-101-1993-08056","좋은씨앗","198615.10372529     ","452482.447555837    ","서울특별시 종로구 관훈동 61-0  동  호"
"3000000-101-1993-08057","(주)이원투다리","200883.062628972    ","452530.632630282    ","서울특별시 종로구 창신동 583-95 1층 "
"3000000-101-1993-08059","한양집","199116.576679362    ","452313.32782641     ","서울특별시 종로구 돈의동 12 "
"3000000-101-1993-08061","돈존 참나무 장작구이","198549.410568112    ","452047.028312118    ","서울특별시 종로구 인사동 263 "
"3000000-101-1993-08062","종각한우","198549.410568112    ","452047.028312118    ","서울특별시 종로구 인사동 263 "
"3000000-101-1993-10480","유포리돈까스","199768.273124817    ","452358.8932537      ","서울특별시 종로구 인의동 25 지상1층 "
"3000000-101-1993-57129","독립밀방1","196452.98642822     ","452269.315010213    ","서울특별시 종로구 행촌동 209-11 "
"3000000-101-1994-00262","솔트24(Salt24)","198342.66997107     ","452964.761336605    ","서울특별시 종로구 소격동 149-6 지상1층 "
"3000000-101-1994-00263","서울 돈까스","200481.891918348    ","451991.789990364    ","서울특별시 종로구 종로5가 281-10 지상1층 "
"3000000-101-1994-00266","인사동두부마을","198722.372834327    ","452368.49379014     ","서울특별시 종로구 관훈동 2-2 "
"3000000-101-1994-00270","대전식당","200365.00557887     ","452022.459456021    ","서울특별시 종로구 종로5가 231-26 "
"3000000-101-1994-00275","베트남 분짜","200885.551030764    ","452212.260924704    ","서울특별시 종로구 창신동 569 지상1층 "
"3000000-101-1994-00279","미도푸드","198700.020467887    ","451827.999539602    ","서울특별시 종로구 관철동 11-13 "
"3000000-101-1994-00280","브이 아이피 참치","198700.020467887    ","451827.999539602    ","서울특별시 종로구 관철동 11-13 지상2층 "
"3000000-101-1994-00284","인사동 청춘수제비","198634.452796188    ","452479.634092427    ","서울특별시 종로구 관훈동 58 지상1층 "
"3000000-101-1994-00296","김밥천국","197482.188408438    ","452684.539178659    ","서울특별시 종로구 내자동 1-3 지상1층 "
"3000000-101-1994-00298","옥정","198611.050808561    ","452502.732047423    ","서울특별시 종로구 관훈동 84-22 "
"3000000-101-1994-00301","뜰아래","198691.018224395    ","452397.485671514    ","서울특별시 종로구 관훈동 29-17 지상1층 "
"3000000-101-1994-00302","부여곱창집","200365.00557887     ","452022.459456021    ","서울특별시 종로구 종로5가 231-26 지상1층 "
"3000000-101-1994-00303","목포곱창","200365.00557887     ","452022.459456021    ","서울특별시 종로구 종로5가 231-26 "
"3000000-101-1994-00371","감나무집","198721.150252708    ","452189.728779146    ","서울특별시 종로구 인사동 153-2 지상1층 "
"3000000-101-1994-00388","대온정","199099.065657983    ","452057.934450913    ","서울특별시 종로구 돈의동 168-0 "
"3000000-101-1994-00470","단(DAN)","197408.016083063    ","452035.763424087    ","서울특별시 종로구 신문로2가 1-155 지상1,2층 "
"3000000-101-1994-00482","홍어마을","198259.834680993    ","452172.470840014    ","서울특별시 종로구 청진동 27 지상1층 "
"3000000-101-1994-00484","포천식당","201339.144556931    ","452864.341290993    ","서울특별시 종로구 숭인동 56-75 "
"3000000-101-1994-00502","서울식당","199307.684781447    ","452227.576009223    ","서울특별시 종로구 봉익동 38-17 "
"3000000-101-1994-00507","연지화","200399.394190684    ","452795.488585504    ","서울특별시 종로구 이화동 28-34 "
"3000000-101-1994-00553","진미식당","201298.04985932     ","452042.301331062    ","서울특별시 종로구 창신동 403-3 ---------- ----동 ----호"
"3000000-101-1994-00562","소반","197569.890782464    ","452670.382754129    ","서울특별시 종로구 적선동 96 "
"3000000-101-1994-00568","하나면옥","199384.19406737     ","451959.170273352    ","서울특별시 종로구 장사동 80 "
"3000000-101-1994-00627","슈퍼비어","200285.849948118    ","452250.995164335    ","서울특별시 종로구 효제동 217-0 "
"3000000-101-1994-00631","핵밥 대학로점","199994.99433034     ","453269.180864145    ","서울특별시 종로구 명륜4가 118-3 "
"3000000-101-1994-00689","송하식당","199759.824970298    ","452500.888322583    ","서울특별시 종로구 원남동 66-51 "
"3000000-101-1994-00772","인사동 화원","198696.597004165    ","452401.11208428     ","서울특별시 종로구 관훈동 29-16  (지상1층) "
"3000000-101-1994-00778","진성","198416.622276479    ","453877.902753141    ","서울특별시 종로구 삼청동 27-12 "
"3000000-101-1994-00871","럭셔리 포장마차","200507.954741319    ","452160.982644791    ","서울특별시 종로구 종로6가 138-1 "
"3000000-101-1994-01639","태양38","198453.475712123    ","452284.043956793    ","서울특별시 종로구 견지동 95-3 지상1층 "
"3000000-101-1994-01641","익선동 자갈치","199174.371843426    ","452124.333386386    ","서울특별시 종로구 돈의동 128-2 "
"3000000-101-1994-01653","부암식당","196851.169690707    ","454502.809691442    ","서울특별시 종로구 부암동 260-22 "
"3000000-101-1994-01965","술이익는마을","199140.481007717    ","452355.502267333    ","서울특별시 종로구 묘동 153-1 "
"3000000-101-1994-02036","대원집","200866.200047669    ","452045.754769625    ","서울특별시 종로구 창신동 444-3 "
"3000000-101-1994-02059","정미소","197741.609023844    ","452137.130805439    ","서울특별시 종로구 당주동 15-7 "
"3000000-101-1994-02067","한방삼계탕","197673.919714838    ","452123.434528869    ","서울특별시 종로구 당주동 160 변호사회관 지하1층 10,11,24호 "
"3000000-101-1994-02072","소문난곱창","200854.437678843    ","452263.322447561    ","서울특별시 종로구 창신동 651-77 "
"3000000-101-1994-02078","오수별채","198697.207028832    ","452415.407665256    ","서울특별시 종로구 관훈동 29-8 "
"3000000-101-1994-02086","우정낙지","198600.044394976    ","451890.546463187    ","서울특별시 종로구 관철동 19-16 신양빌딩 2층 "
"3000000-101-1994-02094","서촌 계단집","197401.596779127    ","452694.427224155    ","서울특별시 종로구 체부동 192-0 "
"3000000-101-1994-02095","정선곤드레쌈밥","198605.355361239    ","452479.949699234    ","서울특별시 종로구 관훈동 62-0 "
"3000000-101-1994-02097","낭창집","199384.19406737     ","451959.170273352    ","서울특별시 종로구 장사동 80-0 "
"3000000-101-1994-02100","지리산신관","198644.310801301    ","452544.74019528     ","서울특별시 종로구 관훈동 84-3 "
"3000000-101-1994-02146","유림","199149.110193766    ","452660.298382959    ","서울특별시 종로구 권농동 166-1 "
"3000000-101-1994-02147","연건삼계탕","200080.679961559    ","452929.998582696    ","서울특별시 종로구 연건동 86 지상 1,2층 "
"3000000-101-1994-02167","파전집","199036.817428007    ","452242.169303991    ","서울특별시 종로구 돈의동 39-6 "
"3000000-101-1994-02177","만나분식","197200.621224708    ","452785.855072088    ","서울특별시 종로구 필운동 105 "
"3000000-101-1994-02179","이서방네 순대국","197263.201772994    ","452717.212241903    ","서울특별시 종로구 필운동 191-0 "
"3000000-101-1994-02190","이마쇼쿠","199909.796584818    ","453367.533676631    ","서울특별시 종로구 명륜4가 62-0 "
"3000000-101-1994-02238","홍가네","200408.419197526    ","453144.519090577    ","서울특별시 종로구 동숭동 129-134 "
"3000000-101-1994-02245","하녹","199009.241503145    ","452626.200303896    ","서울특별시 종로구 운니동 45-1 "
"3000000-101-1994-02248","평야","200119.577809699    ","453492.854407923    ","서울특별시 종로구 혜화동 188-0  동  호"
"3000000-101-1994-02251","율동칼국수","198571.879253918    ","453015.252499022    ","서울특별시 종로구 재동 11-0 "
"3000000-101-1994-02254","건동이네","200440.533142948    ","452134.365994026    ","서울특별시 종로구 종로5가 9-2 "
"3000000-101-1994-02256","열두마당","198758.016265184    ","452059.316341407    ","서울특별시 종로구 인사동 115-1 "
"3000000-101-1994-02269","순대국 리치런치","198913.9949749      ","452366.627105238    ","서울특별시 종로구 낙원동 54-3 "
"3000000-101-1994-02275","향록","198668.03673279     ","452166.976667269    ","서울특별시 종로구 인사동 218-0 "
"3000000-101-1994-03103","옛촌","201298.04985932     ","452042.301331062    ","서울특별시 종로구 창신동 403-3 "
"3000000-101-1994-03120","삼성원","199914.775758708    ","452094.38368523     ","서울특별시 종로구 종로4가 5-0 "
"3000000-101-1994-03270","소살리토","198739.22607859     ","452205.12490564     ","서울특별시 종로구 인사동 155-0 "
"3000000-101-1994-03493","안동국시","198062.887604585    ","451944.499629593    ","서울특별시 종로구 서린동 136 지하1층 "
"3000000-101-1994-03502","대륙","199203.67320369     ","452045.441223018    ","서울특별시 종로구 종로3가 20 지하1층 "
"3000000-101-1994-03507","퍼깐","201949.750623535    ","452643.80457088     ","서울특별시 종로구 숭인동 1248 지상2층 "
"3000000-101-1994-03510","내교향식당","200866.200047669    ","452045.754769625    ","서울특별시 종로구 창신동 444-3 지상2층 "
"3000000-101-1994-04556","Show Box(쇼박스)","198568.77792237     ","451891.299622979    ","서울특별시 종로구 관철동 19-20 "
"3000000-101-1994-04564","선녀와나무꾼","198766.302460985    ","452095.352833387    ","서울특별시 종로구 인사동 129-1 "
"3000000-101-1994-04781","신마라공방","198451.20372143     ","452243.628877399    ","서울특별시 종로구 견지동 109-0 지상2층 "
"3000000-101-1994-04800","더 딤섬(the Dimsum)","198685.817739508    ","451934.801435214    ","서울특별시 종로구 관철동 14-10 "
"3000000-101-1994-04828","한일","199260.723514456    ","452050.064241471    ","서울특별시 종로구 종로3가 26-2 "
"3000000-101-1994-04840","잇닿을 연","198082.271192221    ","452431.827349994    ","서울특별시 종로구 수송동 130-0 "
"3000000-101-1994-04885","비스","197193.942896398    ","451825.421281466    ","서울특별시 종로구 신문로2가 27-0 "
"3000000-101-1994-04889","대학로 고래","199886.754898631    ","453370.157019574    ","서울특별시 종로구 명륜4가 176-1 "
"3000000-101-1994-04900","소친친","199909.796584818    ","453367.533676631    ","서울특별시 종로구 명륜4가 62-0 지상2층 "
"3000000-101-1994-04913","강남면옥 인사점","198782.420105489    ","452244.98614736     ","서울특별시 종로구 인사동 32-2 1층 "
"3000000-101-1994-04939","원대구탕","197567.93800572     ","452276.454633376    ","서울특별시 종로구 내수동 167 대우빌딩 지하동 124호"
"3000000-101-1994-04949","스타벅스 인사점","198781.691802157    ","452210.241271704    ","서울특별시 종로구 인사동 39 "
"3000000-101-1994-04952","뽐모도로","197775.323113195    ","452090.551026171    ","서울특별시 종로구 당주동 22-1 "
"3000000-101-1994-04960","Cakeimade(케이크아이메이드)","199929.415507773    ","453328.584287403    ","서울특별시 종로구 명륜4가 77-2 "
"3000000-101-1994-05616","원조마산아구찜","198923.793253119    ","452283.017174035    ","서울특별시 종로구 낙원동 99-1 지상1층 "
"3000000-101-1994-05621","동원참치광화문본점","197567.849954354    ","452567.159554494    ","서울특별시 종로구 적선동 80 지하1층 22호 "
"3000000-101-1994-05628","레드","198781.691802157    ","452210.241271704    ","서울특별시 종로구 인사동 39-0 지상1층 "
"3000000-101-1994-05755","장군보쌈족발 신관","198899.070878065    ","452341.623744443    ","서울특별시 종로구 낙원동 59-10 "
"3000000-101-1994-05765","양가네 꼼장어","197785.102502387    ","452085.133221612    ","서울특별시 종로구 당주동 23 "
"3000000-101-1994-05966","불닭발 동대문 엽기떡볶이","198403.062908229    ","452180.670203793    ","서울특별시 종로구 공평동 124 지상2층 "
"3000000-101-1994-05967","학이둥지를틀때","198535.114245849    ","452450.474936617    ","서울특별시 종로구 관훈동 168 지상2층 "
"3000000-101-1994-05994","가마솥 닭한마리 (종각역점)","198453.298901231    ","452209.827543243    ","서울특별시 종로구 공평동 9 지상2층 "
"3000000-101-1994-06016","상록","198918.099510597    ","452235.88369074     ","서울특별시 종로구 낙원동 236-1 지상2층 "
"3000000-101-1994-06029","동숭동그릴","200242.025753814    ","453234.076858831    ","서울특별시 종로구 동숭동 1-98 지상1,2층 "
"3000000-101-1994-06054","전주식당","201914.725207249    ","452873.931589932    ","서울특별시 종로구 숭인동 386 지상1층 "
"3000000-101-1994-06058","명성식당","200529.955216271    ","452214.275417762    ","서울특별시 종로구 종로6가 157 "
"3000000-101-1994-06063","비.유.티 (B.U.T)","199905.311325715    ","453406.126611279    ","서울특별시 종로구 명륜4가 58-2 외 2필지(지상2층) "
"3000000-101-1994-06076","불로만 숯불 바베큐","199646.735551872    ","453924.24004175     ","서울특별시 종로구 명륜1가 16-56 "
"3000000-101-1994-06108","서원호프","198690.658978281    ","452665.844737685    ","서울특별시 종로구 경운동 91-1 지하동 "
"3000000-101-1994-06113","더 도어스","199673.08392219     ","453550.761961763    ","서울특별시 종로구 명륜3가 118-1 "
"3000000-101-1994-06129","안토니아스라인","199978.479677324    ","453567.542008225    ","서울특별시 종로구 명륜2가 21-29 "
"3000000-101-1994-06166","마산 아구찜","198921.316372634    ","452310.256279189    ","서울특별시 종로구 낙원동 93 "
"3000000-101-1994-06169","국일영양족발","199022.084326147    ","451835.553559035    ","서울특별시 종로구 관수동 146-5 (2층) "
"3000000-101-1994-06173","시골양념치킨","200728.15516637     ","452871.031490439    ","서울특별시 종로구 창신동 625-9 "
"3000000-101-1994-06184","오죽이네","199115.279309828    ","452389.974405857    ","서울특별시 종로구 익선동 156-0 "
"3000000-101-1994-06188","부산식당","198516.149698164    ","452403.355833823    ","서울특별시 종로구 관훈동 180-0 "
"3000000-101-1994-06198","낙원삼계탕","198977.174329225    ","452072.834746916    ","서울특별시 종로구 낙원동 204-0 "
"3000000-101-1994-06209","성균관 감자탕","199681.162717923    ","453543.185386593    ","서울특별시 종로구 명륜3가 118-3 "
"3000000-101-1994-06277","목우촌","199609.815361773    ","453869.801764414    ","서울특별시 종로구 명륜3가 7-2 "
"3000000-101-1994-06788","대학로민속순대타운(이어도)","200121.813720325    ","453518.007319338    ","서울특별시 종로구 혜화동 185-0 "
"3000000-101-1994-07030","백반식당","198451.20372143     ","452243.628877399    ","서울특별시 종로구 견지동 109-0 "
"3000000-101-1994-07038","페리카나","196976.900007758    ","455920.189242286    ","서울특별시 종로구 평창동 309-1 "
"3000000-101-1994-07051","내고향 제육","200493.558383537    ","452188.129455413    ","서울특별시 종로구 종로6가 244-6 "
"3000000-101-1994-07060","평양손칼국수","199991.769774929    ","453816.317879911    ","서울특별시 종로구 혜화동 74-37 "
"3000000-101-1994-07061","콩밭 경복궁역점","197489.504592428    ","452821.615511565    ","서울특별시 종로구 통의동 64-0 "
"3000000-101-1994-07073","맥덕스","199667.120909134    ","453592.273355784    ","서울특별시 종로구 명륜2가 135-3 지상2층 "
"3000000-101-1994-07108","심우방","198564.182887993    ","452460.768789881    ","서울특별시 종로구 관훈동 70-0 "
"3000000-101-1994-07110","하이트타운","198401.269595527    ","452259.089626161    ","서울특별시 종로구 견지동 110-32 "
"3000000-101-1994-07128","우정분식","200384.626798665    ","451991.132628174    ","서울특별시 종로구 종로5가 493-2 "
"3000000-101-1994-07145","미락김밥","200321.041907982    ","453153.361814617    ","서울특별시 종로구 동숭동 130-55 "
"3000000-101-1994-07152","미야비야(MIYABIYA)","198721.150252708    ","452189.728779146    ","서울특별시 종로구 인사동 153-2  (지상1층) "
"3000000-101-1994-08209","다락","197704.71102851     ","452074.365084547    ","서울특별시 종로구 당주동 37-3 2층 "
"3000000-101-1994-08217","시키고피자효자점","197292.177004582    ","453002.676149687    ","서울특별시 종로구 통인동 134-1 "
"3000000-101-1994-10475","동문식당","200923.800991348    ","452144.045229517    ","서울특별시 종로구 창신동 497-2 지상1층 "
"3000000-101-1994-11788","불닭발 동대문 엽기떡볶이 대학로점","199929.415507773    ","453328.584287403    ","서울특별시 종로구 명륜4가 77-2 지상1층 "
"3000000-101-1995-02283","모이소한마리 정육식당","199037.037451249    ","451968.054144944    ","서울특별시 종로구 종로3가 107-1 2호"
"3000000-101-1995-02302","금강산명인갈비","200137.593813124    ","452414.921344893    ","서울특별시 종로구 효제동 69-4 "
"3000000-101-1995-02319","혜화동 정육식당","199931.184490419    ","453928.931778773    ","서울특별시 종로구 혜화동 16-11 "
"3000000-101-1995-02325","선희가든","200383.296935137    ","452655.39803143     ","서울특별시 종로구 이화동 21 "
"3000000-101-1995-02327","곰마루","196859.864036421    ","451746.035446753    ","서울특별시 종로구 교남동 38-2 "
"3000000-101-1995-02328","고향순대집","201698.23602        ","452366.26540168     ","서울특별시 종로구 숭인동 207-31 "
"3000000-101-1995-02336","장원갈비","201296.55149924     ","452502.014648329    ","서울특별시 종로구 창신동 80-3 1층 "
"3000000-101-1995-02338","국빈행성","200084.563506474    ","452903.778512404    ","서울특별시 종로구 연건동 82-0 "
"3000000-101-1995-02351","옥수산장","198033.717401584    ","456333.74465142     ","서울특별시 종로구 평창동 5-1 "
"3000000-101-1995-02358","정원숯불갈비","199152.399819184    ","452192.588078521    ","서울특별시 종로구 돈의동 105 "
"3000000-101-1995-02363","한옥집","199947.538264644    ","452170.089003748    ","서울특별시 종로구 종로5가 112-0 "
"3000000-101-1995-02367","행운","200178.612496304    ","453538.524052078    ","서울특별시 종로구 혜화동 163-8 "
"3000000-101-1995-02371","옛날보신탕 (돼지집)","200413.306442883    ","452005.624269758    ","서울특별시 종로구 종로5가 247-3 "
"3000000-101-1995-02376","신옛찻집","198509.145604054    ","452439.403011419    ","서울특별시 종로구 관훈동 164-0 지상1층 "
"3000000-101-1995-02387","잣골","200309.358120637    ","453044.212129777    ","서울특별시 종로구 동숭동 187-12 "
"3000000-101-1995-02400","옛날국밥","201501.209609371    ","452283.475570154    ","서울특별시 종로구 숭인동 249-0 "
"3000000-101-1995-02411","이레","198604.257333503    ","452517.316548234    ","서울특별시 종로구 관훈동 84-18 "
"3000000-101-1995-02416","진고개","200924.050472878    ","452200.237951273    ","서울특별시 종로구 창신동 550-1 "
"3000000-101-1995-02418","스마일식당","200233.325781745    ","452026.71320387     ","서울특별시 종로구 종로5가 193-12 "
"3000000-101-1995-02420","북경반점","199506.183606043    ","454029.397330069    ","서울특별시 종로구 명륜3가 1-14 "
"3000000-101-1995-02444","성균관웨딩홀","199554.074424085    ","453721.462706742    ","서울특별시 종로구 명륜3가 53 유림회관 "
"3000000-101-1995-02450","재동순두부","198698.610048482    ","452833.680859946    ","서울특별시 종로구 재동 84-11 "
"3000000-101-1995-02453","한강","198647.455779779    ","452352.508311786    ","서울특별시 종로구 관훈동 196-6 (지상3층) "
"3000000-101-1995-02454","원판철판구이","200332.926472879    ","453168.601372268    ","서울특별시 종로구 동숭동 130-26 "
"3000000-101-1995-02457","종로등심","198944.000253762    ","452330.958703547    ","서울특별시 종로구 낙원동 77 지상1층 "
"3000000-101-1995-02462","(주)킨카패밀리코리아1킨톤라멘대학로점","200180.614971988    ","453354.910382443    ","서울특별시 종로구 동숭동 1-65 "
"3000000-101-1995-02463","사동면옥","198690.082041192    ","452266.198268121    ","서울특별시 종로구 인사동 173-0 "
"3000000-101-1995-02467","카페 이드라","198535.428375066    ","452738.239724946    ","서울특별시 종로구 안국동 82 "
"3000000-101-1995-02471","쉼터산울림","196494.294004324    ","456975.894836708    ","서울특별시 종로구 구기동 10-5 "
"3000000-101-1995-02472","북촌도담","198628.363673562    ","452782.696609317    ","서울특별시 종로구 안국동 133-0 "
"3000000-101-1995-02496","국시방","197673.919714838    ","452123.434528869    ","서울특별시 종로구 당주동 160 "
"3000000-101-1995-02497","종로 함바집","198994.320873397    ","452154.566835944    ","서울특별시 종로구 낙원동 147-0 "
"3000000-101-1995-02504","청원 바베큐 한방통닭","200263.971686005    ","452127.920429803    ","서울특별시 종로구 종로5가 38-1 "
"3000000-101-1995-02506","순라길","199182.03742578     ","452691.598587579    ","서울특별시 종로구 권농동 148-0 "
"3000000-101-1995-02528","김밥천국","199722.464297842    ","453514.55934879     ","서울특별시 종로구 명륜2가 221-0 "
"3000000-101-1995-02531","나래함박","199946.371376276    ","453267.878470524    ","서울특별시 종로구 명륜4가 134-2 "
"3000000-101-1995-02535","콩카페 종로종각점","198597.538104614    ","452131.513188697    ","서울특별시 종로구 인사동 208-0 "
"3000000-101-1995-04973","하늘공원","198781.691802157    ","452210.241271704    ","서울특별시 종로구 인사동 39-0 2층 "
"3000000-101-1995-04975","이강순실비집","198683.921521771    ","452300.685383031    ","서울특별시 종로구 인사동 183-4 (지상1층) "
"3000000-101-1995-04976","피자팔러","200114.951195492    ","453421.325549781    ","서울특별시 종로구 동숭동 1-35 "
"3000000-101-1995-04990","가람","201323.867682221    ","452624.92776598     ","서울특별시 종로구 숭인동 64-1 "
"3000000-101-1995-04996","HW컨벤션센터","196582.640025011    ","454989.617922407    ","서울특별시 종로구 부암동 186-2 하림각본관 지하1층 "
"3000000-101-1995-05009","바이킹","201327.789062509    ","452613.734577204    ","서울특별시 종로구 숭인동 65-1 "
"3000000-101-1995-05016","라이브호프","199163.20444984     ","452128.836958606    ","서울특별시 종로구 돈의동 123 "
"3000000-101-1995-05021","소주한잔","198569.613847118    ","451932.484457259    ","서울특별시 종로구 관철동 18-11 지하1층 "
"3000000-101-1995-05023","다다","196346.490573275    ","455202.582393128    ","서울특별시 종로구 홍지동 127-22 "
"3000000-101-1995-05031","생맥주광장","200121.813720325    ","453518.007319338    ","서울특별시 종로구 혜화동 185-0 중원프라자 2층동 2호호"
"3000000-101-1995-05035","뚱딴지","199693.183497522    ","453614.318658346    ","서울특별시 종로구 명륜2가 120-1 "
"3000000-101-1995-05036","서촌 정성코다리","197329.971870999    ","452666.42260926     ","서울특별시 종로구 내자동 29-2 "
"3000000-101-1995-05043","스위스","198041.753823572    ","456582.534430668    ","서울특별시 종로구 평창동 435-2 "
"3000000-101-1995-05051","둘둘치킨 종로1가점","198207.279003982    ","452082.344195698    ","서울특별시 종로구 청진동 136-0 "
"3000000-101-1995-05059","공평식당","198415.744396856    ","452156.968700437    ","서울특별시 종로구 공평동 120-2 지상1층 "
"3000000-101-1995-05064","쑬","196362.38246525     ","455364.54227727     ","서울특별시 종로구 홍지동 94-14 "
"3000000-101-1995-05067","미인심리상담카페(me;人심리상담카페)","197357.680772108    ","453161.375444692    ","서울특별시 종로구 통인동 109-2 "
"3000000-101-1995-05121","송화푸드시스템","200180.614971988    ","453354.910382443    ","서울특별시 종로구 동숭동 1-65 해안빌딩2층 "
"3000000-101-1995-05125","가비아노","200128.246670355    ","453322.292043622    ","서울특별시 종로구 동숭동 1-28 흥사단 본부 "
"3000000-101-1995-05137","룡룡마라도원 대학로점","200022.548123053    ","453525.97125702     ","서울특별시 종로구 명륜2가 23-1 "
"3000000-101-1995-05154","수왕","198722.224701212    ","452824.050651525    ","서울특별시 종로구 재동 84-8 "
"3000000-101-1995-05179","카페 트루어스","198763.068211085    ","452170.815387373    ","서울특별시 종로구 인사동 146 지상1,2층 "
"3000000-101-1995-05187","노다지깡통오겹살","197205.763683981    ","451824.914267478    ","서울특별시 종로구 신문로2가 25-0 지상1,2,3층 "
"3000000-101-1995-05197","서촌 기와집","197302.296489158    ","452690.835506396    ","서울특별시 종로구 필운동 204-2 "
"3000000-101-1995-05775","동해어가","198991.002784609    ","451828.222399025    ","서울특별시 종로구 관수동 154-1 "
"3000000-101-1995-05776","종로술집","199216.516359634    ","452279.821900139    ","서울특별시 종로구 묘동 17-4 ,18번지 지하1층 "
"3000000-101-1995-05778","경수사","198076.878950513    ","452402.195269511    ","서울특별시 종로구 수송동 146-1 이마빌딩지하1층 "
"3000000-101-1995-05782","추억 더하기","198882.579412025    ","452216.433263216    ","서울특별시 종로구 낙원동 243-3 "
"3000000-101-1995-05784","나주소 나주곰탕","198276.429901345    ","452324.901026642    ","서울특별시 종로구 수송동 46-19 "
"3000000-101-1995-05786","화돌농장","199913.736412998    ","452181.573855188    ","서울특별시 종로구 연지동 254-1 "
"3000000-101-1995-05829","북악파크부페","197993.205677416    ","456584.627065144    ","서울특별시 종로구 평창동 110-1 "
"3000000-101-1995-07185","종로바지락칼국수","199176.153872896    ","452106.28313512     ","서울특별시 종로구 돈의동 136 "
"3000000-101-1995-07196","문경올드","198624.006469032    ","452310.752960617    ","서울특별시 종로구 관훈동 197-28 지하1층 "
"3000000-101-1995-07207","금","200579.409754868    ","452035.347658612    ","서울특별시 종로구 종로6가 270-3 동대문시장 D동동 179호"
"3000000-101-1995-07210","이웃집식당","200579.409754868    ","452035.347658612    ","서울특별시 종로구 종로6가 270-3 동대문시장 D동동 219호"
"3000000-101-1995-07217","(주)제주미항 종로지점","199749.709303956    ","452471.681673191    ","서울특별시 종로구 원남동 66-21 지하2층 "
"3000000-101-1995-07219","본가칡냉면","200053.611437222    ","452963.851553941    ","서울특별시 종로구 연건동 62-1 "
"3000000-101-1995-07223","칠성","200579.409754868    ","452035.347658612    ","서울특별시 종로구 종로6가 270-3 동대문시장 D동호"
"3000000-101-1995-07224","빙그레분식","200529.955216271    ","452214.275417762    ","서울특별시 종로구 종로6가 157-0 "
"3000000-101-1995-07228","유캔하이 혜화점","199898.070207529    ","453448.851594125    ","서울특별시 종로구 명륜2가 177 지상1층 "
"3000000-101-1995-07229","라라맥주","200004.024139736    ","453519.126837358    ","서울특별시 종로구 명륜2가 27-1 (지상1층) "
"3000000-101-1995-07234","골든벨호프","196132.751817734    ","452580.254196764    ","서울특별시 종로구 무악동 67-2 "
"3000000-101-1995-07244","슬로우 핸드(slowhand)","197389.5114895      ","452604.375098605    ","서울특별시 종로구 내자동 110-0 "
"3000000-101-1995-07247","초이","199251.474185542    ","452208.833817053    ","서울특별시 종로구 봉익동 124-0 "
"3000000-101-1995-07249","와글와글","200855.656391978    ","452225.850271087    ","서울특별시 종로구 창신동 687-35 "
"3000000-101-1995-07260","바논","197567.93800572     ","452276.454633376    ","서울특별시 종로구 내수동 167-0 대우빌딩 지하1층 117호 "
"3000000-101-1995-07291","마님은왜돌쇠에게만술을주시나","199646.735551872    ","453924.24004175     ","서울특별시 종로구 명륜1가 16-56 "
"3000000-101-1995-07292","(주)참치공방","198549.410568112    ","452047.028312118    ","서울특별시 종로구 인사동 263 (지상1층) "
"3000000-101-1995-07300","털보산오리","201348.173077287    ","452084.029182007    ","서울특별시 종로구 창신동 394-1 "
"3000000-101-1995-08131","제일","196112.95679095     ","452618.967151543    ","서울특별시 종로구 무악동 63-9 "
"3000000-101-1995-11142","페이스","199079.907986169    ","452265.640280035    ","서울특별시 종로구 돈의동 44-1 "
"3000000-101-1996-02546","금성","201134.772851871    ","451999.048256572    ","서울특별시 종로구 창신동 423-6 "
"3000000-101-1996-02558","광화문 나폴리 본점","197806.707976424    ","452127.133341996    ","서울특별시 종로구 세종로 173-1 1~2층 "
"3000000-101-1996-02571","삼해식당","199134.463918871    ","451955.354720236    ","서울특별시 종로구 관수동 42 "
"3000000-101-1996-02572","삼해투","199134.463918871    ","451955.354720236    ","서울특별시 종로구 관수동 42 "
"3000000-101-1996-02581","또와요","200176.665874137    ","452544.827396968    ","서울특별시 종로구 효제동 1-0 "
"3000000-101-1996-02591","흥부가","199120.944250601    ","451956.209153716    ","서울특별시 종로구 관수동 40 "
"3000000-101-1996-02592","원조숯불소금구이","199403.980922489    ","454115.525189326    ","서울특별시 종로구 명륜3가 1-1159 "
"3000000-101-1996-02607","리나스 파스타","200048.920468208    ","453509.111403926    ","서울특별시 종로구 혜화동 166-4 "
"3000000-101-1996-02613","둘둘치킨","200537.031717848    ","452131.345255265    ","서울특별시 종로구 종로6가 127-1 "
"3000000-101-1996-02615","돈쭈","197650.653736722    ","452368.519288991    ","서울특별시 종로구 도렴동 60-0 지하동 1층8호"
"3000000-101-1996-02619","통돼지","199108.841549929    ","452325.064387932    ","서울특별시 종로구 돈의동 17-1 "
"3000000-101-1996-02621","아키","198768.502046045    ","453014.014097656    ","서울특별시 종로구 계동 140-42 "
"3000000-101-1996-02628","뭉치바위","198935.508856709    ","453020.321488154    ","서울특별시 종로구 원서동 141-0 "
"3000000-101-1996-02631","주자만루","200082.758818456    ","452620.456302785    ","서울특별시 종로구 연건동 195-3 "
"3000000-101-1996-02633","대성한정식","198703.155795989    ","452184.438333446    ","서울특별시 종로구 인사동 153-3 "
"3000000-101-1996-02634","남산골뱅이","200547.309487973    ","452173.474148807    ","서울특별시 종로구 종로6가 33-2 "
"3000000-101-1996-02635","연지동","199782.027920951    ","452412.74726899     ","서울특별시 종로구 연지동 59 준성빌딩 "
"3000000-101-1996-02636","혜화윤슬","199984.027928543    ","453364.883789132    ","서울특별시 종로구 명륜4가 71-1 "
"3000000-101-1996-02638","풍류사랑","198714.859595456    ","452400.279875338    ","서울특별시 종로구 관훈동 29-5 "
"3000000-101-1996-02653","정'스 테이블","201307.298518269    ","452075.786435599    ","서울특별시 종로구 창신동 393-17 "
"3000000-101-1996-02655","학림커피","199985.857175855    ","453246.29035664     ","서울특별시 종로구 명륜4가 124-1 "
"3000000-101-1996-02674","밀양손만두","198745.935360015    ","452984.690639704    ","서울특별시 종로구 계동 107-1 "
"3000000-101-1996-02675","사동면옥","198688.881130518    ","452410.362016127    ","서울특별시 종로구 관훈동 29-14 "
"3000000-101-1996-02685","하궁","198365.667574262    ","453626.81768289     ","서울특별시 종로구 삼청동 73-0 "
"3000000-101-1996-02694","엔티(NT) 식당","200555.662446433    ","452291.034599811    ","서울특별시 종로구 종로6가 195-2 197-19합병195-2변경 "
"3000000-101-1996-02696","함지박","199694.614511972    ","451869.178847305    ","서울특별시 종로구 예지동 179-2 "
"3000000-101-1996-02709","골목냉면","200009.198855806    ","453752.884670275    ","서울특별시 종로구 혜화동 108-1 지상1층 "
"3000000-101-1996-02713","은성정","197158.779          ","453220.69           ","서울특별시 종로구 통인동 38-2 "
"3000000-101-1996-02715","명원숯불갈비","196405.916045496    ","452323.17189956     ","서울특별시 종로구 행촌동 209-8 "
"3000000-101-1996-02727","효제 청국장","200076.800735829    ","452431.673057362    ","서울특별시 종로구 효제동 64-5 (지상1층) "
"3000000-101-1996-02728","할매집","197407.836786384    ","452598.202363804    ","서울특별시 종로구 내자동 108-0 "
"3000000-101-1996-02731","음음","198673.293600264    ","452430.356383613    ","서울특별시 종로구 관훈동 30-13 1층 "
"3000000-101-1996-02733","포장마차","197438.733152835    ","456075.150680801    ","서울특별시 종로구 평창동 150-7 "
"3000000-101-1996-02741","소주물","198669.167398584    ","452318.471679217    ","서울특별시 종로구 관훈동 197-24 "
"3000000-101-1996-02743","인혜식당","199169.991073605    ","452468.344720737    ","서울특별시 종로구 와룡동 59 "
"3000000-101-1996-02745","포도원 삼계탕","199900.716560054    ","453315.75952014     ","서울특별시 종로구 명륜4가 154-1 "
"3000000-101-1996-02753","일미곱창","199937.183          ","452140.386          ","서울특별시 종로구 종로5가 120-5 "
"3000000-101-1996-03290","락궁","196982.156695232    ","455986.911606158    ","서울특별시 종로구 평창동 339-0 "
"3000000-101-1996-05232","청파호프","199214.548011588    ","451983.042894684    ","서울특별시 종로구 종로3가 130 화영빌딩 지하1층 "
"3000000-101-1996-05241","호브노브","200200.444270794    ","453385.509886938    ","서울특별시 종로구 동숭동 1-53 "
"3000000-101-1996-05256","톰","200356.337387055    ","453160.038391689    ","서울특별시 종로구 동숭동 130-41 "
"3000000-101-1996-05267","의정부 부대찌개","198686.19085244     ","451852.05285101     ","서울특별시 종로구 관철동 12-13 "
"3000000-101-1996-05269","올디스(OLDIES)","199914.112274362    ","453385.235610116    ","서울특별시 종로구 명륜4가 64-9 지상1,2층 "
"3000000-101-1996-05300","작은인디아","198693.492144375    ","452308.490918414    ","서울특별시 종로구 인사동 183-0 "
"3000000-101-1996-05303","셰이디드(Shaded)","199692.370055737    ","453440.345889286    ","서울특별시 종로구 명륜3가 136-1 "
"3000000-101-1996-05305","불타는 38 광땡","199698.708751424    ","453487.534406085    ","서울특별시 종로구 명륜3가 127-0 "
"3000000-101-1996-05308","유한회사 디마떼오","200279.37357141     ","453081.758778874    ","서울특별시 종로구 동숭동 1-141 "
"3000000-101-1996-05319","고관","198759.865803731    ","452161.92923109     ","서울특별시 종로구 인사동 143 (지상2층) "
"3000000-101-1996-05327","제이스","200004.471884485    ","453351.8339508      ","서울특별시 종로구 명륜4가 85-9 "
"3000000-101-1996-05338","이모네집","198717.170757457    ","452027.868392495    ","서울특별시 종로구 인사동 88-0 "
"3000000-101-1996-05348","201","200121.813720325    ","453518.007319338    ","서울특별시 종로구 혜화동 185-0 "
"3000000-101-1996-05356","로댕","197283.485961133    ","452677.73658403     ","서울특별시 종로구 필운동 211-0 "
"3000000-101-1996-05374","팔선생","196138.720663808    ","455279.038291112    ","서울특별시 종로구 홍지동 45-1 "
"3000000-101-1996-05382","쿄코코","199969.369133337    ","453364.634567483    ","서울특별시 종로구 명륜4가 70-3 "
"3000000-101-1996-05395","아늑 호텔 종로운니점 다이닝","199035.998545928    ","452694.013118976    ","서울특별시 종로구 운니동 24-1 "
"3000000-101-1996-05428","04판 숯불바베큐전문점","200008.187433804    ","453378.37200351     ","서울특별시 종로구 명륜4가 39-0 "
"3000000-101-1996-05792","홍두께손칼국수","200903.874526405    ","452125.253654994    ","서울특별시 종로구 창신동 464-12  (지상1층) "
"3000000-101-1996-05801","백령도횟집","197264.522551629    ","453494.75012389     ","서울특별시 종로구 신교동 44 101호, 201호 "
"3000000-101-1996-05803","구이와찌개","198922.059962012    ","451864.177215981    ","서울특별시 종로구 관철동 25 지상2층 "
"3000000-101-1996-07324","의전방","198324.653631679    ","452252.812389497    ","서울특별시 종로구 수송동 58 두산위브 1층 118호 "
"3000000-101-1996-07332","커피,디저트,라이스#(Coffee Dessert Rice)","200971.425717609    ","453113.875178674    ","서울특별시 종로구 창신동 703-0 "
"3000000-101-1996-07334","낙지쉐프","200922.630160867    ","452325.639233516    ","서울특별시 종로구 창신동 582-22 "
"3000000-101-1996-07340","카페포코","200533.453584269    ","452156.900282796    ","서울특별시 종로구 종로6가 129-1 "
"3000000-101-1996-07363","커피베이 숭인동점","201846.974485269    ","452571.073513921    ","서울특별시 종로구 숭인동 1057-0 "
"3000000-101-1996-07370","동해 남부선","197412.049158037    ","452671.677725159    ","서울특별시 종로구 내자동 11-1 "
"3000000-101-1996-07375","타펠룬데(TAFELRUNDE)","197353.035073434    ","452600.063573686    ","서울특별시 종로구 내자동 132-0 "
"3000000-101-1996-07381","황태해장국","199675.777487002    ","452324.82573022     ","서울특별시 종로구 인의동 97 "
"3000000-101-1996-07382","한도","199121.659588557    ","451888.266541241    ","서울특별시 종로구 관수동 111 "
"3000000-101-1996-07385","광화문김밥","198230.844668726    ","452213.132146719    ","서울특별시 종로구 청진동 4-3 "
"3000000-101-1996-07386","명가","197567.849954354    ","452567.159554494    ","서울특별시 종로구 적선동 80 "
"3000000-101-1996-07403","쎄이썸띵(Say Something)","197459.458541367    ","452995.026419906    ","서울특별시 종로구 통의동 91-50 "
"3000000-101-1996-07409","안국고다","198575.060391065    ","452492.961178485    ","서울특별시 종로구 관훈동 78-1 지상1층 "
"3000000-101-1996-07416","전주청국장","198204.837322667    ","452293.432531176    ","서울특별시 종로구 수송동 80-6 지하1층 "
"3000000-101-1996-07428","이스탄불","200031.416755115    ","453325.984189679    ","서울특별시 종로구 명륜4가 103-1 "
"3000000-101-1996-07451","효자분식","197200.262662667    ","453506.570237517    ","서울특별시 종로구 신교동 10-0 "
"3000000-101-1996-07465","통밀로만","201567.245645671    ","452370.399648257    ","서울특별시 종로구 숭인동 220-0 "
"3000000-101-1996-07469","해성 꼼장어","196448.878716283    ","452299.825719597    ","서울특별시 종로구 행촌동 209-33 "
"3000000-101-1996-07472","프라자통닭","197364.979238759    ","452892.689462228    ","서울특별시 종로구 체부동 24-0 "
"3000000-101-1996-07475","콩카세","198677.557229512    ","452876.895962774    ","서울특별시 종로구 재동 84-31 "
"3000000-101-1996-07479","썬휴게실","199264.748644348    ","452322.770733383    ","서울특별시 종로구 봉익동 11-18 "
"3000000-101-1996-07480","카페 마지오(cafe maggio)","198055.601451341    ","452433.518873024    ","서울특별시 종로구 수송동 133-2 지상1층 "
"3000000-101-1996-07498","서울분식","200875.873284599    ","452393.955066021    ","서울특별시 종로구 창신동 583-25 "
"3000000-101-1996-08141","전주콩나물해장국","197482.188408438    ","452684.539178659    ","서울특별시 종로구 내자동 1-3 지상1층 "
"3000000-101-1996-08144","서린낙지 견지점","198386.829870878    ","452237.303784872    ","서울특별시 종로구 견지동 110 종로1가 대성스카이렉스 103호 "
"3000000-101-1996-08148","웰컴","201356.103628287    ","452134.445679916    ","서울특별시 종로구 숭인동 317-20 "
"3000000-101-1996-08149","삼화령","198621.929172863    ","452507.227893661    ","서울특별시 종로구 관훈동 84-20 "
"3000000-101-1996-08158","신라왕족발","200388.424844698    ","452502.824688894    ","서울특별시 종로구 충신동 141-1 1층 "
"3000000-101-1997-02759","골목집","200435.08956842     ","452312.755701129    ","서울특별시 종로구 종로6가 215-22 "
"3000000-101-1997-02764","춘천집","201606.571698608    ","452224.46598602     ","서울특별시 종로구 숭인동 237-1 "
"3000000-101-1997-02765","춘천식당","201606.571698608    ","452224.46598602     ","서울특별시 종로구 숭인동 237-1 "
"3000000-101-1997-02774","부자 숯불치킨","200280.284907379    ","452231.494575781    ","서울특별시 종로구 효제동 209-0 "
"3000000-101-1997-02780","오가다","198485.817060089    ","452554.331523979    ","서울특별시 종로구 관훈동 123-4 "
"3000000-101-1997-02787","길복정","197612.310499417    ","452323.402658456    ","서울특별시 종로구 내수동 5-0 "
"3000000-101-1997-02792","가마골","197447.213277721    ","452719.388550378    ","서울특별시 종로구 체부동 60-2 "
"3000000-101-1997-02793","라크슌","198908.283881623    ","451804.898052916    ","서울특별시 종로구 관철동 37-1 "
"3000000-101-1997-02798","사립문을밀고들어서니","198701.981002301    ","452197.385710018    ","서울특별시 종로구 인사동 154-10 "
"3000000-101-1997-02811","마띠에르(Matiere)","199868.485608077    ","453333.971596087    ","서울특별시 종로구 명륜4가 168-2 "
"3000000-101-1997-02813","삼청동 김치찌개","198213.149542308    ","454073.28694546     ","서울특별시 종로구 삼청동 산 2-49 "
"3000000-101-1997-02823","왕십리황소곱창","198504.402368702    ","451896.95555963     ","서울특별시 종로구 관철동 44-3 1층, 중1층 "
"3000000-101-1997-02827","겔러리 카페","200177.295367099    ","453309.566117005    ","서울특별시 종로구 동숭동 1-62 "
"3000000-101-1997-02833","번지 없는 주막","199203.674515031    ","452316.154007425    ","서울특별시 종로구 묘동 12 "
"3000000-101-1997-02834","am 3","197695.987370221    ","456543.927425013    ","서울특별시 종로구 평창동 99-15 (지상1층) "
"3000000-101-1997-02835","인사동 김밥집","198664.077706216    ","452262.193164637    ","서울특별시 종로구 인사동 188-4 외1필지 (188-6) "
"3000000-101-1997-02837","소문난 대박집","198771.579346137    ","452119.53627838     ","서울특별시 종로구 인사동 130-2 (지상1층) "
"3000000-101-1997-02842","수제비와 보리밥 세상","200056.482516609    ","452898.127464863    ","서울특별시 종로구 연건동 93-15 "
"3000000-101-1997-02849","포토그레이 경복궁점","197354.882188268    ","452896.26018769     ","서울특별시 종로구 체부동 23-1 "
"3000000-101-1997-02850","정통코다리","197472.59555456     ","453003.189019018    ","서울특별시 종로구 통의동 91-26 "
"3000000-101-1997-02854","별미삼청수제비","198332.448332231    ","453589.823242037    ","서울특별시 종로구 삼청동 99 "
"3000000-101-1997-02856","일송칼국수","199649.590890597    ","453810.953756618    ","서울특별시 종로구 명륜1가 75-1 "
"3000000-101-1997-02861","양지닭한마리","199948.979045       ","452225.759235332    ","서울특별시 종로구 연지동 258-14 "
"3000000-101-1997-02884","진짜루","199724.916617136    ","452642.401988105    ","서울특별시 종로구 원남동 106-1 "
"3000000-101-1997-02891","해뜰날곱창","201776.476522541    ","452529.323508664    ","서울특별시 종로구 숭인동 190-3 지상1층 "
"3000000-101-1997-02896","우리 1 밥상","198303.929439374    ","452170.071201677    ","서울특별시 종로구 청진동 62-1 "
"3000000-101-1997-02908","갈치와고갈비","201847.254473983    ","452362.149683443    ","서울특별시 종로구 숭인동 202-3 (지상1층) "
"3000000-101-1997-02910","혜화곱창","199987.615821173    ","453377.41993138     ","서울특별시 종로구 명륜4가 69-1 "
"3000000-101-1997-02921","탕화쿵푸","199987.788860421    ","453478.189966845    ","서울특별시 종로구 명륜2가 32-0 지상2층 "
"3000000-101-1997-05439","소호17번지","200351.960931501    ","453271.004819246    ","서울특별시 종로구 동숭동 50-11 "
"3000000-101-1997-05441","육회바른연어","197486.856761128    ","452835.857005292    ","서울특별시 종로구 통의동 66-0 "
"3000000-101-1997-05443","이태리","197182.255680955    ","451879.306598953    ","서울특별시 종로구 신문로2가 34-2 "
"3000000-101-1997-05453","벼랑","199934.066943882    ","453343.711152057    ","서울특별시 종로구 명륜4가 74-1 "
"3000000-101-1997-05458","플레이그라운드(PlayGround)","199934.066943882    ","453343.711152057    ","서울특별시 종로구 명륜4가 74-1 "
"3000000-101-1997-05465","헤이커피","199987.615821173    ","453377.41993138     ","서울특별시 종로구 명륜4가 69-1 "
"3000000-101-1997-05468","밀가","199579.046204766    ","453956.032654492    ","서울특별시 종로구 명륜3가 2-28 "
"3000000-101-1997-05473","나무요일","198966.403474011    ","452954.326105916    ","서울특별시 종로구 원서동 155-0 "
"3000000-101-1997-05480","공차 대학로마로니에점","200219.18121834     ","453256.571193375    ","서울특별시 종로구 동숭동 1-104 지상 1층 "
"3000000-101-1997-05483","나무요일","199911.49389958     ","453301.812720288    ","서울특별시 종로구 명륜4가 154-3 "
"3000000-101-1997-05492","라운지6","200382.970842734    ","452060.721151356    ","서울특별시 종로구 종로5가 242-1 지상2층 "
"3000000-101-1997-05493","러화머스","198786.901723323    ","451865.494241718    ","서울특별시 종로구 관철동 7-11 "
"3000000-101-1997-05506","캠브리지 성대점","199736.742207001    ","453541.125011424    ","서울특별시 종로구 명륜2가 147-3 "
"3000000-101-1997-05523","쏠레","201955.261272616    ","452719.45538668     ","서울특별시 종로구 숭인동 1165-0 "
"3000000-101-1997-05529","슬로스텝(SIow SteP)","200242.814881371    ","453309.573992866    ","서울특별시 종로구 동숭동 1-76 "
"3000000-101-1997-05536","어펄하우스","199248.654624628    ","452051.924795765    ","서울특별시 종로구 종로3가 26-4 "
"3000000-101-1997-05544","삼일","200506.272619139    ","451989.471459404    ","서울특별시 종로구 종로5가 281-7 "
"3000000-101-1997-05556","명불허전 원조골뱅이","198541.72075378     ","451935.633974889    ","서울특별시 종로구 관철동 45-1 지상1층 "
"3000000-101-1997-05563","라이브러리","199781.667014204    ","453645.757969136    ","서울특별시 종로구 명륜2가 93-0 "
"3000000-101-1997-05810","도마, 유즈라멘","198736.357571901    ","452837.00700811     ","서울특별시 종로구 재동 84-6 "
"3000000-101-1997-06577","그때,그집에","198996.304199219    ","452125.629956344    ","서울특별시 종로구 낙원동 172 지상2층 "
"3000000-101-1997-07509","고향집","199384.19406737     ","451959.170273352    ","서울특별시 종로구 장사동 80 "
"3000000-101-1997-07520","피자투고","196206.103393952    ","452505.464581294    ","서울특별시 종로구 무악동 42-0 "
"3000000-101-1997-07526","영광통닭","197140.481558536    ","453195.383699511    ","서울특별시 종로구 옥인동 94-0 "
"3000000-101-1997-07527","중화요리 지엔","200200.329028814    ","452629.306552716    ","서울특별시 종로구 이화동 205-2 "
"3000000-101-1997-07547","명륜감자탕","199959.96482945     ","453329.911142074    ","서울특별시 종로구 명륜4가 83-6 "
"3000000-101-1997-07551","마음을 담아 내면","198346.123916927    ","452991.994877108    ","서울특별시 종로구 소격동 148-2 "
"3000000-101-1997-07553","옛집","198624.006469032    ","452310.752960617    ","서울특별시 종로구 관훈동 197-28 "
"3000000-101-1997-07559","양평추어탕","197479.815059093    ","452965.931943564    ","서울특별시 종로구 통의동 91-38 "
"3000000-101-1997-07563","금해 복집","196357.524594809    ","456071.619358607    ","서울특별시 종로구 구기동 67-19 "
"3000000-101-1997-07564","치킨하우스","198694.153859365    ","452802.950402132    ","서울특별시 종로구 재동 88 "
"3000000-101-1997-07571","동대문칼국수","201170.774859208    ","452295.486691473    ","서울특별시 종로구 창신동 215-0 "
"3000000-101-1997-07572","미 갈매기살전문","199142.85080941     ","452298.716042913    ","서울특별시 종로구 돈의동 7-1 "
"3000000-101-1997-07574","명가네 김치찌개","199734.05006961     ","452518.444898979    ","서울특별시 종로구 원남동 72-2 (지상1층) "
"3000000-101-1997-07578","틈새라면","198671.901579423    ","452731.71785072     ","서울특별시 종로구 재동 111-1 지상1층 "
"3000000-101-1997-07594","종로 빈대떡","196168.301152027    ","456231.523051187    ","서울특별시 종로구 구기동 85-25 "
"3000000-101-1997-07621","삼삼실내포차","200323.587168376    ","453170.360924504    ","서울특별시 종로구 동숭동 130-29 "
"3000000-101-1997-07628","로그인서울","198308.096054977    ","452017.548978007    ","서울특별시 종로구 종로1가 40-0 "
"3000000-101-1997-07629","소국밥","197573.030749573    ","452175.335781858    ","서울특별시 종로구 당주동 100-0 "
"3000000-101-1997-07630","된장예술과 술","200029.765861293    ","453313.603170073    ","서울특별시 종로구 명륜4가 103-8 "
"3000000-101-1997-07632","인사동수제비","198699.230284585    ","452427.519984054    ","서울특별시 종로구 관훈동 29-2 "
"3000000-101-1997-07637","용용선생 대학로점","200147.152110727    ","453355.55433032     ","서울특별시 종로구 동숭동 1-57 "
"3000000-101-1997-07639","아가페식당","200373.4457103      ","453409.684789818    ","서울특별시 종로구 동숭동 50-90 1층(101호) "
"3000000-101-1997-07646","한솥 성균관대앞점","199693.727168303    ","453632.715363707    ","서울특별시 종로구 명륜2가 122-0 "
"3000000-101-1997-07659","피맛골구이누리","198749.917284087    ","452037.801905683    ","서울특별시 종로구 인사동 84 "
"3000000-101-1997-07677","전통다원","198659.83863743     ","452468.335012542    ","서울특별시 종로구 관훈동 30-1 "
"3000000-101-1997-07678","종로식당","200016.841643084    ","452018.137528028    ","서울특별시 종로구 종로5가 138-13 "
"3000000-101-1997-07683","비쥬","198715.720839493    ","452763.43100308     ","서울특별시 종로구 재동 95-2 "
"3000000-101-1997-10204","남원추어탕","199885.137384154    ","452227.53240622     ","서울특별시 종로구 연지동 206 지상1층 "
"3000000-101-1997-11260","김가네","201530.865554965    ","452110.734897008    ","서울특별시 종로구 숭인동 241-2 "
"3000000-101-1997-11305","평화남영 서촌점","197350.578634023    ","452692.520758536    ","서울특별시 종로구 체부동 201-2 "
"3000000-101-1997-76667","라뜰리에(Latelier)","198279.787364709    ","452430.699653992    ","서울특별시 종로구 수송동 83-1 수송타워빌딩 1층 "
"3000000-101-1998-02927","대천순대국","199333.368639519    ","451862.535035446    ","서울특별시 종로구 장사동 216 "
"3000000-101-1998-02928","호앙비엣 (종로5가점)","199873.533594614    ","452205.522036783    ","서울특별시 종로구 인의동 48-14 "
"3000000-101-1998-02932","종로 관북","198200.777590359    ","452212.096255702    ","서울특별시 종로구 청진동 2-4 지상1층 "
"3000000-101-1998-02938","아부","198451.652555545    ","452361.25774613     ","서울특별시 종로구 견지동 68-19 "
"3000000-101-1998-02943","바다극장매점","199794.250869762    ","451891.4859896      ","서울특별시 종로구 예지동 222 "
"3000000-101-1998-02946","의정부부대찌개 앤 돈까스","198373.564922781    ","452290.063632165    ","서울특별시 종로구 견지동 110-44 (지상2층) "
"3000000-101-1998-02949","종묘식당","199303.142596785    ","452313.619268176    ","서울특별시 종로구 봉익동 12-2 "
"3000000-101-1998-02950","솔낭구","196546.448118275    ","457039.439720457    ","서울특별시 종로구 구기동 10-9 (지상1층) "
"3000000-101-1998-02951","호야","196828.257138074    ","451745.290050169    ","서울특별시 종로구 교남동 29-2 "
"3000000-101-1998-02965","두꺼비","199474.745604694    ","451912.63802316     ","서울특별시 종로구 장사동 128-3 1층 "
"3000000-101-1998-02976","열린마당","198101.593328721    ","452496.362099822    ","서울특별시 종로구 중학동 90-0 "
"3000000-101-1998-02981","창경궁분식","199735.170272568    ","452401.971088228    ","서울특별시 종로구 인의동 9  (지상1층) "
"3000000-101-1998-02982","구오","199031.737616569    ","452301.611219944    ","서울특별시 종로구 익선동 174 "
"3000000-101-1998-02983","동해바다자연산","196156.927737704    ","452575.432706654    ","서울특별시 종로구 무악동 68-0 "
"3000000-101-1998-02984","원남분식","199765.975006357    ","452522.72378826     ","서울특별시 종로구 원남동 68 "
"3000000-101-1998-02986","시골집","200999.300369328    ","452290.613003448    ","서울특별시 종로구 창신동 142-14 "
"3000000-101-1998-02988","경북 1","198947.863501742    ","451920.395707293    ","서울특별시 종로구 관수동 4-3 "
"3000000-101-1998-02993","경북집Ⅱ","198947.863501742    ","451920.395707293    ","서울특별시 종로구 관수동 4-3 "
"3000000-101-1998-03013","이화포차","200185.501000462    ","452545.033306722    ","서울특별시 종로구 효제동 3-1 "
"3000000-101-1998-03015","오가네","200074.943083579    ","452954.881792128    ","서울특별시 종로구 연건동 68-0 "
"3000000-101-1998-03020","전주콩나물해장국","197246.055333333    ","453009.437333333    ","서울특별시 종로구 누하동 216-0 "
"3000000-101-1998-03032","종로 수원성","199132.050191075    ","452319.93584115     ","서울특별시 종로구 돈의동 3-0 1층 "
"3000000-101-1998-03033","태성관","198673.836249802    ","452379.665660206    ","서울특별시 종로구 관훈동 19 지상1층 "
"3000000-101-1998-03035","치킨랲","198948.203624172    ","451828.001706481    ","서울특별시 종로구 관수동 161-12 지상1층 "
"3000000-101-1998-03036","죽마고우","198776.442658274    ","452284.535562066    ","서울특별시 종로구 낙원동 283-29 "
"3000000-101-1998-03038","28번지한식전문","200005.67576435     ","453283.293031685    ","서울특별시 종로구 명륜4가 111-2 "
"3000000-101-1998-03043","조가네 부대찌개","199948.979045       ","452225.759235332    ","서울특별시 종로구 연지동 258-14 "
"3000000-101-1998-03044","스토구(STO9)","198525.086183383    ","452585.146188829    ","서울특별시 종로구 관훈동 118-13 (지상1층) "
"3000000-101-1998-03046","온마을즉석두부","198299.672049199    ","453818.392735458    ","서울특별시 종로구 삼청동 123-0 "
"3000000-101-1998-03047","인왕생고기집","196580.920874712    ","452486.789934495    ","서울특별시 종로구 행촌동 210-121 "
"3000000-101-1998-03307","자금성","199710.945685066    ","451871.882444706    ","서울특별시 종로구 예지동 184-1 "
"3000000-101-1998-03310","정원순두부(종로점)","198758.72995572     ","451810.488000518    ","서울특별시 종로구 관철동 11-3 동흥빌딩 "
"3000000-101-1998-03311","대영각","201301.372198662    ","452121.291686974    ","서울특별시 종로구 창신동 328-25 "
"3000000-101-1998-05573","라끌레","198290.381911282    ","453480.781104547    ","서울특별시 종로구 삼청동 95-1 "
"3000000-101-1998-05577","섬저나 레스토랑","200886.141034997    ","452232.54928297     ","서울특별시 종로구 창신동 573-1 "
"3000000-101-1998-05586","HW컨벤션센터","196582.640025011    ","454989.617922407    ","서울특별시 종로구 부암동 186-2 하림각본관 2층 "
"3000000-101-1998-05587","백세주마을 종각점","198482.306050037    ","451899.452254243    ","서울특별시 종로구 관철동 256-0 지상2층 "
"3000000-101-1998-05592","카스호프뱅크","198960.832510929    ","451917.548067434    ","서울특별시 종로구 관수동 4-2 "
"3000000-101-1998-05594","화이트홀","199678.889666145    ","453679.226657383    ","서울특별시 종로구 명륜2가 74-1 "
"3000000-101-1998-05595","티파니","197282.600883573    ","453488.220835563    ","서울특별시 종로구 신교동 59-0  동  호"
"3000000-101-1998-05813","산마루","201300.617267399    ","452512.234050389    ","서울특별시 종로구 창신동 80-1 "
"3000000-101-1998-07686","까페 더 메모리","199950.001228222    ","453346.458899252    ","서울특별시 종로구 명륜4가 70-10 "
"3000000-101-1998-07688","형제숯불마당","200194.513158701    ","453490.368464391    ","서울특별시 종로구 동숭동 1-9 "
"3000000-101-1998-07689","포석정","199950.001228222    ","453346.458899252    ","서울특별시 종로구 명륜4가 70-10 "
"3000000-101-1998-07697","성공시대","198706.031864881    ","452040.469388451    ","서울특별시 종로구 인사동 100-0 "
"3000000-101-1998-07698","이디야 종로삼일대로점","198867.921956341    ","451906.885476295    ","서울특별시 종로구 관철동 5-14 (지상1,2층) "
"3000000-101-1998-07702","신촌원조황소곱창","198737.963708985    ","451864.041221302    ","서울특별시 종로구 관철동 12-23 "
"3000000-101-1998-07718","베트남 노상식당","200096.240521881    ","452879.98945343     ","서울특별시 종로구 연건동 133-0 "
"3000000-101-1998-07725","영광식당","199587.369550181    ","451932.059884516    ","서울특별시 종로구 예지동 81 "
"3000000-101-1998-07741","味 Happy day(미 해피데이)","201843.179937827    ","452443.279370247    ","서울특별시 종로구 숭인동 200-10 "
"3000000-101-1998-07743","삼성삼통","198805.396181538    ","452085.876348113    ","서울특별시 종로구 인사동 72-0 지상2층 "
"3000000-101-1998-07764","예원","197249.748732661    ","452592.088276126    ","서울특별시 종로구 필운동 283-3 "
"3000000-101-1998-07768","호박등","200276.568248274    ","452323.964539635    ","서울특별시 종로구 효제동 139-0 "
"3000000-101-1998-07770","오복왕돈까스","199337.49154311     ","452217.269232692    ","서울특별시 종로구 봉익동 38-9 "
"3000000-101-1998-07774","봉심식당 BISTRO BONGSIM","199950.001228222    ","453346.458899252    ","서울특별시 종로구 명륜4가 70-10 "
"3000000-101-1998-07777","유림분식","197275.885145833    ","453163.805607936    ","서울특별시 종로구 통인동 10-3 "
"3000000-101-1998-07783","유리네집","196597.147358052    ","452682.827560125    ","서울특별시 종로구 행촌동 210-17 "
"3000000-101-1998-07785","마포생소금구이","200535.321540788    ","452164.664229371    ","서울특별시 종로구 종로6가 130-1 "
"3000000-101-1998-07789","할머니칼국수","199120.107343098    ","452285.698621123    ","서울특별시 종로구 돈의동 49-1 (지상1층) "
"3000000-101-1998-07793","청솔식당","201850.340348699    ","452579.689554397    ","서울특별시 종로구 숭인동 1058 1층 "
"3000000-101-1998-07800","홍신원","197567.93800572     ","452276.454633376    ","서울특별시 종로구 내수동 167-0 지하1층 117호 "
"3000000-101-1998-07806","동천홍","197765.381130547    ","452102.738799969    ","서울특별시 종로구 당주동 21-1 "
"3000000-101-1998-07816","찬양집","199071.657651116    ","452277.975240379    ","서울특별시 종로구 돈의동 27 "
"3000000-101-1998-07824","모닝호프","200233.08985594     ","451977.066662096    ","서울특별시 종로구 종로5가 321-18 "
"3000000-101-1998-07826","진미김밥","200830.972823319    ","452020.450463089    ","서울특별시 종로구 창신동 439-1 "
"3000000-101-1998-07841","핑곰이","199173.743267007    ","452220.544369229    ","서울특별시 종로구 묘동 177-1 2층 "
"3000000-101-1998-07850","성가네","201667.173973698    ","452372.066949584    ","서울특별시 종로구 숭인동 207-7 지상1층 "
"3000000-101-1998-07856","이레","198590.770895492    ","452508.073986143    ","서울특별시 종로구 관훈동 88-1 "
"3000000-101-1998-07862","늑대식당","198205.80432382     ","452201.132641096    ","서울특별시 종로구 청진동 3-3 2층 "
"3000000-101-1998-07877","꽃피고새우네","198779.430713901    ","452052.527501121    ","서울특별시 종로구 인사동 112-3 "
"3000000-101-1998-07886","소시 BAR","201819.505161083    ","452434.938226703    ","서울특별시 종로구 숭인동 200-15 지상2층 "
"3000000-101-1998-07888","이새 인사점","198696.73363479     ","452356.832897457    ","서울특별시 종로구 관훈동 10-0 지상1층 "
"3000000-101-1998-07891","홍천집","201622.275727249    ","452229.633051553    ","서울특별시 종로구 숭인동 235-6 "
"3000000-101-1998-07898","키키 젤라또","197241.738075176    ","452730.163032747    ","서울특별시 종로구 필운동 154-0 "
"3000000-101-1998-07903","용호동낙지 광화문세종점","197650.653736722    ","452368.519288991    ","서울특별시 종로구 도렴동 60-0 지하1층 "
"3000000-101-1998-07904","노브.13(Nov.13)","197338.222707034    ","452927.106746234    ","서울특별시 종로구 체부동 18-9 "
"3000000-101-1998-07914","종로돈까스","199050.687785047    ","452032.808915721    ","서울특별시 종로구 종로3가 7-0 "
"3000000-101-1998-07915","희 스시","198721.736311226    ","451887.446228292    ","서울특별시 종로구 관철동 13-12 "
"3000000-101-1998-07925","사랑방","197382.848041375    ","452540.423691657    ","서울특별시 종로구 내자동 185-0 "
"3000000-101-1998-07942","융중","197334.702380301    ","452610.334048246    ","서울특별시 종로구 내자동 134-0 "
"3000000-101-1998-07944","들풀식당","197291.341181613    ","453792.46587181     ","서울특별시 종로구 청운동 69 "
"3000000-101-1998-07959","꿀밥상","198329.085433716    ","453573.920813622    ","서울특별시 종로구 삼청동 98-1 "
"3000000-101-1998-07965","국민포차 야시장","198734.087544027    ","452040.275234407    ","서울특별시 종로구 인사동 102-0 "
"3000000-101-1998-07966","천강에비친달","198759.865803731    ","452161.92923109     ","서울특별시 종로구 인사동 143-0 "
"3000000-101-1998-07975","슬로우 타이거(SLOW TIGER)","198542.567999079    ","451960.924032848    ","서울특별시 종로구 종로2가 102-2 지하1층 "
"3000000-101-1998-07978","멍석집","199079.58107411     ","452281.641351655    ","서울특별시 종로구 돈의동 24-0 "
"3000000-101-1998-07980","단비","201307.134818914    ","452094.118893661    ","서울특별시 종로구 창신동 393-13 "
"3000000-101-1998-07984","정선할매","198589.481894209    ","452469.806442008    ","서울특별시 종로구 관훈동 65-0 지상1층 "
"3000000-101-1998-07986","Ann(앤)","196384.538014661    ","452307.682445954    ","서울특별시 종로구 교북동 1 지상1층 "
"3000000-101-1998-08169","25시호프소주방","200121.813720325    ","453518.007319338    ","서울특별시 종로구 혜화동 185-0 지하1층104,105,106호 "
"3000000-101-1998-10499","느티나무","198522.522063836    ","452575.124766939    ","서울특별시 종로구 관훈동 118-16 "
"3000000-101-1998-10572","김영희 강남 동태찜","197307.862679817    ","452670.562192345    ","서울특별시 종로구 필운동 207-0 지상1,2층 "
"3000000-101-1998-10588","삼학도","200285.716782335    ","452662.722397078    ","서울특별시 종로구 이화동 124-1 "
"3000000-101-1998-11261","마이타입 샐러드","197573.030749573    ","452175.335781858    ","서울특별시 종로구 당주동 100-0 세종빌딩지하14호 "
"3000000-101-1998-11337","어고집밥","200370.393215577    ","453148.475690442    ","서울특별시 종로구 동숭동 130-40 "
"3000000-101-1998-11338","이 마리","197298.923036043    ","452847.694733649    ","서울특별시 종로구 체부동 120-14 "
"3000000-101-1999-00061","흥남부두","197612.310499417    ","452323.402658456    ","서울특별시 종로구 내수동 5 지상1층 "
"3000000-101-1999-00276","삼지","198694.636983055    ","452888.334741488    ","서울특별시 종로구 재동 84-28 지상1층 "
"3000000-101-1999-00368","우리식당","201665.603640208    ","452478.26914766     ","서울특별시 종로구 숭인동 178-146 "
"3000000-101-1999-00442","방태막국수 인사점","198721.501614781    ","452328.880313675    ","서울특별시 종로구 인사동 2 "
"3000000-101-1999-00530","갑순네","199838.271122836    ","452014.80631953     ","서울특별시 종로구 종로4가 145  (지상1층) "
"3000000-101-1999-00538","이화식당","200383.571159114    ","452615.970370429    ","서울특별시 종로구 충신동 53-15 "
"3000000-101-1999-00550","미운돌멩이","198289.300555077    ","452184.964049354    ","서울특별시 종로구 청진동 38-2 "
"3000000-101-1999-00629","감촌","198150.300374121    ","452019.212642931    ","서울특별시 종로구 종로1가 24 "
"3000000-101-1999-00691","이화초밥","199791.558137093    ","452086.010385627    ","서울특별시 종로구 종로4가 14-1 1층 "
"3000000-101-1999-01345","카페 창덕궁","198835.868996233    ","453023.119289218    ","서울특별시 종로구 계동 140-48 "
"3000000-101-1999-01633","꿀팁 쭈꾸미 생삼겹살","201875.26325709     ","452427.447562564    ","서울특별시 종로구 숭인동 1413-0 지상1층 "
"3000000-101-1999-01646","토크쇼","201627.475436833    ","452363.525911978    ","서울특별시 종로구 숭인동 228-5 1층 "
"3000000-101-1999-01849","피자헤븐 종로 성대점","199678.889666145    ","453679.226657383    ","서울특별시 종로구 명륜2가 74-1 "
"3000000-101-1999-01970","가가","198724.106352529    ","452775.340639282    ","서울특별시 종로구 재동 93-2 "
"3000000-101-1999-02006","고창집","200400.707415518    ","452032.400764496    ","서울특별시 종로구 종로5가 255-1 "
"3000000-101-1999-02163","경궁오리","197445.127837032    ","452697.907661261    ","서울특별시 종로구 체부동 56-0 "
"3000000-101-1999-02231","천하보쌈","198944.789885997    ","453018.215323048    ","서울특별시 종로구 원서동 144-0 "
"3000000-101-1999-02518","브이아이피 참치 광화문점","197650.653736722    ","452368.519288991    ","서울특별시 종로구 도렴동 60-0 도렴빌딩 지하1호 "
"3000000-101-1999-02545","백채김치찌개 신설동점","201834.95408039     ","452450.347246254    ","서울특별시 종로구 숭인동 200-8 "
"3000000-101-1999-02551","푸페또클럽","197407.849274912    ","453139.801652997    ","서울특별시 종로구 창성동 98-6 "
"3000000-101-1999-02555","보령식당","199735.170272568    ","452401.971088228    ","서울특별시 종로구 인의동 9-0 "
"3000000-101-1999-02603","한뫼촌","198655.505218853    ","452960.670654959    ","서울특별시 종로구 재동 46-8 지상1층 "
"3000000-101-1999-02732","을지로 골뱅이","199906.536623306    ","452138.957913279    ","서울특별시 종로구 인의동 42-1 "
"3000000-101-1999-02870","SW컨벤션센터","201273.887781838    ","452163.292543039    ","서울특별시 종로구 창신동 328-18 "
"3000000-101-1999-02991","이공오도씨","199732.237379119    ","453590.631986304    ","서울특별시 종로구 명륜2가 112-0 "
"3000000-101-1999-03017","미향","197370.907111656    ","452496.088789628    ","서울특별시 종로구 내자동 195-0 "
"3000000-101-1999-03450","자기만족","198710.153417715    ","451865.017554518    ","서울특별시 종로구 관철동 12-16 "
"3000000-101-1999-03521","빠리가호프","200899.709096426    ","452134.545425205    ","서울특별시 종로구 창신동 464-4 지상2층 "
"3000000-101-1999-03754","우정","198510.279992004    ","452531.552594541    ","서울특별시 종로구 관훈동 118-31 "
"3000000-101-1999-03973","행랑","198780.993165294    ","452041.072397552    ","서울특별시 종로구 인사동 112-4 "
"3000000-101-1999-04259","만석꾼","197567.174466392    ","452700.195799988    ","서울특별시 종로구 통의동 43-3 "
"3000000-101-1999-04303","신세계 커피숍 맥주","199001.895945417    ","452078.522023565    ","서울특별시 종로구 낙원동 178  (지하1층) "
"3000000-101-1999-04543","챠코","199710.044554901    ","453519.619740962    ","서울특별시 종로구 명륜2가 217 지하1층 "
"3000000-101-1999-04560","비어헌팅","196828.257138074    ","451745.290050169    ","서울특별시 종로구 교남동 29-2 "
"3000000-101-1999-04620","뚝섬이야기","199873.533594614    ","452205.522036783    ","서울특별시 종로구 인의동 48-14 "
"3000000-101-1999-04684","섬","197718.375944461    ","452128.426713533    ","서울특별시 종로구 당주동 44-4 "
"3000000-101-1999-04687","칸다소바 대학로점","200051.302599048    ","453397.464471201    ","서울특별시 종로구 명륜4가 24-0 "
"3000000-101-1999-05139","대홍 샤브샤브","200940.565461745    ","452201.328670919    ","서울특별시 종로구 창신동 545-0 "
"3000000-101-1999-05161","평창해장국","197043.8046691      ","455988.566953762    ","서울특별시 종로구 평창동 220-0 "
"3000000-101-1999-05233","씨씨호프클럽","198984.174208347    ","452041.300783819    ","서울특별시 종로구 낙원동 200-4 "
"3000000-101-1999-05516","아티스트 컴플렉스(ARTIST KOMPLEX)","198695.796995984    ","452819.879045291    ","서울특별시 종로구 재동 84-12 "
"3000000-101-1999-05788","송전","198062.887604585    ","451944.499629593    ","서울특별시 종로구 서린동 136 "
"3000000-101-1999-05812","오한수 우육면가","197662.503910553    ","452189.09236786     ","서울특별시 종로구 당주동 5-0 로얄빌딩지하1층64호 "
"3000000-101-1999-06043","부산횟집","199024.097306356    ","451799.216093585    ","서울특별시 종로구 관수동 149-1 (지하1층) "
"3000000-101-1999-06078","피디","199218.284882447    ","452052.249990519    ","서울특별시 종로구 종로3가 24-1 (3층~5층) "
"3000000-101-1999-06254","또순이네","197567.849954354    ","452567.159554494    ","서울특별시 종로구 적선동 80-0 1층12호 "
"3000000-101-1999-06255","북촌 쭈꾸미","198341.605922532    ","452957.22837825     ","서울특별시 종로구 소격동 150 2층 "
"3000000-101-1999-06318","가오(GAO)","200017.173956381    ","453554.674642303    ","서울특별시 종로구 명륜2가 20-1 "
"3000000-101-1999-06825","프린스치킨","196546.566346703    ","455540.988088785    ","서울특별시 종로구 신영동 119-1 121호 "
"3000000-101-1999-07032","계림식당","199444.804492563    ","451985.42495159     ","서울특별시 종로구 종로3가 167-0 "
"3000000-101-1999-07134","한솔","198284.392181266    ","451901.406014861    ","서울특별시 종로구 서린동 88-0 서린빌딩 지하1층 "
"3000000-101-1999-07298","동아리분식","199218.987659591    ","452178.907096496    ","서울특별시 종로구 묘동 76-1 "
"3000000-101-1999-07344","아이소","199172.022976532    ","452111.520540885    ","서울특별시 종로구 돈의동 133-0 "
"3000000-101-1999-07471","저팔계 식당","199489.384081894    ","454054.177427077    ","서울특별시 종로구 명륜3가 1-215 "
"3000000-101-1999-07539","크루즈","199714.531488386    ","452582.054982242    ","서울특별시 종로구 원남동 94-4 "
"3000000-101-1999-07585","목포세발낙지","197195.468947431    ","452697.440834879    ","서울특별시 종로구 필운동 139-1 "
"3000000-101-1999-07751","계경목장","197595.161312175    ","452460.054621887    ","서울특별시 종로구 적선동 156 광화문플래티넘지하101,102호 "
"3000000-101-1999-07873","종로밥상","199232.06553569     ","452301.411129148    ","서울특별시 종로구 봉익동 9-12 "
"3000000-101-1999-07947","아드난 레스토랑","198340.802229569    ","453374.894315815    ","서울특별시 종로구 삼청동 35-116 (지상1,2층) "
"3000000-101-1999-07967","더스키(The Ski)","200294.625480732    ","453192.375600069    ","서울특별시 종로구 동숭동 1-91 ,지하1층 "
"3000000-101-1999-08127","진양양꼬치","200255.452642959    ","452271.17391562     ","서울특별시 종로구 효제동 267 "
"3000000-101-1999-08177","보물섬","199135.525225838    ","452039.626193925    ","서울특별시 종로구 종로3가 13-1 "
"3000000-101-1999-10151","노다지식당","200276.400690561    ","452295.927464242    ","서울특별시 종로구 효제동 145-0 "
"3000000-101-1999-10152","심산애","197315.368096287    ","452687.676802768    ","서울특별시 종로구 필운동 205-1 "
"3000000-101-1999-10163","고음(종로)","198605.843330159    ","452134.12229391     ","서울특별시 종로구 인사동 209-0 "
"3000000-101-1999-10164","고창집","199140.631873051    ","452303.097167226    ","서울특별시 종로구 돈의동 7-0 "
"3000000-101-1999-10169","형제냉면","200916.91109741     ","452393.775293338    ","서울특별시 종로구 창신동 583-13 지상1층 "
"3000000-101-1999-10187","돈가네","198893.444640554    ","451817.816480093    ","서울특별시 종로구 관철동 33-9 지상1층 "
"3000000-101-1999-10192","포로이대학로","200201.620353456    ","453446.954928403    ","서울특별시 종로구 동숭동 1-41 우성빌딩1층 "
"3000000-101-1999-10193","부봉빌딩","198751.053912826    ","451962.484078847    ","서울특별시 종로구 종로2가 75-4 부봉빌딩지하1층 "
"3000000-101-1999-10203","옥천매운족발","200952.894851819    ","452320.310222888    ","서울특별시 종로구 창신동 142-27 지상1층 "
"3000000-101-1999-10207","와","198721.150252708    ","452189.728779146    ","서울특별시 종로구 인사동 153-2 "
"3000000-101-1999-10213","차니 오뎅","200144.174906296    ","453406.478168565    ","서울특별시 종로구 동숭동 1-47 "
"3000000-101-1999-10218","소설","198624.006469032    ","452310.752960617    ","서울특별시 종로구 관훈동 197-28 "
"3000000-101-1999-10223","더하기84","198538.187537619    ","452524.551177639    ","서울특별시 종로구 관훈동 106 (지상1층) "
"3000000-101-1999-10224","테마분식","199672.728576453    ","452018.394947374    ","서울특별시 종로구 종로4가 101-1 "
"3000000-101-1999-10233","병천 유황오리","198242.368587188    ","452205.540538623    ","서울특별시 종로구 청진동 6-0 "
"3000000-101-1999-10237","사랑채","198538.187537619    ","452524.551177639    ","서울특별시 종로구 관훈동 106 지상1층 "
"3000000-101-1999-10244","커리 컬처 클럽 본점","199285.019243361    ","452312.579509603    ","서울특별시 종로구 봉익동 12-14 "
"3000000-101-1999-10245","가마솥소머리국밥","196706.680987261    ","452193.912992304    ","서울특별시 종로구 행촌동 27-8 "
"3000000-101-1999-10246","해운대","199093.10515902     ","452268.928324832    ","서울특별시 종로구 돈의동 45-1 지상1층 "
"3000000-101-1999-10258","태화식당","199278.043882385    ","451978.727050146    ","서울특별시 종로구 종로3가 140-1 (지상1층) "
"3000000-101-1999-10275","샤디드","198062.887604585    ","451944.499629593    ","서울특별시 종로구 서린동 136-0 "
"3000000-101-1999-10277","한강치킨","197353.942144529    ","452492.769771018    ","서울특별시 종로구 내자동 178-2 "
"3000000-101-1999-10278","라면땡기는날","198365.669146351    ","452999.595548781    ","서울특별시 종로구 화동 138-21 "
"3000000-101-1999-10283","깔리","199858.938218178    ","453350.951900816    ","서울특별시 종로구 명륜4가 170-3 지상2층 "
"3000000-101-1999-10284","두찜 종로혜화점","199489.534611305    ","454045.520919901    ","서울특별시 종로구 명륜3가 1-8 "
"3000000-101-1999-10288","와인","197607.10337928     ","452638.787294364    ","서울특별시 종로구 적선동 31-1 201호 "
"3000000-101-1999-10295","계룡식당","199444.804492563    ","451985.42495159     ","서울특별시 종로구 종로3가 167-0 "
"3000000-101-1999-10307","예지칼국수","199716.909020475    ","451959.849602254    ","서울특별시 종로구 예지동 38-0 "
"3000000-101-1999-10317","오딧세이1","198640.02434589     ","451907.062483683    ","서울특별시 종로구 관철동 19-11 "
"3000000-101-1999-10320","행복은간장밥 성균관대점","199824.996784753    ","453445.526442412    ","서울특별시 종로구 명륜2가 199-6 "
"3000000-101-1999-10327","오븐에 빠진 닭","197477.086154497    ","452703.23066169     ","서울특별시 종로구 체부동 52-0 "
"3000000-101-1999-10335","에도마에텐동 하마다","198686.19085244     ","451852.05285101     ","서울특별시 종로구 관철동 12-13 지상1층 "
"3000000-101-1999-10343","술패도니","198568.822512042    ","451908.264003731    ","서울특별시 종로구 관철동 19-21 (지상3층) "
"3000000-101-1999-10344","다르지오","199897.453496112    ","452161.579382247    ","서울특별시 종로구 인의동 39-0 "
"3000000-101-1999-10346","북악팔각정(하늘레스토랑,해오름,커피하우스)","198168.938403322    ","455468.701395415    ","서울특별시 종로구 평창동 산 6-17 지하1층 지상1,2층 "
"3000000-101-1999-10349","고음(종로)","198605.843330159    ","452134.12229391     ","서울특별시 종로구 인사동 209-0 2층 "
"3000000-101-1999-10352","(주) 신부원 궁","198641.438087807    ","452441.891903238    ","서울특별시 종로구 관훈동 30-11 "
"3000000-101-1999-10369","수라면","199849.648054927    ","453366.872557716    ","서울특별시 종로구 명륜4가 188-24 "
"3000000-101-1999-10382","와이(Y)","199134.77412808     ","452376.766688865    ","서울특별시 종로구 묘동 148-1 "
"3000000-101-1999-10383","오치교반","198930.02290867     ","451940.768329556    ","서울특별시 종로구 관수동 3-5 지상1층 "
"3000000-101-1999-10385","삼삼오오","199434.689238647    ","454100.069159722    ","서울특별시 종로구 명륜3가 1-1145 "
"3000000-101-1999-10390","더레스토랑","198238.680070987    ","453158.398402281    ","서울특별시 종로구 소격동 48 "
"3000000-101-1999-10400","두레유","197738.783477885    ","456653.499721457    ","서울특별시 종로구 평창동 97 "
"3000000-101-1999-10403","이노참치","198723.693525114    ","451848.586506701    ","서울특별시 종로구 관철동 12-8 "
"3000000-101-1999-10404","(주)참치공방 정다운지점Ⅰ","198544.216640638    ","451873.640046886    ","서울특별시 종로구 관철동 43-7 지상1층 "
"3000000-101-1999-10405","bhc 치킨대학로본점","200163.533936465    ","453385.896458574    ","서울특별시 종로구 동숭동 1-55 2층 "
"3000000-101-1999-10411","치킨주막","200269.615352697    ","452159.955202738    ","서울특별시 종로구 효제동 232-0 "
"3000000-101-1999-10431","해가서쪽에서뜬다면","198763.560759532    ","452151.875249721    ","서울특별시 종로구 인사동 137-2 "
"3000000-101-1999-10436","죽이야기 대학로점","200099.736802632    ","452911.826843708    ","서울특별시 종로구 연건동 77-2 "
"3000000-101-1999-10439","안집","198720.976847212    ","452806.071664545    ","서울특별시 종로구 재동 85-2 "
"3000000-101-1999-10442","키","199061.020220248    ","452595.888890011    ","서울특별시 종로구 운니동 57-0 "
"3000000-101-1999-10444","을지로 골뱅이","198947.116817295    ","451941.362137669    ","서울특별시 종로구 관수동 3-3 "
"3000000-101-1999-10451","치킨매니아","199673.029847493    ","453711.269847466    ","서울특별시 종로구 명륜1가 101-1 "
"3000000-101-1999-10510","테마","199991.21779633     ","453663.174647845    ","서울특별시 종로구 혜화동 126-4 "
"3000000-101-1999-10512","미금","199272.427893338    ","452210.271535337    ","서울특별시 종로구 봉익동 121-1 "
"3000000-101-1999-10523","정선곤드레쌈밥","197837.060572492    ","456414.474751923    ","서울특별시 종로구 평창동 66-72 집합건물 101호, 102호, 103호 "
"3000000-101-1999-10524","장혁민의 부대찌개(피터몬)","198760.845455105    ","451849.198415207    ","서울특별시 종로구 관철동 12-3 "
"3000000-101-1999-10530","종로골","199964.260542611    ","452245.427143094    ","서울특별시 종로구 연지동 238-5 (지상1·2층) "
"3000000-101-1999-10552","남도추어탕","200369.481613257    ","452715.75309634     ","서울특별시 종로구 이화동 27-18 "
"3000000-101-1999-10574","아이리스","198749.917284087    ","452037.801905683    ","서울특별시 종로구 인사동 84-0 "
"3000000-101-1999-10589","향나무세구루","198354.915274242    ","453544.229194234    ","서울특별시 종로구 삼청동 62-18 "
"3000000-101-1999-10599","잔치마당","198703.155795989    ","452184.438333446    ","서울특별시 종로구 인사동 153-3 "
"3000000-101-1999-10602","오세계향","198629.503661452    ","452487.116186696    ","서울특별시 종로구 관훈동 59 (지상1층) "
"3000000-101-1999-10607","신문로 언덕","197222.135317944    ","451843.485983222    ","서울특별시 종로구 신문로2가 20-1 "
"3000000-101-1999-10613","브루삼점일사투(Brew 3.14 Ⅱ)","199036.309615467    ","452480.459174647    ","서울특별시 종로구 익선동 76-0 "
"3000000-101-1999-10631","동숭숯불갈비","199980.375442873    ","453263.640542114    ","서울특별시 종로구 명륜4가 118-8 "
"3000000-101-1999-10640","싸코스투","199752.61485803     ","453537.938046119    ","서울특별시 종로구 명륜2가 149-0 "
"3000000-101-1999-10641","여자만 별관","198572.67049441     ","452505.408669299    ","서울특별시 종로구 관훈동 98-0 "
"3000000-101-1999-10642","마라도순대","200121.813720325    ","453518.007319338    ","서울특별시 종로구 혜화동 185-0 3층 "
"3000000-101-1999-10647","중차이","200063.299169686    ","452958.89191176     ","서울특별시 종로구 연건동 66-0 "
"3000000-101-1999-10653","경마장호프","201694.056858134    ","452332.17198032     ","서울특별시 종로구 숭인동 207-40 "
"3000000-101-1999-10657","쭈먹","197391.822629754    ","452692.885832194    ","서울특별시 종로구 체부동 193 (지상1,2층) "
"3000000-101-1999-10662","연하동 대학로점","199858.938218178    ","453350.951900816    ","서울특별시 종로구 명륜4가 170-3 "
"3000000-101-1999-10664","지원분식","200717.7490316      ","452011.865092338    ","서울특별시 종로구 종로6가 289-3 동대문종합상가D동3층302-2 "
"3000000-101-1999-10665","순대실록","200247.165180477    ","453407.18009275     ","서울특별시 종로구 동숭동 1-44 "
"3000000-101-1999-10671","신라인도레스토랑","198659.240121655    ","451949.497711626    ","서울특별시 종로구 관철동 16-1 지하1층 "
"3000000-101-1999-10673","동원","198774.481597379    ","452142.579476567    ","서울특별시 종로구 인사동 133 ,135-1,135-4,136,137-3,137-4(지상2층) "
"3000000-101-1999-10675","좋은날엔","198675.500461263    ","452096.090248826    ","서울특별시 종로구 인사동 231-0 "
"3000000-101-1999-10696","까치","199650.076356389    ","451948.932116888    ","서울특별시 종로구 예지동 61-1 "
"3000000-101-1999-10702","종로주막","198482.306050037    ","451899.452254243    ","서울특별시 종로구 관철동 256-0 "
"3000000-101-1999-10703","유성식당","199002.707105102    ","452158.870410214    ","서울특별시 종로구 낙원동 148-0 (지상1층) "
"3000000-101-1999-10714","(주)참치공방","198549.410568112    ","452047.028312118    ","서울특별시 종로구 인사동 263 1층 "
"3000000-101-1999-10715","이석식당","199323.500792876    ","452235.608358226    ","서울특별시 종로구 봉익동 38-13  (지상1층) "
"3000000-101-1999-10718","어머니국시방","200510.95897718     ","451978.4430695      ","서울특별시 종로구 종로5가 407-0 "
"3000000-101-1999-10722","한옥","198584.47238673     ","452492.060101428    ","서울특별시 종로구 관훈동 79 지상1층 "
"3000000-101-1999-10723","왕십리꼼닭발","201842.535180341    ","452562.710562012    ","서울특별시 종로구 숭인동 1055-0 지상1층 "
"3000000-101-1999-10724","김명자굴국밥전문점","199873.533594614    ","452205.522036783    ","서울특별시 종로구 인의동 48-14 (지상2층) "
"3000000-101-1999-10739","천향록","199706.13607543     ","453544.622497028    ","서울특별시 종로구 명륜2가 216-3 "
"3000000-101-1999-10762","고봉당 혜화대학로점","199998.76257993     ","453431.876604328    ","서울특별시 종로구 명륜4가 11-3 "
"3000000-101-1999-10771","무봉리토종순대국","201268.660300601    ","452884.011294256    ","서울특별시 종로구 창신동 17-12 1층 "
"3000000-101-1999-10774","귀한족발 경복궁역점","197558.973334719    ","452700.484490263    ","서울특별시 종로구 통의동 45-0 "
"3000000-101-1999-10776","오사카우동 종로점","200066.481388754    ","452423.831936394    ","서울특별시 종로구 효제동 64-6 지하1층 "
"3000000-101-1999-10778","지리산 앞집","198620.030233937    ","452547.262117822    ","서울특별시 종로구 관훈동 84-14 지상1,2층 "
"3000000-101-1999-10787","황소고집","198706.576103155    ","451810.647699719    ","서울특별시 종로구 관철동 11-11 "
"3000000-101-1999-10788","겐로쿠우동","200049.981442648    ","453376.721016675    ","서울특별시 종로구 명륜4가 28-1 지상 1층 "
"3000000-101-1999-10789","편안한공간(Comfort Zone)","199774.636066035    ","453406.921697478    ","서울특별시 종로구 명륜3가 153-2 "
"3000000-101-1999-10797","금촌국밥","198619.319752554    ","452264.276105491    ","서울특별시 종로구 관훈동 198-36 "
"3000000-101-1999-10799","낙원","197598.125298905    ","452697.207401548    ","서울특별시 종로구 통의동 41-1 "
"3000000-101-1999-10801","신토불이","200121.813720325    ","453518.007319338    ","서울특별시 종로구 혜화동 185-0 중원빌딩3층322호 "
"3000000-101-1999-10806","고흥회수산","196578.438801188    ","452129.33094623     ","서울특별시 종로구 교북동 101-0 "
"3000000-101-1999-10809","촌","198615.894622493    ","452522.175283675    ","서울특별시 종로구 관훈동 84-17  (지상1층) "
"3000000-101-1999-10825","사동집","198669.76495581     ","452422.42492854     ","서울특별시 종로구 관훈동 29-18 "
"3000000-101-1999-10827","루브르바게트","199994.603050294    ","452036.931243466    ","서울특별시 종로구 종로5가 138-9 "
"3000000-101-1999-10829","기무세","198903.312556091    ","452363.664123266    ","서울특별시 종로구 낙원동 52 지상1층 "
"3000000-101-1999-10840","한사발포차 혜화점","199986.7159978      ","453415.064270811    ","서울특별시 종로구 명륜4가 44-0 지상1층 "
"3000000-101-1999-10843","홍천식당","199826.86062991     ","452012.268094147    ","서울특별시 종로구 종로4가 144-1 "
"3000000-101-1999-10845","이자카야 잔잔","198640.02434589     ","451907.062483683    ","서울특별시 종로구 관철동 19-11 "
"3000000-101-1999-10852","대영갈치백반","201203.911130976    ","452089.844920215    ","서울특별시 종로구 창신동 390-30 "
"3000000-101-1999-10854","함흥면옥","200030.422969296    ","453010.552737305    ","서울특별시 종로구 연건동 52 "
"3000000-101-1999-10863","중화정","196430.708915374    ","455169.114582082    ","서울특별시 종로구 홍지동 127-1 "
"3000000-101-1999-10866","야래향","199756.044994758    ","452354.300651365    ","서울특별시 종로구 인의동 22-1 "
"3000000-101-1999-10871","골드리퀴","200240.29796585     ","453068.977048844    ","서울특별시 종로구 동숭동 1-131 유리B/D 6F "
"3000000-101-1999-10880","이태리부대찌개 종각역점","198685.761389454    ","452015.63212884     ","서울특별시 종로구 종로2가 12 통일빌딩 "
"3000000-101-1999-10882","월하동","198694.049118232    ","452436.851591189    ","서울특별시 종로구 관훈동 29 1층 "
"3000000-101-1999-10883","비비큐치킨","197136.301977949    ","453219.703656632    ","서울특별시 종로구 옥인동 92-0 "
"3000000-101-1999-10892","두소","196104.970717103    ","456492.994276095    ","서울특별시 종로구 구기동 149-15 "
"3000000-101-1999-10896","야무 야무","198788.536133919    ","451930.151627442    ","서울특별시 종로구 관철동 6-5 "
"3000000-101-1999-10902","비(B)","200004.471884485    ","453351.8339508      ","서울특별시 종로구 명륜4가 85-9 "
"3000000-101-1999-10913","청송식당","200398.58519245     ","451977.956374905    ","서울특별시 종로구 종로5가 485-0 "
"3000000-101-1999-10916","미가도시락","197650.653736722    ","452368.519288991    ","서울특별시 종로구 도렴동 60-0 지하1층 52호 "
"3000000-101-1999-10920","종로식당","199283.352660894    ","451963.201955621    ","서울특별시 종로구 장사동 26-2 "
"3000000-101-1999-10956","청호타운","200140.883358529    ","452606.023320068    ","서울특별시 종로구 연건동 190-9 "
"3000000-101-1999-10982","첼로","201679.88532613     ","452481.882944225    ","서울특별시 종로구 숭인동 178-89 "
"3000000-101-1999-10984","오마카세 오사이초밥 대학로점","200307.41543383     ","453261.085994363    ","서울특별시 종로구 동숭동 50-42 "
"3000000-101-1999-10991","가회","198565.903249145    ","452491.15799313     ","서울특별시 종로구 관훈동 77-3 "
"3000000-101-1999-10993","원보양꼬치","200976.072317154    ","452158.429262147    ","서울특별시 종로구 창신동 510-3 지상2층 "
"3000000-101-1999-10995","종로보쌈","199897.453496112    ","452161.579382247    ","서울특별시 종로구 인의동 39 지하1층 "
"3000000-101-1999-10996","미쉬매쉬(MISHMASH)","198958.552735801    ","453049.132001744    ","서울특별시 종로구 원서동 134-4 "
"3000000-101-2000-04751","훠궈나라","199857.37851869     ","453411.479709264    ","서울특별시 종로구 명륜2가 187-0 2층 "
"3000000-101-2000-10998","이모네식당","199741.578747536    ","452423.878470404    ","서울특별시 종로구 인의동 4 "
"3000000-101-2000-10999","풍성집","197072.455341226    ","451889.782734172    ","서울특별시 종로구 신문로2가 1-355 지상1층 "
"3000000-101-2000-11005","야래향2","199756.044994758    ","452354.300651365    ","서울특별시 종로구 인의동 22-1 지상2층 "
"3000000-101-2000-11012","수유리 우동집","199947.580584102    ","453328.340711445    ","서울특별시 종로구 명륜4가 82-2 "
"3000000-101-2000-11017","왕창골뱅이","198589.241066871    ","452130.863300672    ","서울특별시 종로구 인사동 207 "
"3000000-101-2000-11018","미르네","197286.493511062    ","453165.237415294    ","서울특별시 종로구 통인동 13-1 "
"3000000-101-2000-11026","손칼국수","197123.538120475    ","453200.150508828    ","서울특별시 종로구 옥인동 124 "
"3000000-101-2000-11032","서른즈음에","197461.910899879    ","452684.739654276    ","서울특별시 종로구 내자동 2-2 "
"3000000-101-2000-11033","날마다 장날, 낙원빈대떡","199001.554168736    ","452106.653039782    ","서울특별시 종로구 낙원동 171-1 지상1,2층 "
"3000000-101-2000-11034","이원","198654.731122107    ","452147.925936022    ","서울특별시 종로구 인사동 220-2 "
"3000000-101-2000-11054","창신동 매운왕족발(본점)","200947.944494577    ","452302.949513637    ","서울특별시 종로구 창신동 581-5 "
"3000000-101-2000-11059","감나무집","197039.223135351    ","455768.143392833    ","서울특별시 종로구 평창동 245 "
"3000000-101-2000-11060","동강주막","201289.593151105    ","452471.892094392    ","서울특별시 종로구 창신동 81-4 "
"3000000-101-2000-11062","선유담","198702.460062833    ","452404.604103804    ","서울특별시 종로구 관훈동 29-9 "
"3000000-101-2000-11076","세종치킨","197649.590918029    ","452230.504981804    ","서울특별시 종로구 당주동 3-2 "
"3000000-101-2000-11077","몰리또 대학로점","199952.57251568     ","453271.01928283     ","서울특별시 종로구 명륜4가 134-1 "
"3000000-101-2000-11083","와글와글2","200885.551030764    ","452212.260924704    ","서울특별시 종로구 창신동 569 "
"3000000-101-2000-11086","술 24","199318.029979529    ","452288.511407761    ","서울특별시 종로구 봉익동 12-5 "
"3000000-101-2000-11093","종가집","199572.976151513    ","451918.751846762    ","서울특별시 종로구 예지동 105-0 "
"3000000-101-2000-11094","고깃집","200996.41057743     ","452278.762131423    ","서울특별시 종로구 창신동 142-19 지상1층 "
"3000000-101-2000-11118","페리카나","200140.883358529    ","452606.023320068    ","서울특별시 종로구 연건동 190-9 "
"3000000-101-2000-11121","블랙카우","199182.655264501    ","451979.234244984    ","서울특별시 종로구 종로3가 124 "
"3000000-101-2000-11131","미국75번가(U.S.A75st)","198545.22241783     ","451854.820889784    ","서울특별시 종로구 관철동 43-8 "
"3000000-101-2000-11141","매일분식","197647.115932976    ","452252.265773347    ","서울특별시 종로구 당주동 1-0 지하1층 "
"3000000-101-2000-11144","키움참치","200327.759160454    ","451960.594468025    ","서울특별시 종로구 종로5가 503-19 지상2층 "
"3000000-101-2000-11149","금강식당","199137.54740538     ","452584.444716838    ","서울특별시 종로구 와룡동 43-0 "
"3000000-101-2000-11151","오고또포차","198930.351898775    ","451815.6375661      ","서울특별시 종로구 관철동 35-3 지상1층 "
"3000000-101-2000-11159","서울김밥","197506.094757766    ","452185.210087091    ","서울특별시 종로구 당주동 128-18 "
"3000000-101-2000-11161","라비타","198922.059962012    ","451864.177215981    ","서울특별시 종로구 관철동 25 지하1층 "
"3000000-101-2000-11165","마포숯불갈비","199125.617662197    ","452301.236648443    ","서울특별시 종로구 돈의동 8 (2층) "
"3000000-101-2000-11167","광주집","199125.617662197    ","452301.236648443    ","서울특별시 종로구 돈의동 8 "
"3000000-101-2000-11168","호남선","199125.617662197    ","452301.236648443    ","서울특별시 종로구 돈의동 8 지상1층 "
"3000000-101-2000-11183","우드스탁","199659.729300664    ","453441.968231646    ","서울특별시 종로구 명륜3가 108-16 "
"3000000-101-2000-11195","청학동","199670.979884558    ","452221.775006084    ","서울특별시 종로구 인의동 112-2 본관 403호 "
"3000000-101-2000-11197","행복식탁","198284.392181266    ","451901.406014861    ","서울특별시 종로구 서린동 88-0 지하상가11 "
"3000000-101-2000-11203","장가네","201085.270448527    ","452252.433277589    ","서울특별시 종로구 창신동 167-0 "
"3000000-101-2000-11230","전주분식","199786.995913817    ","452490.920929006    ","서울특별시 종로구 원남동 66-19 "
"3000000-101-2000-11234","세전주식당","199287.731159275    ","452341.994392153    ","서울특별시 종로구 봉익동 11-4 "
"3000000-101-2000-11236","쿠캔 비어","198564.267926384    ","452079.873784197    ","서울특별시 종로구 인사동 255 (지상2층) "
"3000000-101-2000-11249","곰솔","197466.002413236    ","452942.457238756    ","서울특별시 종로구 통의동 98-0 "
"3000000-101-2000-11251","진주 대박집","199120.107343098    ","452285.698621123    ","서울특별시 종로구 돈의동 49-1 "
"3000000-101-2000-11253","인사동 마늘보쌈","198709.647219868    ","452409.134335216    ","서울특별시 종로구 관훈동 29-4 "
"3000000-101-2000-11254","가야스넥코너","199670.979884558    ","452221.775006084    ","서울특별시 종로구 인의동 112-2 "
"3000000-101-2000-11255","레드 제플린(LED-ZEPPELIN)","200005.117382494    ","453610.610906535    ","서울특별시 종로구 혜화동 133-1 "
"3000000-101-2000-11267","정분식","199499.324439691    ","454187.153579889    ","서울특별시 종로구 명륜3가 1-64 "
"3000000-101-2000-11272","상하정","199109.504062915    ","452162.276960791    ","서울특별시 종로구 돈의동 101-0 "
"3000000-101-2000-11285","샤오바오우육면 종로본점","198749.18491262     ","451866.558647435    ","서울특별시 종로구 관철동 12-24 지상1층 "
"3000000-101-2000-11286","하얀고래","198572.839145325    ","452022.373156033    ","서울특별시 종로구 종로2가 8-4 "
"3000000-101-2000-11306","쎈츄럴카페","199302.818541341    ","451834.817165156    ","서울특별시 종로구 장사동 227-1 "
"3000000-101-2000-11313","북한산 한우마을","196079.733490221    ","456335.10363588     ","서울특별시 종로구 구기동 124-1 지상1,2층 "
"3000000-101-2000-11316","소천지","199986.7159978      ","453415.064270811    ","서울특별시 종로구 명륜4가 44-0 "
"3000000-101-2000-11318","멘츠루","199911.49389958     ","453301.812720288    ","서울특별시 종로구 명륜4가 154-3 "
"3000000-101-2000-11327","성균관대서울패컬티클럽(FacultyClub)","199554.074424085    ","453721.462706742    ","서울특별시 종로구 명륜3가 53-0 "
"3000000-101-2000-11328","왕십리 곱창","200399.295498197    ","452606.594519248    ","서울특별시 종로구 충신동 53-8 "
"3000000-101-2000-11342","생마차 대학로점","200028.204314397    ","453441.611364502    ","서울특별시 종로구 명륜4가 8-5 "
"3000000-101-2000-11343","정가레스토랑","198101.593328721    ","452496.362099822    ","서울특별시 종로구 중학동 91-0 "
"3000000-101-2000-11346","만리성","200284.079710268    ","453238.540020978    ","서울특별시 종로구 동숭동 1-88 지상2층 "
"3000000-101-2000-11350","한라참치동대문점","200600.786631082    ","452125.097830911    ","서울특별시 종로구 종로6가 116-1 "
"3000000-101-2000-11351","낙원","197598.125298905    ","452697.207401548    ","서울특별시 종로구 통의동 41-1 "
"3000000-101-2000-11353","빵튀","197662.503910553    ","452189.09236786     ","서울특별시 종로구 당주동 5-0 빌딩지하23호 "
"3000000-101-2000-11356","보리수","199321.4036677      ","451985.646550196    ","서울특별시 종로구 종로3가 147 "
"3000000-101-2000-11396","원조할머니집","199669.022778473    ","452582.599103113    ","서울특별시 종로구 원남동 183-3 "
"3000000-101-2000-11401","대나무 숙성회관 종각점","198568.77792237     ","451891.299622979    ","서울특별시 종로구 관철동 19-20 "
"3000000-101-2000-11414","석암생소금구이 종각점","198724.740257195    ","451930.754248234    ","서울특별시 종로구 관철동 14-6 "
"3000000-101-2000-11422","이주당","197422.967339601    ","452697.065589797    ","서울특별시 종로구 체부동 189-0 "
"3000000-101-2000-11447","신라제면","198721.381019738    ","452889.289224531    ","서울특별시 종로구 재동 84-1 "
"3000000-101-2000-11456","본죽","200084.094228675    ","452941.919063165    ","서울특별시 종로구 연건동 70-1 "
"3000000-101-2000-11461","춘참치","200254.200451526    ","452215.891649167    ","서울특별시 종로구 효제동 225 지상1층 "
"3000000-101-2000-11465","동일마트분식","198626.452031194    ","453333.561173086    ","서울특별시 종로구 가회동 23-0 "
"3000000-101-2000-11466","조선부뚜막 족발 보쌈 서촌점","197445.127837032    ","452697.907661261    ","서울특별시 종로구 체부동 56-0 "
"3000000-101-2000-11486","한아조","198792.004218709    ","452995.619040838    ","서울특별시 종로구 계동 140-71 "
"3000000-101-2000-11490","마라탕전문점 샹츠마라혜화점","199894.827508196    ","453399.860339999    ","서울특별시 종로구 명륜4가 59-3 "
"3000000-101-2000-11492","운곡정","201009.666033754    ","452260.692898768    ","서울특별시 종로구 창신동 143-17 "
"3000000-101-2000-11507","호식이 두마리 치킨(숭인점)","201382.485158917    ","452224.010847101    ","서울특별시 종로구 숭인동 296-21 "
"3000000-101-2000-11508","태화","198521.161310435    ","452544.633837827    ","서울특별시 종로구 관훈동 118-28 "
"3000000-101-2000-11512","노가리슈퍼 종로5가점","199900.518328267    ","452222.038309339    ","서울특별시 종로구 연지동 211  (지상1층) "
"3000000-101-2000-11520","북촌","198608.053043197    ","452535.585975734    ","서울특별시 종로구 관훈동 84-16 (지상1층) "
"3000000-101-2000-11522","익선동 목장","199149.532482764    ","452321.324008758    ","서울특별시 종로구 묘동 160-1 "
"3000000-101-2000-11525","다발 김치찌개 대학로점","199783.918141466    ","453483.532108771    ","서울특별시 종로구 명륜2가 209-2 "
"3000000-101-2000-11526","포크랜드(Pork Land)","199955.953276896    ","453503.718907987    ","서울특별시 종로구 명륜2가 21-17 "
"3000000-101-2000-11532","주누바(JUNU bar)","199206.02331617     ","452266.264149232    ","서울특별시 종로구 묘동 95-1 "
"3000000-101-2000-11536","맛나 식당","201598.951317633    ","452278.692795768    ","서울특별시 종로구 숭인동 226-6 "
"3000000-101-2000-11545","탑골칼국수","198886.030336656    ","452234.8544483      ","서울특별시 종로구 낙원동 243-1 (지상1층) "
"3000000-101-2000-11547","키타스시","199942.003439551    ","453305.348201669    ","서울특별시 종로구 명륜4가 80-1 "
"3000000-101-2000-11553","명품황소곱창","198694.787531536    ","451930.899506677    ","서울특별시 종로구 관철동 14-9 "
"3000000-101-2000-11560","정통한방삼계탕","199603.020271448    ","451865.398061686    ","서울특별시 종로구 예지동 130-0 지상2층 "
"3000000-101-2000-11568","블루도트","199183.407469454    ","452042.97196024     ","서울특별시 종로구 종로3가 18 (1층) "
"3000000-101-2000-11572","더도어스투","199927.493552587    ","453570.188742352    ","서울특별시 종로구 명륜2가 8-29 "
"3000000-101-2000-11573","카페벤","200049.034239508    ","453787.245649898    ","서울특별시 종로구 혜화동 88-1 "
"3000000-101-2000-11577","갤러리&다이닝펍담","198694.384431805    ","452371.731327083    ","서울특별시 종로구 관훈동 12-2 "
"3000000-101-2000-11578","침니카페(chimney cafe)","197637.60271057     ","452706.8738528      ","서울특별시 종로구 통의동 35-4 "
"3000000-101-2000-11590","희래성","199092.093976028    ","452464.00653355     ","서울특별시 종로구 익선동 103 "
"3000000-101-2000-11593","막썰이회","197056.75935224     ","451658.76871749     ","서울특별시 종로구 평동 169-0 "
"3000000-101-2000-11594","배추머리김부장","198993.017509972    ","452588.657767645    ","서울특별시 종로구 운니동 64-1 "
"3000000-101-2000-11598","베르제","199913.740013608    ","453411.213736653    ","서울특별시 종로구 명륜4가 58-0 "
"3000000-101-2000-11606","카페혜화동","199922.658205431    ","453289.177659126    ","서울특별시 종로구 명륜4가 145-0 2층 "
"3000000-101-2000-11609","함경도 왕 순대","199046.102334839    ","451963.486382222    ","서울특별시 종로구 종로3가 107-3 지상1층 "
"3000000-101-2000-11611","대평갈비","197297.146905422    ","456074.16742758     ","서울특별시 종로구 평창동 153-1 지상2,3층 "
"3000000-101-2000-11633","야후","198934.124836448    ","452289.68001897     ","서울특별시 종로구 낙원동 90-0 "
"3000000-101-2000-11634","리치하우스","199045.043602772    ","451939.677286976    ","서울특별시 종로구 관수동 20-0 21-7,21-8 국일관그림팰리스 "
"3000000-101-2000-11647","낙원식당","199603.020271448    ","451865.398061686    ","서울특별시 종로구 예지동 130-0 "
"3000000-101-2000-11676","비어할레","197662.503910553    ","452189.09236786     ","서울특별시 종로구 당주동 5 "
"3000000-101-2000-11709","치킨하우스","199878.668537625    ","453693.071412414    ","서울특별시 종로구 명륜2가 4 "
"3000000-101-2000-11720","안동네 (종로3가점)","198960.832510929    ","451917.548067434    ","서울특별시 종로구 관수동 4-2 "
"3000000-101-2000-11734","미향","201309.087582515    ","452031.733717866    ","서울특별시 종로구 창신동 402-9 "
"3000000-101-2000-11743","문경새재","200900.729782712    ","452107.733476585    ","서울특별시 종로구 창신동 464-16 "
"3000000-101-2000-11754","이디야 혜화역점","199987.788860421    ","453478.189966845    ","서울특별시 종로구 명륜2가 32 "
"3000000-101-2000-11774","와인슈타인","198698.015511806    ","451849.196279815    ","서울특별시 종로구 관철동 12-12 "
"3000000-101-2000-11778","방자네(산골물)","198545.125054876    ","452541.719052829    ","서울특별시 종로구 관훈동 118-7 "
"3000000-101-2000-11782","수유리우동 동묘점","201419.148939147    ","452360.633948743    ","서울특별시 종로구 숭인동 106-1 "
"3000000-101-2000-11783","정원","197650.653736722    ","452368.519288991    ","서울특별시 종로구 도렴동 60 도렴빌딩. 지하1층 9호 "
"3000000-101-2000-11785","몬스터피자","199881.283064505    ","453331.775377779    ","서울특별시 종로구 명륜4가 166-1 지하 1층 "
"3000000-101-2000-11787","보쌈키친","197595.161312175    ","452460.054621887    ","서울특별시 종로구 적선동 156 광화문 플래티넘 "
"3000000-101-2001-00648","김제집","199377.669055349    ","451982.41963839     ","서울특별시 종로구 종로3가 157 "
"3000000-101-2001-01729","인사동 정원","198817.753689913    ","452227.642682917    ","서울특별시 종로구 낙원동 285 "
"3000000-101-2001-03717","빈호프","201806.387536614    ","452520.617338288    ","서울특별시 종로구 숭인동 1048-0 "
"3000000-101-2001-04539","한남동그집 광화문점","197776.711373991    ","452102.778769134    ","서울특별시 종로구 당주동 21-2 "
"3000000-101-2001-04631","선","198446.003077682    ","452286.424444639    ","서울특별시 종로구 견지동 95-2 "
"3000000-101-2001-06379","혜화칼국수","200064.278313487    ","453806.478166241    ","서울특별시 종로구 혜화동 84-3 "
"3000000-101-2001-06406","오복분식","201256.312029382    ","453036.693130802    ","서울특별시 종로구 창신동 20-15 "
"3000000-101-2001-11770","스시 사소우","199859.45486937     ","453385.801233874    ","서울특별시 종로구 명륜4가 183-0 2.3층 "
"3000000-101-2001-11780","콩마을","200495.288709833    ","452011.175391055    ","서울특별시 종로구 종로5가 279-2 "
"3000000-101-2001-11782","종로 허서방","201317.33706078     ","452764.757918167    ","서울특별시 종로구 숭인동 56-25 "
"3000000-101-2001-11783","행복한집","199070.262436402    ","452263.674146342    ","서울특별시 종로구 돈의동 44-4 "
"3000000-101-2001-11800","소가갈비탕","199724.600192106    ","452597.735312247    ","서울특별시 종로구 원남동 96-8 "
"3000000-101-2001-11801","나누미떡볶이","199743.555078365    ","453491.538549091    ","서울특별시 종로구 명륜2가 225-0 "
"3000000-101-2001-11802","보승회관(종로점)","198867.702590612    ","451824.281125555    ","서울특별시 종로구 관철동 5-12 "
"3000000-101-2001-11810","이원","198201.313264422    ","452221.134403171    ","서울특별시 종로구 청진동 2-2 "
"3000000-101-2001-11817","이모네 김밥","199913.232970396    ","452212.831089955    ","서울특별시 종로구 연지동 245-0 지상1층 "
"3000000-101-2001-11819","전주집","198913.496136105    ","452416.170780139    ","서울특별시 종로구 낙원동 58-1 지하1층105호 "
"3000000-101-2001-11831","31길 종로 고깃집","199893.669907117    ","452177.248307966    ","서울특별시 종로구 인의동 36-0 "
"3000000-101-2001-11839","부평루","200276.400690561    ","452295.927464242    ","서울특별시 종로구 효제동 145-0 "
"3000000-101-2001-11848","더 키친 아시아","199938.22189031     ","453426.831727015    ","서울특별시 종로구 명륜4가 53 "
"3000000-101-2001-11852","맥주 이마트","198587.499211363    ","451932.224121038    ","서울특별시 종로구 관철동 18-9 18-8 "
"3000000-101-2001-11855","남원추어탕","201291.433667013    ","452063.616326341    ","서울특별시 종로구 창신동 404-1 "
"3000000-101-2001-11859","남도식당","199087.784498032    ","451955.057778345    ","서울특별시 종로구 관수동 38-2 지상1층 "
"3000000-101-2001-11862","탐라담 종각점","198596.089308222    ","451932.131774449    ","서울특별시 종로구 관철동 18-8 지상1층 "
"3000000-101-2001-11867","달막달막","198532.299146423    ","452547.44153795     ","서울특별시 종로구 관훈동 118-20 "
"3000000-101-2001-11872","엄마야","200552.662102433    ","452165.655012937    ","서울특별시 종로구 종로6가 39-1 "
"3000000-101-2001-11876","하늘","196725.221696687    ","454871.130949303    ","서울특별시 종로구 부암동 162-1 "
"3000000-101-2001-11882","올래 생고기","201656.959592748    ","452456.857025104    ","서울특별시 종로구 숭인동 174-0 "
"3000000-101-2001-11889","고궁의아침","199719.827739235    ","452660.867844745    ","서울특별시 종로구 원남동 117-1 "
"3000000-101-2001-11894","용궁가든","201259.540641396    ","452932.471253686    ","서울특별시 종로구 창신동 17-13  (지상1층) "
"3000000-101-2001-11895","(주)진담푸드(대학로1호점)","199942.100358625    ","453412.643090356    ","서울특별시 종로구 명륜4가 52-0 1층 "
"3000000-101-2001-11902","정 잔치국수","201099.965086632    ","452199.049383115    ","서울특별시 종로구 창신동 380-0 "
"3000000-101-2001-11909","나마스테","201342.2760174      ","452159.201741248    ","서울특별시 종로구 숭인동 316-2 "
"3000000-101-2001-11913","종로황소곱창","198596.089308222    ","451932.131774449    ","서울특별시 종로구 관철동 18-8 9호 지상1층 "
"3000000-101-2001-11920","귀빈식당","197682.531865303    ","456309.265884524    ","서울특별시 종로구 평창동 66-32 지상2층 "
"3000000-101-2001-11921","이가네 양꼬치 종각직영점","198644.372544207    ","451889.42861282     ","서울특별시 종로구 관철동 19-6 "
"3000000-101-2001-11923","유니온스테이션","201633.229063347    ","452387.235783263    ","서울특별시 종로구 숭인동 212-5 228-2 "
"3000000-101-2001-11925","화통본가","199166.197707544    ","451973.670441912    ","서울특별시 종로구 종로3가 123-3 "
"3000000-101-2001-11928","마리웨일237 종로점","198817.599794752    ","452054.207890954    ","서울특별시 종로구 인사동 75-1 태영빌딩 103호 "
"3000000-101-2001-11938","종묘식당","199229.791865322    ","452321.56989452     ","서울특별시 종로구 봉익동 9-3 "
"3000000-101-2001-11962","부안집","199106.968770091    ","452716.495701364    ","서울특별시 종로구 와룡동 24-2 "
"3000000-101-2001-11977","경성집","199970.294704803    ","453545.087521272    ","서울특별시 종로구 명륜2가 21-23 "
"3000000-101-2001-11991","경복궁미역","197230.91066044     ","452686.167534065    ","서울특별시 종로구 필운동 144-3 "
"3000000-101-2001-12001","창성갈비","197421.316390307    ","453037.962393978    ","서울특별시 종로구 창성동 136-0 1층 "
"3000000-101-2001-12002","콕(COCK)","199170.682753367    ","452230.614024446    ","서울특별시 종로구 묘동 175 이화빌딩 2층 "
"3000000-101-2001-12003","신마포갈매기","198542.419445333    ","451889.984737622    ","서울특별시 종로구 관철동 43-6 "
"3000000-101-2001-12006","미술관","199691.57719784     ","453550.566336947    ","서울특별시 종로구 명륜2가 141-0 "
"3000000-101-2001-12009","종로 곱 육개장","198991.186264536    ","451915.325921704    ","서울특별시 종로구 관수동 12-0 "
"3000000-101-2001-12010","소문난 마산아구","198882.395618489    ","452339.533341108    ","서울특별시 종로구 낙원동 62-2 "
"3000000-101-2001-12014","배수사","198850.369117377    ","452403.101930084    ","서울특별시 종로구 낙원동 8 "
"3000000-101-2001-12019","진지방 순대국","199923.932150837    ","452161.024767411    ","서울특별시 종로구 종로5가 115-0 "
"3000000-101-2001-12022","이화종로김밥","200103.685567783    ","452611.704829542    ","서울특별시 종로구 연건동 197-7 (지상1층) "
"3000000-101-2001-12029","참치마을","199197.489926876    ","452115.840039474    ","서울특별시 종로구 묘동 199-0 1층 "
"3000000-101-2001-12038","아이리스","199893.80068093     ","453464.705241725    ","서울특별시 종로구 명륜2가 175-1 "
"3000000-101-2001-12043","또래오래 정동점","197258.437306384    ","451786.479083595    ","서울특별시 종로구 신문로2가 12-5 지하1층 "
"3000000-101-2001-12045","이얼큰한수제비","198653.52955597     ","452258.835338724    ","서울특별시 종로구 인사동 190-2 3호 "
"3000000-101-2001-12051","이자카야나무(종각점)","198542.419445333    ","451889.984737622    ","서울특별시 종로구 관철동 43-6 "
"3000000-101-2001-12055","에이치","198585.290764513    ","451888.132413651    ","서울특별시 종로구 관철동 19-19 (지상2층) "
"3000000-101-2001-12058","꽃보다예쁜한미영꽃백숙","200886.141034997    ","452232.54928297     ","서울특별시 종로구 창신동 573-1 "
"3000000-101-2001-12061","임포리움 코리아(배스킨)","197469.719535242    ","452736.604532929    ","서울특별시 종로구 체부동 48-0 "
"3000000-101-2001-12064","종로생고기","198994.588260043    ","452137.438254411    ","서울특별시 종로구 낙원동 173-1 (지상1층) "
"3000000-101-2001-12069","시미시미","199092.093976028    ","452464.00653355     ","서울특별시 종로구 익선동 103 "
"3000000-101-2001-12075","종로시장","198482.306050037    ","451899.452254243    ","서울특별시 종로구 관철동 256-0 "
"3000000-101-2001-12078","젠","197258.437306384    ","451786.479083595    ","서울특별시 종로구 신문로2가 12-5 스타식스정동빌딩3층2호 "
"3000000-101-2001-12079","병천순대","200086.415065425    ","452876.163935541    ","서울특별시 종로구 연건동 132-1 지상1층 "
"3000000-101-2001-12080","단상","198730.409810247    ","452851.064167884    ","서울특별시 종로구 재동 84-5 "
"3000000-101-2001-12086","최부자보쌈","199120.944250601    ","451956.209153716    ","서울특별시 종로구 관수동 40-0 지상1층 "
"3000000-101-2001-12087","돌.부.냉","197258.437306384    ","451786.479083595    ","서울특별시 종로구 신문로2가 12-5 스타식스정동 2층 8호 "
"3000000-101-2001-12088","명동칼국수 정동점","197258.437306384    ","451786.479083595    ","서울특별시 종로구 신문로2가 12-5 2층 4호 "
"3000000-101-2001-12093","청해장보고수산","199997.831784777    ","453579.072472305    ","서울특별시 종로구 명륜2가 17-5 혜명빌딩1층 "
"3000000-101-2001-12102","혜화마루 회전초밥","200024.370475128    ","453349.89381608     ","서울특별시 종로구 명륜4가 85-1 "
"3000000-101-2001-12108","어망집","198585.290764513    ","451888.132413651    ","서울특별시 종로구 관철동 19-19 "
"3000000-101-2001-12111","막퍼주는집","199703.06826511     ","453532.305546579    ","서울특별시 종로구 명륜2가 216-2 (지상2층) "
"3000000-101-2001-12116","전주쭈꾸미마을","199197.489926876    ","452115.840039474    ","서울특별시 종로구 묘동 199  (지상2층) "
"3000000-101-2001-12117","최가네 쌈밥집","199293.105093921    ","452332.70075873     ","서울특별시 종로구 봉익동 11-5 지상1층 "
"3000000-101-2001-12124","청궁","201238.423065855    ","452001.166393409    ","서울특별시 종로구 창신동 403-16 "
"3000000-101-2001-12138","통통도시락","197650.653736722    ","452368.519288991    ","서울특별시 종로구 도렴동 60-0 "
"3000000-101-2001-12152","요기","199685.899967985    ","453661.84381169     ","서울특별시 종로구 명륜2가 128-0 "
"3000000-101-2001-12165","팔도회집","199904.473854163    ","452205.362960672    ","서울특별시 종로구 연지동 246-0 외1필지 지상1층 "
"3000000-101-2001-12166","중국","197254.922522073    ","453765.453795408    ","서울특별시 종로구 청운동 59-4 "
"3000000-101-2001-12175","세겹식당","198724.055166344    ","451910.359049434    ","서울특별시 종로구 관철동 13-10 "
"3000000-101-2001-12177","공감","196280.352742997    ","456031.240583322    ","서울특별시 종로구 구기동 56-4 (지상1층) "
"3000000-101-2001-12178","롤인익선","199026.256176046    ","452451.307159504    ","서울특별시 종로구 익선동 93-0 "
"3000000-101-2001-12202","두꺼비","199693.041130257    ","451945.977614449    ","서울특별시 종로구 예지동 50-0 "
"3000000-101-2001-12207","술로장생빠","200453.517638765    ","452059.952798652    ","서울특별시 종로구 종로5가 268-0 "
"3000000-101-2001-12215","팻레그 동묘","201273.319372075    ","452041.639055338    ","서울특별시 종로구 창신동 403-6 지상1층 "
"3000000-101-2001-12218","곰발 GOMBAL","199174.38334774     ","452150.778808703    ","서울특별시 종로구 돈의동 125-1 동아빌딩 "
"3000000-101-2001-12228","원할머니보쌈족발 종로5가점","199913.736412998    ","452181.573855188    ","서울특별시 종로구 연지동 254-1 1층 "
"3000000-101-2001-12241","김진목삼","197239.609472492    ","452764.161232533    ","서울특별시 종로구 필운동 164 "
"3000000-101-2001-12246","하늘정원","199115.038000796    ","452135.544811633    ","서울특별시 종로구 돈의동 153 "
"3000000-101-2001-12248","그때그집","198935.719217817    ","452209.436708379    ","서울특별시 종로구 낙원동 227 "
"3000000-101-2001-12249","의정부부대찌게","201875.702357184    ","452412.128680276    ","서울특별시 종로구 숭인동 1414 지상1층 "
"3000000-101-2001-12252","달리구라스","200994.878268826    ","452144.75267472     ","서울특별시 종로구 창신동 459-25  (지상2층) "
"3000000-101-2001-12256","명장","200041.399881454    ","453810.536805899    ","서울특별시 종로구 혜화동 83-1 "
"3000000-101-2001-12260","장어야놀자","201192.534300327    ","452436.247037246    ","서울특별시 종로구 창신동 232 두산아파트 103동 703호"
"3000000-101-2001-12265","왕비집 종로점","198709.914471904    ","451849.824393559    ","서울특별시 종로구 관철동 12-11 지상2층~4층 "
"3000000-101-2001-12268","팔오삼","198614.76302281     ","452493.648635659    ","서울특별시 종로구 관훈동 84-23 "
"3000000-101-2001-12273","에디션 엠","199996.572525143    ","453316.130767563    ","서울특별시 종로구 명륜4가 112-1 "
"3000000-101-2001-12274","백팩","200180.614971988    ","453354.910382443    ","서울특별시 종로구 동숭동 1-65 "
"3000000-101-2001-12280","황생가 칼국수","198220.623684675    ","453088.80187092     ","서울특별시 종로구 소격동 84 "
"3000000-101-2001-12281","테리야끼","199552.254965973    ","452004.946950684    ","서울특별시 종로구 종로4가 59-2 "
"3000000-101-2001-12300","온(따뜻한 솥밥)","198627.643756692    ","452465.325012651    ","서울특별시 종로구 관훈동 56-1 "
"3000000-101-2001-12308","종로김밥독립문점","196467.975088253    ","452566.134030104    ","서울특별시 종로구 무악동 82 무악현대아파트 "
"3000000-101-2001-12312","대화정","199842.308556774    ","452090.306418585    ","서울특별시 종로구 종로4가 10  (지상1층) "
"3000000-101-2001-12316","광화문 용두쭈꾸미","197694.483927173    ","452054.535485064    ","서울특별시 종로구 당주동 170-2 "
"3000000-101-2001-12321","굴림 서촌점","197421.316390307    ","453037.962393978    ","서울특별시 종로구 창성동 136 "
"3000000-101-2001-12333","창신육회","199917.612141206    ","452018.753224592    ","서울특별시 종로구 종로4가 165-3 "
"3000000-101-2001-12334","임성용의 부추곱창","200017.592004944    ","453411.534942853    ","서울특별시 종로구 명륜4가 16-2 "
"3000000-101-2001-12345","불타는삼겹살","201474.131735778    ","452320.596002931    ","서울특별시 종로구 숭인동 268 "
"3000000-101-2001-12348","가회정","198683.500763646    ","453215.550877971    ","서울특별시 종로구 가회동 177-1 "
"3000000-101-2001-12351","비앤비","199076.079256135    ","452112.074785736    ","서울특별시 종로구 낙원동 159 지상1층 "
"3000000-101-2001-12358","신천순대국","196787.886795213    ","451814.424196043    ","서울특별시 종로구 교남동 51 지상1층 "
"3000000-101-2001-12359","환식당","199712.8126554      ","453511.586853487    ","서울특별시 종로구 명륜2가 220 "
"3000000-101-2001-12362","대봉수 대학로족발·보쌈","200034.584433852    ","453577.361028716    ","서울특별시 종로구 혜화동 143-2 "
"3000000-101-2001-12366","힐링타임365","198771.23343518     ","452226.87515513     ","서울특별시 종로구 인사동 37 3층 "
"3000000-101-2001-12367","목포횟집","200901.361073247    ","452320.135720386    ","서울특별시 종로구 창신동 582-46 "
"3000000-101-2001-12368","황토골","199200.084285124    ","452135.822200515    ","서울특별시 종로구 묘동 193-1 "
"3000000-101-2001-12369","(주)참치공방 정다운지점","198544.216640638    ","451873.640046886    ","서울특별시 종로구 관철동 43-7 지상2층 "
"3000000-101-2001-12374","청진복집","198270.005356784    ","452183.592248559    ","서울특별시 종로구 청진동 30 "
"3000000-101-2001-12376","이화주막","199154.913822495    ","452214.432214881    ","서울특별시 종로구 돈의동 107 (지상1층) "
"3000000-101-2001-12381","전주식당","198993.017509972    ","452588.657767645    ","서울특별시 종로구 운니동 64-1 "
"3000000-101-2001-12390","팔각도 종로3가역점","199200.084285124    ","452135.822200515    ","서울특별시 종로구 묘동 193-1 "
"3000000-101-2001-12391","준호네 부대찌개 성대","199652.817727188    ","453552.062000606    ","서울특별시 종로구 명륜3가 82-3 "
"3000000-101-2001-12396","한사리 감자탕 & 뼈구이 종로점","198764.063085153    ","451885.639756666    ","서울특별시 종로구 관철동 13-3 "
"3000000-101-2001-12399","리킨 호프","198918.099510597    ","452235.88369074     ","서울특별시 종로구 낙원동 236-1 지상1층 "
"3000000-101-2001-12404","농민 사골 순대국","201834.95408039     ","452450.347246254    ","서울특별시 종로구 숭인동 200-8 "
"3000000-101-2001-12405","깡통만두","198701.269609044    ","452874.137742831    ","서울특별시 종로구 재동 84-22 지상1층 "
"3000000-101-2001-12406","용수산","198956.805329384    ","453016.449086946    ","서울특별시 종로구 원서동 145 지상1층 "
"3000000-101-2001-12410","서촌 봉평막국수","197251.149578416    ","452723.276026057    ","서울특별시 종로구 필운동 193 "
"3000000-101-2001-12413","95&96(감성포차)","201927.747023167    ","452895.201025976    ","서울특별시 종로구 숭인동 397 1층 "
"3000000-101-2002-11833","편안한집","198454.438060665    ","453890.349586514    ","서울특별시 종로구 삼청동 27-3 지상1,2층 "
"3000000-101-2002-11835","삼포","200470.834715499    ","451993.556552448    ","서울특별시 종로구 종로5가 281-11 "
"3000000-101-2002-11840","우지커피","200100.581572566    ","452947.100374044    ","서울특별시 종로구 연건동 72-2 "
"3000000-101-2002-11841","메핏(Mefit)","199838.168895519    ","452294.415935703    ","서울특별시 종로구 연지동 173 "
"3000000-101-2002-11846","네팔 태국 음식점","200953.828986465    ","452218.574010911    ","서울특별시 종로구 창신동 542-5 1층 "
"3000000-101-2002-11856","종로백부장집  닭한마리","198221.684142151    ","452201.261939728    ","서울특별시 종로구 청진동 3-1 "
"3000000-101-2002-11869","가정식당","197186.436038837    ","453106.393727858    ","서울특별시 종로구 누하동 20 "
"3000000-101-2002-11870","써브웨이 (광화문점)","197503.476881671    ","452192.01326225     ","서울특별시 종로구 당주동 128-17 (지상1층) "
"3000000-101-2002-11872","시민식당 2호점","198681.571899164    ","452050.274345174    ","서울특별시 종로구 인사동 98 "
"3000000-101-2002-11878","광화문 허니 떡볶이","197826.356739032    ","452021.760313896    ","서울특별시 종로구 신문로1가 1-1 "
"3000000-101-2002-11881","점심시간","199411.165819372    ","454134.435502614    ","서울특별시 종로구 명륜3가 1-207 "
"3000000-101-2002-11891","감골집","199987.064050683    ","452715.839724993    ","서울특별시 종로구 연건동 273-1 "
"3000000-101-2002-11892","혜화 삼겹살 대통령 직영본점","200175.860583949    ","453511.810395455    ","서울특별시 종로구 혜화동 197-1 "
"3000000-101-2002-11893","치킨파트너","200782.464324972    ","452699.817602205    ","서울특별시 종로구 창신동 629-9 지상1층 "
"3000000-101-2002-11899","통큰갈비","199967.186078655    ","453492.350967262    ","서울특별시 종로구 명륜2가 21-18 지상1층 "
"3000000-101-2002-11902","유끼","198913.496136105    ","452416.170780139    ","서울특별시 종로구 낙원동 58-1 외6필지(지하1층 112호) "
"3000000-101-2002-11908","오빌리프","199654.085820929    ","453433.837045811    ","서울특별시 종로구 명륜3가 108-13 "
"3000000-101-2002-11912","나주식당","201334.071039894    ","452869.862314871    ","서울특별시 종로구 숭인동 56-17 ,지상1층 "
"3000000-101-2002-11915","로마네꽁띠","198546.036097455    ","452851.220142557    ","서울특별시 종로구 안국동 71-2 "
"3000000-101-2002-11932","돌밭 메밀꽃","197607.480473658    ","452954.731331564    ","서울특별시 종로구 통의동 7-23 "
"3000000-101-2002-11934","비비큐 대학로 명륜점","199752.61485803     ","453537.938046119    ","서울특별시 종로구 명륜2가 149 "
"3000000-101-2002-11939","페르시아궁전","199714.646564875    ","453623.583015923    ","서울특별시 종로구 명륜2가 121-1 "
"3000000-101-2002-11943","인사동풍경이 있는 찻집 ","198672.779790299    ","452327.844612238    ","서울특별시 종로구 관훈동 197-4  (지상2층) "
"3000000-101-2002-11944","프롬하츠커피 대학로점","200062.45765396     ","453364.776817319    ","서울특별시 종로구 명륜4가 30-4 "
"3000000-101-2002-11947","오하하커피 종로구청점","198134.379750231    ","452229.772481037    ","서울특별시 종로구 청진동 215-1 지상1층 "
"3000000-101-2002-11950","쇼타 돈부리","199503.050654871    ","454066.222178827    ","서울특별시 종로구 명륜3가 1-205 B1층 "
"3000000-101-2002-11955","오복당","198356.951662275    ","453665.577281972    ","서울특별시 종로구 삼청동 47-2 "
"3000000-101-2002-11958","하누소","198811.497417806    ","452301.907780717    ","서울특별시 종로구 낙원동 272 "
"3000000-101-2002-11964","등촌샤브칼국수","198805.558217982    ","451830.208951284    ","서울특별시 종로구 관철동 10-23 1층 "
"3000000-101-2002-11965","본점이강순실비집","198706.576103155    ","451810.647699719    ","서울특별시 종로구 관철동 11-11 "
"3000000-101-2002-11970","실비식당","198697.084384467    ","452029.674674531    ","서울특별시 종로구 인사동 90 "
"3000000-101-2002-11972","명동칼국수","201819.505161083    ","452434.938226703    ","서울특별시 종로구 숭인동 200-15 "
"3000000-101-2002-11973","품 청국장","199503.050654871    ","454066.222178827    ","서울특별시 종로구 명륜3가 1-205 "
"3000000-101-2002-11975","함평식당","201632.090573923    ","452148.472812568    ","서울특별시 종로구 숭인동 234-80 동일상가동 214호"
"3000000-101-2002-11977","하늘 아래 바람","199893.960124769    ","453290.067684848    ","서울특별시 종로구 명륜4가 154-12 "
"3000000-101-2002-11978","효자왕족발","197392.483380654    ","452945.245444314    ","서울특별시 종로구 통인동 147-12 "
"3000000-101-2002-11982","첼로","199187.415492397    ","452451.248888358    ","서울특별시 종로구 권농동 186 "
"3000000-101-2002-11984","쏘핫 마라탕","200937.751336767    ","452148.428156447    ","서울특별시 종로구 창신동 497-1  (지상1층) "
"3000000-101-2002-11988","오짱 찡어","201290.070419444    ","451995.957183818    ","서울특별시 종로구 창신동 401-41 "
"3000000-101-2002-11992","부산오뎅","199740.793577506    ","453497.969971281    ","서울특별시 종로구 명륜2가 224-1 "
"3000000-101-2002-11996","오라카이 라운지","198811.497417806    ","452301.907780717    ","서울특별시 종로구 낙원동 272 2층 오라카이인사동스위츠 "
"3000000-101-2002-11997","실내포장마차","200417.948002929    ","452481.876868344    ","서울특별시 종로구 충신동 33-12 1층 "
"3000000-101-2002-12009","철판남","197233.511341605    ","452734.425654957    ","서울특별시 종로구 필운동 155-2 "
"3000000-101-2002-12010","18cm","199101.834946567    ","452130.789140803    ","서울특별시 종로구 돈의동 93-6 "
"3000000-101-2002-12017","멘야산다이메","199906.010569506    ","453277.507143839    ","서울특별시 종로구 명륜4가 147-1 (지상1층) "
"3000000-101-2002-12018","문가네","201193.731289502    ","452202.362962269    ","서울특별시 종로구 창신동 330-59 "
"3000000-101-2002-12025","교촌치킨 숭인점","201703.941485075    ","452479.988390252    ","서울특별시 종로구 숭인동 183-13 "
"3000000-101-2002-12044","클럽에스프레소","196925.848272668    ","454483.196631026    ","서울특별시 종로구 부암동 257-1 "
"3000000-101-2002-12047","누룩나무","198529.85182784     ","452554.290520725    ","서울특별시 종로구 관훈동 118-19 "
"3000000-101-2002-12055","봄(BOM)","199115.038000796    ","452135.544811633    ","서울특별시 종로구 돈의동 153 "
"3000000-101-2002-12064","초원식당","198934.616790574    ","452159.75137599     ","서울특별시 종로구 낙원동 213-4 "
"3000000-101-2002-12068","하이스트 커피(highest coffee & juice)","200506.272619139    ","451989.471459404    ","서울특별시 종로구 종로5가 281-7 "
"3000000-101-2002-12082","라도스트","198524.413386701    ","451929.432640046    ","서울특별시 종로구 관철동 45-8 "
"3000000-101-2002-12083","멕시칸제일본점","200914.119316982    ","452378.770113967    ","서울특별시 종로구 창신동 583-14 "
"3000000-101-2002-12089","계경 순대국 동묘역점","201341.792748593    ","452222.308389227    ","서울특별시 종로구 숭인동 313-14 "
"3000000-101-2002-12091","해몽","198675.500461263    ","452096.090248826    ","서울특별시 종로구 인사동 231 지상1층 "
"3000000-101-2002-12094","인사동 다락","198713.668104368    ","452325.563953564    ","서울특별시 종로구 인사동 1-1 지하1층 "
"3000000-101-2002-12110","이리오너라","198692.627926952    ","451865.694333484    ","서울특별시 종로구 관철동 12-15 "
"3000000-101-2002-12117","매일치킨","200408.989246222    ","452633.977934071    ","서울특별시 종로구 충신동 51 "
"3000000-101-2002-12118","종로고기집 양연화로","198737.874073103    ","451883.761769509    ","서울특별시 종로구 관철동 13-5 "
"3000000-101-2002-12125","도트블랭킷","198266.716688413    ","453094.2220332      ","서울특별시 종로구 소격동 95 지상1층 "
"3000000-101-2002-12130","다락방","198744.767994092    ","451930.939476321    ","서울특별시 종로구 관철동 14-3 "
"3000000-101-2002-12133","브롱스","200859.564314933    ","452177.037254117    ","서울특별시 종로구 창신동 562 "
"3000000-101-2002-12135","한민국","200419.430439477    ","452038.857236764    ","서울특별시 종로구 종로5가 253-3 "
"3000000-101-2002-12136","빵& 빵","201666.56048038     ","452413.001676625    ","서울특별시 종로구 숭인동 207-24 "
"3000000-101-2002-12141","비비큐(BBQ)세검정점","196502.017455928    ","455463.74270557     ","서울특별시 종로구 신영동 131-2 1층 "
"3000000-101-2002-12148","주주연가(대학로점)","200114.951195492    ","453421.325549781    ","서울특별시 종로구 동숭동 1-35 지상4층 "
"3000000-101-2002-12152","커피북스","200212.045634789    ","452665.995150391    ","서울특별시 종로구 이화동 193-1 "
"3000000-101-2002-12163","털보감자탕","197434.679306642    ","452698.531937732    ","서울특별시 종로구 체부동 57 1층 "
"3000000-101-2002-12167","해천횟집","200887.000048039    ","452327.398644578    ","서울특별시 종로구 창신동 582-27 "
"3000000-101-2002-12169","에버그린","199692.370055737    ","453440.345889286    ","서울특별시 종로구 명륜3가 136-1 "
"3000000-101-2002-12170","정가네","196546.566346703    ","455540.988088785    ","서울특별시 종로구 신영동 119-1 1층 "
"3000000-101-2002-12176","제주5겹살","200031.226482075    ","453557.400004758    ","서울특별시 종로구 혜화동 144-1 "
"3000000-101-2002-12180","봉림대패","198527.940799251    ","451881.69254153     ","서울특별시 종로구 관철동 43-13 "
"3000000-101-2002-12182","엄마손식당","201863.642322151    ","452481.96501295     ","서울특별시 종로구 숭인동 1383 "
"3000000-101-2002-12193","연건식객","200103.818740216    ","452615.345721648    ","서울특별시 종로구 연건동 197-6 "
"3000000-101-2002-12195","풍년옥","197732.958482814    ","452124.39780361     ","서울특별시 종로구 당주동 17-1 "
"3000000-101-2002-12196","윤","197662.503910553    ","452189.09236786     ","서울특별시 종로구 당주동 5 "
"3000000-101-2002-12198","서울88맥주","199200.302628003    ","452279.371895932    ","서울특별시 종로구 묘동 100 (지상1층) "
"3000000-101-2002-12207","육즙당 광화문점","197724.940203039    ","452106.79376039     ","서울특별시 종로구 당주동 42-2 "
"3000000-101-2002-12208","거문고","198792.846957506    ","452159.936525484    ","서울특별시 종로구 인사동 43-1 "
"3000000-101-2002-12211","장고","198792.846957506    ","452159.936525484    ","서울특별시 종로구 인사동 43-1 "
"3000000-101-2002-12213","카리브","198656.818221482    ","452069.978090615    ","서울특별시 종로구 인사동 234 "
"3000000-101-2002-12215","하이드","198974.253086064    ","452087.114832796    ","서울특별시 종로구 낙원동 206 "
"3000000-101-2002-12216","우리식당","200904.097306757    ","452258.945717944    ","서울특별시 종로구 창신동 578-1 "
"3000000-101-2002-12220","이경문순대곱창","199121.437580258    ","452309.227123168    ","서울특별시 종로구 돈의동 11-1 1층 "
"3000000-101-2002-12221","헤븐온탑(heaven on top)","198327.982692929    ","453815.963768875    ","서울특별시 종로구 삼청동 35 "
"3000000-101-2002-12223","풍경","198769.01087886     ","452995.414442993    ","서울특별시 종로구 계동 140-55 "
"3000000-101-2002-12229","옹시미 경복궁점","197329.971870999    ","452666.42260926     ","서울특별시 종로구 내자동 29-2 "
"3000000-101-2002-12236","평안도만두집","197567.93800572     ","452276.454633376    ","서울특별시 종로구 내수동 167 "
"3000000-101-2002-12239","광주식당","199742.464452967    ","452438.963101039    ","서울특별시 종로구 인의동 3-1 1층 "
"3000000-101-2002-12240","금성해장국","200365.852284655    ","452054.014626518    ","서울특별시 종로구 종로5가 231-1 "
"3000000-101-2002-12249","린(Lynn)","198527.940799251    ","451881.69254153     ","서울특별시 종로구 관철동 43-13 지상6층 "
"3000000-101-2002-12250","왕초바베큐 종로점","198600.044394976    ","451890.546463187    ","서울특별시 종로구 관철동 19-16 지상1층 "
"3000000-101-2002-12256","돈치킨 종로5가점","200083.007500899    ","452134.635932835    ","서울특별시 종로구 효제동 330 1층 "
"3000000-101-2002-12257","한옥갈비","198962.57531706     ","452215.205219118    ","서울특별시 종로구 낙원동 138-1 "
"3000000-101-2002-12258","콩나물국밥&코다리찜","200223.066648913    ","452625.631872059    ","서울특별시 종로구 이화동 207-2 "
"3000000-101-2002-12260","한옥갈비","198962.57531706     ","452215.205219118    ","서울특별시 종로구 낙원동 138-1 2층 "
"3000000-101-2002-12267","감나무집","197627.364408924    ","452030.873119744    ","서울특별시 종로구 신문로1가 35-2 "
"3000000-101-2002-12280","통다리치킨","198683.857881081    ","452979.340338063    ","서울특별시 종로구 재동 46-1 "
"3000000-101-2002-12282","포보","199809.679363278    ","453446.619219333    ","서울특별시 종로구 명륜2가 199-8 "
"3000000-101-2002-12284","세운수산","199633.291540202    ","452068.662313241    ","서울특별시 종로구 종로4가 33-1 "
"3000000-101-2002-12286","티퍼런스(Teafference)","199129.65832612     ","452402.028532737    ","서울특별시 종로구 묘동 141 "
"3000000-101-2002-12292","용금옥","197360.943896214    ","453053.009718344    ","서울특별시 종로구 통인동 118-5 "
"3000000-101-2002-12300","창신회관","201087.502565457    ","452143.588489102    ","서울특별시 종로구 창신동 457-3 "
"3000000-101-2002-12306","코야코","200311.616334189    ","453225.995421576    ","서울특별시 종로구 동숭동 128-5 지상1층 "
"3000000-101-2002-12311","수원성갈비","200922.630160867    ","452325.639233516    ","서울특별시 종로구 창신동 582-22 "
"3000000-101-2002-12312","용궁","200940.357030819    ","452406.711189404    ","서울특별시 종로구 창신동 131-9 "
"3000000-101-2002-12316","쿠바","199971.079884139    ","453243.242818281    ","서울특별시 종로구 명륜4가 129 "
"3000000-101-2002-12324","야젠","199949.829391198    ","452143.538620201    ","서울특별시 종로구 종로5가 120-6 "
"3000000-101-2002-12326","혜화양육관","200003.237283373    ","453366.253381843    ","서울특별시 종로구 명륜4가 36-1 "
"3000000-101-2002-12328","뎁짜이","199862.937417662    ","453342.853736984    ","서울특별시 종로구 명륜4가 170-2 "
"3000000-101-2002-12337","떡상","198588.445022227    ","452528.915764704    ","서울특별시 종로구 관훈동 89 "
"3000000-101-2002-12347","일번지 고기집","200162.63552583     ","452421.670279568    ","서울특별시 종로구 효제동 77 (지상2층) "
"3000000-101-2003-00002","부페 아리스","200005.092278654    ","453246.43399897     ","서울특별시 종로구 명륜4가 121 "
"3000000-101-2003-00005","레드핑거","200006.578203973    ","453598.296456277    ","서울특별시 종로구 혜화동 138 지하1층 "
"3000000-101-2003-00008","프랜드","197573.030749573    ","452175.335781858    ","서울특별시 종로구 당주동 100 "
"3000000-101-2003-00009","백송","199086.366465762    ","452431.177847149    ","서울특별시 종로구 익선동 115 "
"3000000-101-2003-00014","호남식당","201352.695219327    ","452502.007925298    ","서울특별시 종로구 숭인동 65-6 "
"3000000-101-2003-00016","로쏘(Rosso)","198274.792489526    ","453397.053554471    ","서울특별시 종로구 팔판동 40-1 지상1층 "
"3000000-101-2003-00017","광화문 뚝감","197507.405849417    ","452201.789572702    ","서울특별시 종로구 당주동 128-14 "
"3000000-101-2003-00020","더정 우롱티프로젝트 서촌본점(DEJENG OOLONG TEA PROJECT)","197451.606521987    ","452797.930744999    ","서울특별시 종로구 체부동 43 "
"3000000-101-2003-00029","보원죽집","198062.887604585    ","451944.499629593    ","서울특별시 종로구 서린동 136 센트럴빌딩 지하상가 "
"3000000-101-2003-00031","안동네","198652.06437609     ","451859.031595125    ","서울특별시 종로구 관철동 32-5 "
"3000000-101-2003-00035","양궈푸마라탕 성균관대점","199703.06826511     ","453532.305546579    ","서울특별시 종로구 명륜2가 216-2 지상 1층 "
"3000000-101-2003-00036","상수곱창","197302.296489158    ","452690.835506396    ","서울특별시 종로구 필운동 204-2 지상1층 "
"3000000-101-2003-00037","소우","197724.940203039    ","452106.79376039     ","서울특별시 종로구 당주동 42-2 "
"3000000-101-2003-00038","라면점빵","197291.393119176    ","452700.555639046    ","서울특별시 종로구 필운동 202 "
"3000000-101-2003-00041","케이포(K-pho)","197604.852809624    ","452676.119879186    ","서울특별시 종로구 적선동 20 지하1층 "
"3000000-101-2003-00046","로마네꽁띠","198375.266362787    ","453566.53344774     ","서울특별시 종로구 삼청동 62-6 "
"3000000-101-2003-00053","신가네 족발 이만냥","200534.83083931     ","452142.486156806    ","서울특별시 종로구 종로6가 128-1 "
"3000000-101-2003-00060","하우마라탕","198914.988666314    ","451918.932552893    ","서울특별시 종로구 관철동 5-1 지상2층 "
"3000000-101-2003-00064","이남장광화문점","198063.052570633    ","452190.605539196    ","서울특별시 종로구 청진동 244 "
"3000000-101-2003-00067","아디오도시 (addiodosi)","197408.108672583    ","452590.418814542    ","서울특별시 종로구 내자동 107-1 지상1층 "
"3000000-101-2003-00068","미리내분식","201184.601412855    ","452058.293498103    ","서울특별시 종로구 창신동 413-1 "
"3000000-101-2003-00069","와글와글","200886.141034997    ","452232.54928297     ","서울특별시 종로구 창신동 573-1 "
"3000000-101-2003-00070","동학","199853.450190638    ","453494.196880653    ","서울특별시 종로구 명륜2가 167-6 지상1층 "
"3000000-101-2003-00078","에베레스트","201035.357569809    ","452256.067308891    ","서울특별시 종로구 창신동 148-1 "
"3000000-101-2003-00083","해물섬","199116.25551171     ","452375.876148311    ","서울특별시 종로구 익선동 158-1 지상1층 "
"3000000-101-2003-00085","종각상회","199970.573208115    ","452137.248682817    ","서울특별시 종로구 종로5가 104-6 "
"3000000-101-2003-00088","믈루","199121.578122194    ","452574.138310399    ","서울특별시 종로구 와룡동 90-3 외 2필지 "
"3000000-101-2003-00092","나지트 (Nazit)","199884.818968129    ","453284.763859217    ","서울특별시 종로구 명륜4가 154-13 "
"3000000-101-2003-00100","프라이팬(Frypan)","199450.788386081    ","454079.21337851     ","서울특별시 종로구 명륜3가 1-26 "
"3000000-101-2003-00102","보드람치킨대학로점","200023.629124249    ","453510.946651784    ","서울특별시 종로구 명륜2가 24-1 지상1층 "
"3000000-101-2003-00105","닭치고 포차","201390.707752152    ","452463.624197671    ","서울특별시 종로구 숭인동 72-62 지상1층 "
"3000000-101-2003-00109","이디야커피 종각점","198712.246685116    ","451930.87120377     ","서울특별시 종로구 관철동 14-7 "
"3000000-101-2003-00113","삼삼뚝배기","200302.068150883    ","453136.984698159    ","서울특별시 종로구 동숭동 1-147 "
"3000000-101-2003-00118","고운당","197523.737463997    ","452961.009675811    ","서울특별시 종로구 통의동 21 "
"3000000-101-2003-00121","향교 나주곰탕","198733.4026422      ","452343.630760684    ","서울특별시 종로구 인사동 4 "
"3000000-101-2003-00122","청진영양센타","198137.261867254    ","452212.063292358    ","서울특별시 종로구 청진동 206-3 "
"3000000-101-2003-00124","홍콩반점","201590.53885212     ","452134.528076072    ","서울특별시 종로구 숭인동 234-45 2층 "
"3000000-101-2003-00125","마셔(Masheo)","197565.558055019    ","452681.422813897    ","서울특별시 종로구 적선동 97 지상1층 "
"3000000-101-2003-00131","조은친구들","199918.139450763    ","453357.597481473    ","서울특별시 종로구 명륜4가 63-2 지하1층 "
"3000000-101-2003-00134","미스터순두부","200056.510139475    ","452135.101134699    ","서울특별시 종로구 연지동 275-1 "
"3000000-101-2003-00143","본고향맛집","201356.103628287    ","452134.445679916    ","서울특별시 종로구 숭인동 317-20 1층 "
"3000000-101-2003-00150","반가","197335.444050693    ","452587.48725476     ","서울특별시 종로구 내자동 150-1 "
"3000000-101-2003-00153","목마와 숙녀","197573.030749573    ","452175.335781858    ","서울특별시 종로구 당주동 100 지하1층 101호"
"3000000-101-2003-00159","샤브로21 대학로점","199907.358176345    ","453310.700518421    ","서울특별시 종로구 명륜4가 154-2 지상1층 "
"3000000-101-2003-00161","금홍식당","201333.531619302    ","452629.811809829    ","서울특별시 종로구 숭인동 63-2 "
"3000000-101-2003-00162","피아노","199826.205827729    ","452259.300048914    ","서울특별시 종로구 인의동 28-26 "
"3000000-101-2003-00165","(주) 해늘 (종로 생골뱅이)","200078.997295702    ","452111.913378306    ","서울특별시 종로구 종로5가 87-1 "
"3000000-101-2003-00172","동원참치(세종점)","197625.380863632    ","452298.145758844    ","서울특별시 종로구 내수동 3 ,지상1층 "
"3000000-101-2003-00175","고래","197483.55132808     ","452953.575346872    ","서울특별시 종로구 통의동 81 "
"3000000-101-2003-00176","행복하면돼지","201273.371187276    ","452474.378892471    ","서울특별시 종로구 창신동 81-5 지상1층 "
"3000000-101-2003-00182","거성","197766.998422064    ","451932.686795823    ","서울특별시 종로구 신문로1가 158 (지상1층) "
"3000000-101-2003-00189","숟가락","199216.016287682    ","451866.803162066    ","서울특별시 종로구 관수동 82 "
"3000000-101-2003-00190","동대문 정육식당","200905.796349553    ","452092.745118536    ","서울특별시 종로구 창신동 462-5 지상1층 "
"3000000-101-2003-00193","바르도","197573.030749573    ","452175.335781858    ","서울특별시 종로구 당주동 100 세종빌딩 지하20호 "
"3000000-101-2003-00202","고기가","196304.887124157    ","456051.737698548    ","서울특별시 종로구 구기동 58-1 지상2층 "
"3000000-101-2003-00210","칼국수닷컴","199695.181641568    ","452434.707467137    ","서울특별시 종로구 인의동 49-1 "
"3000000-101-2003-00215","명보","201260.630787122    ","452952.876325823    ","서울특별시 종로구 창신동 17-46 우리은행 1층 "
"3000000-101-2003-00219","둘둘","200099.032850302    ","452925.449270507    ","서울특별시 종로구 연건동 76 "
"3000000-101-2003-00221","선미원","198062.887604585    ","451944.499629593    ","서울특별시 종로구 서린동 136 지하1층 "
"3000000-101-2003-00223","종로제면소","199101.130321378    ","452277.316878936    ","서울특별시 종로구 돈의동 47 "
"3000000-101-2003-00228","꿈꾸는커피","199913.736412998    ","452181.573855188    ","서울특별시 종로구 연지동 254-1 "
"3000000-101-2003-00233","떳다종로왕순대","200465.398242802    ","451958.554945505    ","서울특별시 종로구 종로5가 440-1 지상1,2층 "
"3000000-101-2003-00247","옥토버훼스트","198207.279003982    ","452082.344195698    ","서울특별시 종로구 청진동 136 지상1층 "
"3000000-101-2003-00249","안성또순이","197428.132636301    ","452159.164977968    ","서울특별시 종로구 신문로2가 1-161 "
"3000000-101-2003-00251","배부장찌개","200078.609205934    ","452158.608873517    ","서울특별시 종로구 효제동 318-1 지상1층 "
"3000000-101-2003-00255","해정국수","201666.56048038     ","452413.001676625    ","서울특별시 종로구 숭인동 207-24 "
"3000000-101-2003-00257","명륜판면","199706.120891468    ","453592.054492731    ","서울특별시 종로구 명륜2가 114-2 지상1층 "
"3000000-101-2003-00258","교촌치킨대학로점","199972.881431778    ","453308.674806807    ","서울특별시 종로구 명륜4가 113-1 지상1층 "
"3000000-101-2003-00262","본가집","200903.511794251    ","452195.678021044    ","서울특별시 종로구 창신동 552 "
"3000000-101-2003-00269","고추잠자리","199115.038000796    ","452135.544811633    ","서울특별시 종로구 돈의동 153 "
"3000000-101-2003-00273","효자에프앤비","197390.008888276    ","452954.905651651    ","서울특별시 종로구 통인동 147-13 "
"3000000-101-2003-00275","마라소관","201197.257084082    ","452009.147712108    ","서울특별시 종로구 창신동 411-7 "
"3000000-101-2003-00283","진중 우육면관 별관","198706.576103155    ","451810.647699719    ","서울특별시 종로구 관철동 11-11 1층 "
"3000000-101-2003-00293","비비돈가스","198076.878950513    ","452402.195269511    ","서울특별시 종로구 수송동 146-1 지하1층 "
"3000000-101-2003-00294","유영식당","199377.832086443    ","451856.431673256    ","서울특별시 종로구 장사동 210-1 "
"3000000-101-2003-00299","비지문(BG Muhn)","198380.904316137    ","453865.701836294    ","서울특별시 종로구 삼청동 27-17 "
"3000000-101-2003-00301","9번지해장국","199888.158849422    ","454192.582396951    ","서울특별시 종로구 혜화동 9-12 "
"3000000-101-2003-00312","멜팅그릴 상명대점","196036.761890225    ","455409.412552314    ","서울특별시 종로구 홍지동 55-1 (지하1층) "
"3000000-101-2003-00327","신의주찹쌀순대","198671.901579423    ","452731.71785072     ","서울특별시 종로구 재동 111-1 지상1층 "
"3000000-101-2003-00338","노가네","199373.709969252    ","454116.666221758    ","서울특별시 종로구 명륜3가 1-163 "
"3000000-101-2003-00340","써브웨이 성대점","199799.941178077    ","453354.639847989    ","서울특별시 종로구 명륜4가 188-4 "
"3000000-101-2003-00341","익선노가리","198940.012080452    ","452269.605908223    ","서울특별시 종로구 낙원동 102 "
"3000000-101-2003-00342","송현식당","199710.044554901    ","453519.619740962    ","서울특별시 종로구 명륜2가 217 "
"3000000-101-2003-00357","김밥나라","201300.884896271    ","452477.319082432    ","서울특별시 종로구 창신동 80-8 지상1층 "
"3000000-101-2003-00361","하이웨스트 익선(Highwaist)","199111.691512503    ","452318.277827795    ","서울특별시 종로구 돈의동 13 지상1층 "
"3000000-101-2003-00362","퓨리안","200113.874740135    ","453549.526436303    ","서울특별시 종로구 혜화동 90-18 씨티벨리빌딩 지하동 201호"
"3000000-101-2003-00366","서촌친구네","197333.625719471    ","452679.331110185    ","서울특별시 종로구 내자동 30 "
"3000000-101-2003-00367","탐라순대국감자탕 광화문점","197694.483927173    ","452054.535485064    ","서울특별시 종로구 당주동 170-2 "
"3000000-101-2003-00379","목석정","198261.373046904    ","453424.670423951    ","서울특별시 종로구 팔판동 104-8 "
"3000000-101-2003-00382","종로3가 장군굴보쌈","199120.944250601    ","451956.209153716    ","서울특별시 종로구 관수동 40 지상1층 "
"3000000-101-2003-00384","미래향","197150.556560634    ","451835.863444917    ","서울특별시 종로구 신문로2가 7-22 지하1층 "
"3000000-101-2003-00402","쎄븐.프렌즈","197695.669525769    ","452110.487747195    ","서울특별시 종로구 당주동 41 지상3층 "
"3000000-101-2003-00404","오리마을","201260.630787122    ","452952.876325823    ","서울특별시 종로구 창신동 17-46 우리은행 "
"3000000-101-2003-00406","중원내자점","197353.629231254    ","452504.60417244     ","서울특별시 종로구 내자동 178-1 "
"3000000-101-2003-00407","뿌자","201165.303054224    ","452274.34154473     ","서울특별시 종로구 창신동 207 "
"3000000-101-2003-00408","커피중공업","200354.840021683    ","453177.658830405    ","서울특별시 종로구 동숭동 130-17 "
"3000000-101-2003-00411","빨간계단","196014.112742934    ","455414.573207966    ","서울특별시 종로구 홍지동 20-12 지상1층 "
"3000000-101-2003-00422","이스턴 베어","200865.651819822    ","452277.040460923    ","서울특별시 종로구 창신동 651-46 (지상1층) "
"3000000-101-2003-00424","써니 & 푸드","201905.282909761    ","452478.636909053    ","서울특별시 종로구 숭인동 1375 "
"3000000-101-2003-00426","일품당샤브샤브","197726.872179883    ","452135.889729992    ","서울특별시 종로구 당주동 16-1 "
"3000000-101-2003-00435","서유기(구 나폴리)","201966.262330671    ","452287.609465238    ","서울특별시 종로구 숭인동 1422 "
"3000000-101-2003-00437","진고집 동해 동태탕","201335.696270738    ","452231.329500518    ","서울특별시 종로구 숭인동 313-8 "
"3000000-101-2003-00440","비나리","198205.416336649    ","452809.493492788    ","서울특별시 종로구 사간동 93 지상2,3층 "
"3000000-101-2003-00448","삼청동 우피(WOOFY)","198323.334507903    ","453685.689509532    ","서울특별시 종로구 삼청동 113-4 지상1층 "
"3000000-101-2003-00449","광화문집","197720.68375859     ","452120.463677632    ","서울특별시 종로구 당주동 43 "
"3000000-101-2003-00468","을밀대","198894.093376875    ","452240.358560278    ","서울특별시 종로구 낙원동 241-8 "
"3000000-101-2003-00473","레이니어","199679.728155938    ","453579.710857546    ","서울특별시 종로구 명륜2가 138-1 (138-1 외1필지) "
"3000000-101-2003-00478","전주집","198664.251856185    ","452154.942064612    ","서울특별시 종로구 인사동 220-10 "
"3000000-101-2003-00487","국향","199045.043602772    ","451939.677286976    ","서울특별시 종로구 관수동 20 (20 외2필지), 지상15층 "
"3000000-101-2003-00488","조가네","199672.01089913     ","453540.1929209      ","서울특별시 종로구 명륜3가 117-1 "
"3000000-101-2003-00491","정원횟집","200338.734075362    ","452024.24437871     ","서울특별시 종로구 종로5가 231-29 "
"3000000-101-2003-00492","도토리 소반","200026.692688841    ","453279.044229352    ","서울특별시 종로구 명륜4가 107 지상2층 "
"3000000-101-2003-00493","달","198343.947551834    ","453502.339550033    ","서울특별시 종로구 삼청동 63-35 지상1층 "
"3000000-101-2003-00494","나라회관","198316.676237511    ","452176.02542859     ","서울특별시 종로구 청진동 60 "
"3000000-101-2003-00501","라마다식당","201915.038          ","452657.129666667    ","서울특별시 종로구 숭인동 1252 외 4필지 "
"3000000-101-2003-00510","행아웃","199075.146836193    ","452362.029999261    ","서울특별시 종로구 익선동 166-22 "
"3000000-101-2004-00001","유진","196495.151850172    ","452447.952727925    ","서울특별시 종로구 무악동 46-923 지하1층,지상1층 "
"3000000-101-2004-00006","우정 광화문점","197567.849954354    ","452567.159554494    ","서울특별시 종로구 적선동 80 지하1층 32호 "
"3000000-101-2004-00009","서울레코드펍","198947.116817295    ","451941.362137669    ","서울특별시 종로구 관수동 3-3 2층 "
"3000000-101-2004-00011","탑동식당","201235.277092883    ","452157.837693456    ","서울특별시 종로구 창신동 330-49 "
"3000000-101-2004-00015","서울적십자병원","197013.490218964    ","451678.787536538    ","서울특별시 종로구 평동 164 "
"3000000-101-2004-00021","덕송","196215.891675956    ","452514.036271542    ","서울특별시 종로구 무악동 43 지상1층 "
"3000000-101-2004-00026","왕십리 순대국","200223.066648913    ","452625.631872059    ","서울특별시 종로구 이화동 207-2 지상1층 "
"3000000-101-2004-00037","써브웨이 북촌점","198742.659391924    ","452814.32796848     ","서울특별시 종로구 계동 146-1 "
"3000000-101-2004-00038","숨은 고깃집","198770.899473612    ","452239.272277166    ","서울특별시 종로구 인사동 36-1 (지상2층) "
"3000000-101-2004-00050","흥부랑제비랑","198644.739651596    ","452088.494319761    ","서울특별시 종로구 인사동 237 "
"3000000-101-2004-00053","와돈창신점","201308.567958157    ","452920.954055567    ","서울특별시 종로구 숭인동 53-7 "
"3000000-101-2004-00060","공드리 상명대점","196065.157232057    ","455449.442660027    ","서울특별시 종로구 홍지동 60-2 지하1층 "
"3000000-101-2004-00061","행복을주는음식하우스","197782.622849854    ","456220.012148299    ","서울특별시 종로구 평창동 64-3 102호 "
"3000000-101-2004-00062","내자살롱","197367.166057979    ","452539.849381395    ","서울특별시 종로구 내자동 184 "
"3000000-101-2004-00063","종로김밥","200647.01325068     ","452054.764927519    ","서울특별시 종로구 종로6가 289-57 503호 "
"3000000-101-2004-00066","큰손갈비","200925.544639205    ","452240.494162184    ","서울특별시 종로구 창신동 580-30 지상1층 "
"3000000-101-2004-00067","월선네","199893.669907117    ","452177.248307966    ","서울특별시 종로구 인의동 36 지상1층 "
"3000000-101-2004-00073","동대문커피팩토리","200647.01325068     ","452054.764927519    ","서울특별시 종로구 종로6가 289-57 지상5층 "
"3000000-101-2004-00074","미래","200647.01325068     ","452054.764927519    ","서울특별시 종로구 종로6가 289-57 동대문쇼핑타운 5층 505호 "
"3000000-101-2004-00075","산채랑","200647.01325068     ","452054.764927519    ","서울특별시 종로구 종로6가 289-57 외 3필지 "
"3000000-101-2004-00077","먹고갈래지고갈래","198950.620821479    ","452163.69208989     ","서울특별시 종로구 낙원동 212 "
"3000000-101-2004-00079","고래","199116.939076364    ","452352.764440015    ","서울특별시 종로구 익선동 159 지상 1층 "
"3000000-101-2004-00086","엘리트","199703.06826511     ","453532.305546579    ","서울특별시 종로구 명륜2가 216-2 지하1층 "
"3000000-101-2004-00095","맥썸","200013.660313627    ","453450.695152508    ","서울특별시 종로구 명륜4가 8-1 2층 "
"3000000-101-2004-00100","소선재 푸드랩","198319.877972703    ","453692.240515953    ","서울특별시 종로구 삼청동 113-3 "
"3000000-101-2004-00101","전주집","200979.578498126    ","452254.887579445    ","서울특별시 종로구 창신동 580-7 지상1층 "
"3000000-101-2004-00105","익선동 목장 2호점","199145.345020111    ","452336.220823185    ","서울특별시 종로구 묘동 157-1 "
"3000000-101-2004-00108","복호포차","199024.157836526    ","452271.413337643    ","서울특별시 종로구 낙원동 121-1 "
"3000000-101-2004-00114","이화골","198935.574196896    ","452565.25730217     ","서울특별시 종로구 익선동 7 "
"3000000-101-2004-00116","런던베이글뮤지엄 안국 2층 (LONDON BAGEL MUSEUM)","198725.980517437    ","452994.523270389    ","서울특별시 종로구 계동 102-1 "
"3000000-101-2004-00120","마중","199885.137384154    ","452227.53240622     ","서울특별시 종로구 연지동 206 지상1층 "
"3000000-101-2004-00123","경희궁부페","197583.394691008    ","452513.612017871    ","서울특별시 종로구 적선동 122-1 "
"3000000-101-2004-00131","유월","196254.045788817    ","456079.134074823    ","서울특별시 종로구 구기동 95-26 지하1층 "
"3000000-101-2004-00140","레써피","197429.345895253    ","453119.017441904    ","서울특별시 종로구 창성동 98-17 "
"3000000-101-2004-00143","익선 세겹살","199113.616405792    ","452340.432454185    ","서울특별시 종로구 익선동 160-3 "
"3000000-101-2004-00152","전주식당","196573.734431315    ","452658.455979926    ","서울특별시 종로구 무악동 46-1548 "
"3000000-101-2004-00155","카페 아이엠티 수송점","198356.494550678    ","452538.182299039    ","서울특별시 종로구 수송동 15 "
"3000000-101-2004-00158","헤이커피(hey, coffee)","199984.542025434    ","453303.686874532    ","서울특별시 종로구 명륜4가 112-6 "
"3000000-101-2004-00162","몽마르지","197439.931658915    ","452828.178395202    ","서울특별시 종로구 체부동 38 "
"3000000-101-2004-00169","오며가며","200282.677093922    ","453138.499069858    ","서울특별시 종로구 동숭동 1-143 "
"3000000-101-2004-00175","영일식당","199633.723224022    ","453960.115282013    ","서울특별시 종로구 명륜1가 10-27 지상1층 "
"3000000-101-2004-00176","은성한정식","198295.769716904    ","452305.26105532     ","서울특별시 종로구 수송동 46-24 외1필지지상1,2층 "
"3000000-101-2004-00182","봉피양 삼청","198300.082625241    ","453406.588268007    ","서울특별시 종로구 팔판동 35-1 백월빌딩 2층 "
"3000000-101-2004-00184","리플린하우스(leaflyene house)","198229.603220236    ","453242.569016769    ","서울특별시 종로구 팔판동 156 "
"3000000-101-2004-00185","오도집","198356.494550678    ","452538.182299039    ","서울특별시 종로구 수송동 15 지상1층 "
"3000000-101-2004-00190","영순이네곱창","200855.902563892    ","452248.430453421    ","서울특별시 종로구 창신동 687-43 "
"3000000-101-2004-00197","올인","199115.038000796    ","452135.544811633    ","서울특별시 종로구 돈의동 153 "
"3000000-101-2004-00200","오봉집 종로점","198503.884115699    ","451874.997658811    ","서울특별시 종로구 관철동 44-5 "
"3000000-101-2004-00201","성원 통 고깃집","197372.048612112    ","452952.377747989    ","서울특별시 종로구 통인동 147-14 "
"3000000-101-2004-00203","생선구이구이전문점","197583.394691008    ","452513.612017871    ","서울특별시 종로구 적선동 122-1 지층4호 "
"3000000-101-2004-00211","서울식품","199155.849708589    ","451856.840379113    ","서울특별시 종로구 관수동 102-1 "
"3000000-101-2004-00213","김가네","198950.620821479    ","452163.69208989     ","서울특별시 종로구 낙원동 212 지상1층 "
"3000000-101-2004-00216","두례부페","199052.164234663    ","452535.569961658    ","서울특별시 종로구 익선동 55 (B102,103호) "
"3000000-101-2004-00219","시실리(時失里)","199595.086150495    ","452014.158781822    ","서울특별시 종로구 종로4가 70 "
"3000000-101-2004-00221","소야원","197344.751078721    ","452584.08083961     ","서울특별시 종로구 내자동 151-2 "
"3000000-101-2004-00224","온센","198665.526266626    ","452741.401208035    ","서울특별시 종로구 재동 111-9 "
"3000000-101-2004-00227","비어 파라솔","199896.514077918    ","453357.586855699    ","서울특별시 종로구 명륜4가 173-2 "
"3000000-101-2004-00228","고창선운사풍천장어금정","200302.490941263    ","452126.969269823    ","서울특별시 종로구 종로5가 31 "
"3000000-101-2004-00229","서울풍경","198341.605922532    ","452957.22837825     ","서울특별시 종로구 소격동 150 "
"3000000-101-2004-00236","로씨니","198702.011340955    ","452921.359910629    ","서울특별시 종로구 재동 54-5 "
"3000000-101-2004-00247","갓포우오 종각점","198541.72075378     ","451935.633974889    ","서울특별시 종로구 관철동 45-1 대왕빌딩 2층 "
"3000000-101-2004-00248","막둥이 실내포차","201893.686003164    ","452465.71473841     ","서울특별시 종로구 숭인동 1376 지상2층 "
"3000000-101-2004-00254","커리락","197567.849954354    ","452567.159554494    ","서울특별시 종로구 적선동 80 지하1층 "
"3000000-101-2004-00267","샤브래대학로점","200075.787510648    ","452893.057294685    ","서울특별시 종로구 연건동 80-2 "
"3000000-101-2004-00275","티엘씨(TLC)","197465.223921125    ","452366.613899898    ","서울특별시 종로구 내수동 72 경희궁의아침3단지 1층 173,174호 "
"3000000-101-2004-00277","조약돌","199122.957168676    ","452139.198636684    ","서울특별시 종로구 돈의동 152-2 지상1층 "
"3000000-101-2004-00294","Bar Nahbi(나비)","201298.04985932     ","452042.301331062    ","서울특별시 종로구 창신동 403-3 지상1층 "
"3000000-101-2004-00299","명동찌개 마을","199068.868143853    ","452059.813314623    ","서울특별시 종로구 낙원동 193 지하1층 "
"3000000-101-2004-00302","늘단비","198293.840489279    ","452192.43595161     ","서울특별시 종로구 청진동 47 "
"3000000-101-2004-00307","이란식당","201271.416358292    ","452062.481208087    ","서울특별시 종로구 창신동 404-4 외1필지(404-5) "
"3000000-101-2004-00308","김밥친구","199508.782064652    ","454024.015766465    ","서울특별시 종로구 명륜3가 1-112 "
"3000000-101-2004-00313","메가엠지씨커피 종로낙원점","198863.14636817     ","452389.307405288    ","서울특별시 종로구 낙원동 9 "
"3000000-101-2004-00317","순남시래기","197595.161312175    ","452460.054621887    ","서울특별시 종로구 적선동 156 광화문쌍용빌딩 지108호 "
"3000000-101-2004-00321","먹쉬돈나 에프앤비","198338.65119739     ","453459.641244806    ","서울특별시 종로구 삼청동 63-28 "
"3000000-101-2004-00329","허깨비주막","201269.668959408    ","452080.693591509    ","서울특별시 종로구 창신동 392-4 "
"3000000-101-2004-00333","독립밀방 익선","199072.896479496    ","452419.306529213    ","서울특별시 종로구 익선동 121 "
"3000000-101-2004-00340","워싱턴","198913.496136105    ","452416.170780139    ","서울특별시 종로구 낙원동 58-1 외6필지 지층동 119호"
"3000000-101-2004-00346","옛날국수맛집","197465.578484193    ","452749.997249116    ","서울특별시 종로구 체부동 47-1 "
"3000000-101-2004-00351","신라 갈비","200289.509574092    ","452120.645782129    ","서울특별시 종로구 종로5가 37 "
"3000000-101-2004-00352","(주)나주소 나주곰탕","197665.05263825     ","452021.093273566    ","서울특별시 종로구 신문로1가 29 지상1층 "
"3000000-101-2004-00356","산타치킨","196230.717211362    ","452476.181064583    ","서울특별시 종로구 무악동 45-60 외2필지(45-61,45-424)지상1층 "
"3000000-101-2004-00357","국수가","200315.892488457    ","453172.551709301    ","서울특별시 종로구 동숭동 130-33 지하1, 지상1층 일부 "
"3000000-101-2004-00364","오마이뎅","199743.294589738    ","453529.00369153     ","서울특별시 종로구 명륜2가 148 지상 2층 "
"3000000-101-2004-00365","모던의 행복한밥상","197618.514034905    ","452691.170629318    ","서울특별시 종로구 통의동 36 지상1층 "
"3000000-101-2004-00366","도원아구","198863.14636817     ","452389.307405288    ","서울특별시 종로구 낙원동 9 지상1층 "
"3000000-101-2004-00367","Good Food(굿푸드)분식점","197595.161312175    ","452460.054621887    ","서울특별시 종로구 적선동 156 지항112호 "
"3000000-101-2004-00371","이모네 감자탕","197742.903976379    ","452109.176396149    ","서울특별시 종로구 당주동 19 지상1층 "
"3000000-101-2004-00375","일품양평해장국","200070.048653319    ","452114.591159727    ","서울특별시 종로구 종로5가 88-3 "
"3000000-101-2004-00379","캠브리지Ⅱ","199677.978076563    ","453462.683320195    ","서울특별시 종로구 명륜3가 126-2 지상 2층 "
"3000000-101-2004-00381","춘천 닭갈비","197360.127568676    ","452695.639142169    ","서울특별시 종로구 체부동 196 "
"3000000-101-2004-00382","그녀의족발","197697.555520377    ","452045.21198934     ","서울특별시 종로구 당주동 171 지상2층 "
"3000000-101-2004-00383","문향재","198443.334014294    ","453003.324345373    ","서울특별시 종로구 화동 106-2 지상1층 "
"3000000-101-2004-00384","광화문우아","197742.903976379    ","452109.176396149    ","서울특별시 종로구 당주동 19 "
"3000000-101-2004-00385","강구미주구리","197548.430522582    ","452710.544474518    ","서울특별시 종로구 통의동 46-2 "
"3000000-101-2004-00387","신의주 찹쌀 순대","197478.53747014     ","452259.334813912    ","서울특별시 종로구 내수동 73 경희궁아침4단지 108,109,110,111호 "
"3000000-101-2004-00390","고베규카츠 대학로점","199924.385539799    ","453334.310541567    ","서울특별시 종로구 명륜4가 76 1,2층 "
"3000000-101-2004-00394","두가헌 유한회사","198190.322155863    ","452751.055024281    ","서울특별시 종로구 사간동 108 "
"3000000-101-2004-00395","소리골","197742.903976379    ","452109.176396149    ","서울특별시 종로구 당주동 19 "
"3000000-101-2004-00400","자갈치","199052.87661739     ","452457.191133871    ","서울특별시 종로구 익선동 97 1층 "
"3000000-101-2004-00401","원당감자탕","201397.028972048    ","452358.88144457     ","서울특별시 종로구 숭인동 102-1 조치과의원, 1층 "
"3000000-101-2004-00404","영화관옆 호프집","199176.153872896    ","452106.28313512     ","서울특별시 종로구 돈의동 136 지상2층 "
"3000000-101-2004-00405","스시야","199217.330753904    ","451974.244323975    ","서울특별시 종로구 종로3가 132-1 "
"3000000-101-2004-00422","프랜즈","198945.860626514    ","452289.752900745    ","서울특별시 종로구 낙원동 88-2 "
"3000000-101-2004-00424","제이에스피","198962.57531706     ","452215.205219118    ","서울특별시 종로구 낙원동 138-1 "
"3000000-101-2004-00427","한촌설렁탕 대학로점","200067.017241362    ","453326.962181069    ","서울특별시 종로구 명륜4가 90 "
"3000000-101-2004-00430","영일만친구","197478.53747014     ","452259.334813912    ","서울특별시 종로구 내수동 73 (경희궁4단지 지하2층B140호 ~ B155호) "
"3000000-101-2004-00441","맛밥김밥전문점","199991.21779633     ","453663.174647845    ","서울특별시 종로구 혜화동 126-4 지상1층 "
"3000000-101-2004-00449","소반","199513.679803121    ","454052.8278733      ","서울특별시 종로구 명륜3가 1-211 "
"3000000-101-2004-00456","컴포즈커피 혜화경찰서점","199890.45657851     ","452214.433795095    ","서울특별시 종로구 연지동 209 "
"3000000-101-2004-00461","스시애","200169.910158906    ","452146.159638737    ","서울특별시 종로구 효제동 245-12 지상1층 "
"3000000-101-2004-00462","원준네식당","201168.350187013    ","453134.920223381    ","서울특별시 종로구 창신동 702 창신쌍용아파트 1지구 상가동 116호"
"3000000-101-2004-00465","토속정","198454.588761761    ","451879.773068402    ","서울특별시 종로구 관철동 263 1층 "
"3000000-101-2004-00466","대명천지","199867.096699895    ","453411.269175447    ","서울특별시 종로구 명륜2가 186-2 "
"3000000-101-2004-00474","순희네빈대떡","199994.603050294    ","452036.931243466    ","서울특별시 종로구 종로5가 138-9 "
"3000000-101-2004-00485","산산옥 종각점","198803.125778143    ","451930.797998966    ","서울특별시 종로구 관철동 6-4 "
"3000000-101-2004-00489","문화 수제비","197662.503910553    ","452189.09236786     ","서울특별시 종로구 당주동 5 로얄빌딩 지하1층 9,15,16호 "
"3000000-101-2004-00491","외할머니 해장국 창신점","200880.902193107    ","452363.783949934    ","서울특별시 종로구 창신동 582-3 1층 "
"3000000-101-2004-00492","최 대감네","198723.415846451    ","452410.121618833    ","서울특별시 종로구 경운동 64-47 "
"3000000-101-2004-00502","체부동 잔치집","197412.943740642    ","452695.685066984    ","서울특별시 종로구 체부동 190 "
"3000000-101-2004-00503","이조왕순대","198994.48584677     ","452101.151699707    ","서울특별시 종로구 낙원동 176 "
"3000000-101-2004-00511","솟대","200340.914205005    ","453180.270331293    ","서울특별시 종로구 동숭동 130-20 "
"3000000-101-2004-00512","메밀향그집","199989.402801304    ","453340.573412633    ","서울특별시 종로구 명륜4가 72-3 (지상1층) "
"3000000-101-2004-00514","참","197314.433364829    ","452986.430235657    ","서울특별시 종로구 통인동 135-5 (지상1층) "
"3000000-101-2004-00519","흑궁 흑염소 광화문점","197559.791065754    ","452388.315239125    ","서울특별시 종로구 내수동 74 광화문시대 지하1층 103, 104호 "
"3000000-101-2004-00521","서울서 둘째로 잘하는 집","198327.405085813    ","453771.212306697    ","서울특별시 종로구 삼청동 28-21 "
"3000000-101-2004-00524","창신육회빈대떡","199990.62229221     ","452046.010235692    ","서울특별시 종로구 종로5가 138-8 지상1층 "
"3000000-101-2004-00525","친구들","197432.183825753    ","453037.27489786     ","서울특별시 종로구 창성동 134 "
"3000000-101-2004-00527","THE 하늘정원","198595.262123646    ","452441.533903074    ","서울특별시 종로구 관훈동 38 지상 4층 "
"3000000-101-2004-00528","동묘생고기369","201232.305836672    ","452171.280881324    ","서울특별시 종로구 창신동 330-23 (지상1층) "
"3000000-101-2004-00529","희갤러리","198748.635787488    ","452438.353235457    ","서울특별시 종로구 경운동 64-25 (지상1층) "
"3000000-101-2004-00530","낙원집","198721.660836512    ","452436.503297199    ","서울특별시 종로구 경운동 64-19 (지상1층) "
"3000000-101-2004-00532","느티나무아래서","198716.344671109    ","452389.218001741    ","서울특별시 종로구 관훈동 2-1 (지상1층) "
"3000000-101-2004-00540","신선원","200567.882962391    ","452120.784116208    ","서울특별시 종로구 종로6가 123-1 (지상1층) "
"3000000-101-2004-00541","지화자 청운점","197229.044433864    ","453859.961423788    ","서울특별시 종로구 청운동 48 "
"3000000-101-2005-00008","뼈닥스 감자탕","199989.923453092    ","453426.574069982    ","서울특별시 종로구 명륜4가 13-2 "
"3000000-101-2005-00012","남천할매떡볶기","199269.115470782    ","452076.225584316    ","서울특별시 종로구 묘동 56 외2필지 "
"3000000-101-2005-00014","오이시","199269.115470782    ","452076.225584316    ","서울특별시 종로구 묘동 56 외2필지 지하1층 111호 "
"3000000-101-2005-00024","김밥사랑","200871.009568014    ","452259.534217726    ","서울특별시 종로구 창신동 651-48 "
"3000000-101-2005-00026","상하이","199269.115470782    ","452076.225584316    ","서울특별시 종로구 묘동 56 외2필지 지하1층B동110호 "
"3000000-101-2005-00031","김밥천국","197567.747824202    ","452347.973860449    ","서울특별시 종로구 내수동 75 용비어천가 102호 "
"3000000-101-2005-00039","샤리안","199269.115470782    ","452076.225584316    ","서울특별시 종로구 묘동 56 지하1층 "
"3000000-101-2005-00049","조선김밥오백년","198358.258177226    ","452925.289670217    ","서울특별시 종로구 안국동 22-1 지상1층 "
"3000000-101-2005-00053","자연담은도시락","197478.53747014     ","452259.334813912    ","서울특별시 종로구 내수동 73 경희궁의 아침 4단지 "
"3000000-101-2005-00055","삼성호프2","198764.063085153    ","451885.639756666    ","서울특별시 종로구 관철동 13-3 지상4층 "
"3000000-101-2005-00056","눈나무집","198330.184597878    ","453908.320444031    ","서울특별시 종로구 삼청동 20-8 "
"3000000-101-2005-00057","빨강숲","198261.643766468    ","453274.649051309    ","서울특별시 종로구 팔판동 67 외1필지 "
"3000000-101-2005-00064","김가네설악추어탕","200068.226159083    ","452902.02567266     ","서울특별시 종로구 연건동 91-1 "
"3000000-101-2005-00067","대학로포차","199982.393297766    ","453511.50028744     ","서울특별시 종로구 명륜2가 21-10 지상 1층 "
"3000000-101-2005-00074","나무사이로","197365.993703749    ","452486.61449683     ","서울특별시 종로구 내자동 196 "
"3000000-101-2005-00078","혜화수산","199934.030448564    ","453583.450549667    ","서울특별시 종로구 명륜2가 13 지상1층 "
"3000000-101-2005-00079","대련집","198964.339218542    ","451796.653402979    ","서울특별시 종로구 관수동 163 지상1층 "
"3000000-101-2005-00080","록키NO.1","198615.240770708    ","451870.397998134    ","서울특별시 종로구 관철동 173-2 (2층) "
"3000000-101-2005-00084","요비(YOBI)","200001.339712759    ","453409.023513849    ","서울특별시 종로구 명륜4가 42-1 (지하1층) "
"3000000-101-2005-00091","빠삭족발","198982.952419533    ","452338.774804205    ","서울특별시 종로구 낙원동 83 지상1층 "
"3000000-101-2005-00092","굿모닝 삼일대로점","198809.657590495    ","451866.449386154    ","서울특별시 종로구 관철동 7-12 지하1층 "
"3000000-101-2005-00099","신양평해장국","200288.310622483    ","452654.634345369    ","서울특별시 종로구 이화동 98-3 "
"3000000-101-2005-00100","썬더치킨","196230.002382944    ","452488.422771069    ","서울특별시 종로구 무악동 45-65 "
"3000000-101-2005-00104","스윗스모크","197559.791065754    ","452388.315239125    ","서울특별시 종로구 내수동 74 지하105 "
"3000000-101-2005-00112","고려삼계탕","197820.355218523    ","452132.764826117    ","서울특별시 종로구 세종로 164 외1필지 "
"3000000-101-2005-00117","이가면옥","197315.368096287    ","452687.676802768    ","서울특별시 종로구 필운동 205-1 지상1층 "
"3000000-101-2005-00120","비비큐(BBQ) 무악점","196231.098205275    ","452512.648636381    ","서울특별시 종로구 무악동 45-304 외1필지 지상1층 "
"3000000-101-2005-00122","미술관옆돈가스","198347.099198651    ","453007.48617176     ","서울특별시 종로구 소격동 144-6 지상1층 "
"3000000-101-2005-00126","인생건어물맥주","199693.727168303    ","453632.715363707    ","서울특별시 종로구 명륜2가 122 "
"3000000-101-2005-00130","궁","200269.615352697    ","452159.955202738    ","서울특별시 종로구 효제동 232 2층 "
"3000000-101-2005-00144","벽고동家","198381.055322334    ","452946.79043338     ","서울특별시 종로구 안국동 18 "
"3000000-101-2005-00149","대원","199300.899924217    ","452221.140558361    ","서울특별시 종로구 봉익동 35-1 지하1층 "
"3000000-101-2005-00150","꿀맛백반","199615.645252022    ","453856.340340703    ","서울특별시 종로구 명륜3가 10-1 1층 "
"3000000-101-2005-00151","거성닭한마리","200451.745923797    ","452027.755745653    ","서울특별시 종로구 종로5가 265-5 지상1층 "
"3000000-101-2005-00160","김가네종로구청점","198324.653631679    ","452252.812389497    ","서울특별시 종로구 수송동 58 두산위브 지층134호 "
"3000000-101-2005-00161","부산돼지국밥","198324.653631679    ","452252.812389497    ","서울특별시 종로구 수송동 58 "
"3000000-101-2005-00163","아트웰푸드","196731.552582239    ","455998.630063235    ","서울특별시 종로구 평창동 345-30 "
"3000000-101-2005-00164","소소갈비찜","201894.498459239    ","452769.751849397    ","서울특별시 종로구 숭인동 1198 "
"3000000-101-2005-00165","블루모스","197463.050120398    ","453626.470994059    ","서울특별시 종로구 궁정동 3-6 지상1~3층 "
"3000000-101-2005-00167","별난오리","200867.018020338    ","452086.036903115    ","서울특별시 종로구 창신동 464-30 지상2층 "
"3000000-101-2005-00171","츄로101 삼청점","198326.313787705    ","453557.153467678    ","서울특별시 종로구 삼청동 97 지상1,2층 "
"3000000-101-2005-00175","오늘도 한잔","199897.979821888    ","453388.948432583    ","서울특별시 종로구 명륜4가 60-1 "
"3000000-101-2005-00179","온미관 안국","198701.727722428    ","452860.270110078    ","서울특별시 종로구 재동 84-21 "
"3000000-101-2005-00183","뜰안","198995.973791473    ","452376.557489149    ","서울특별시 종로구 익선동 166-76 지상1층 "
"3000000-101-2005-00186","마루(MARU)","198944.857613539    ","452190.326667861    ","서울특별시 종로구 낙원동 218-1 2층 "
"3000000-101-2005-00194","째즈&라멘","199450.788386081    ","454079.21337851     ","서울특별시 종로구 명륜3가 1-26 "
"3000000-101-2005-00209","지음","198125.617854915    ","452230.431619674    ","서울특별시 종로구 청진동 216-1 지하1층 "
"3000000-101-2005-00211","송정식당","200449.121244348    ","451993.882852179    ","서울특별시 종로구 종로5가 443 1층 "
"3000000-101-2005-00213","용두쌍둥이네주꾸미","201282.336552979    ","452368.742919795    ","서울특별시 종로구 창신동 276-1 "
"3000000-101-2005-00214","대장금","197559.791065754    ","452388.315239125    ","서울특별시 종로구 내수동 74 광화문시대 지하101호 "
"3000000-101-2005-00217","카페 어쩌다 오늘","200119.577809699    ","453492.854407923    ","서울특별시 종로구 혜화동 188 2층 "
"3000000-101-2005-00218","샘쿡 (SAMCOOKE)","200023.845596074    ","453607.449632228    ","서울특별시 종로구 혜화동 136 지상2층 "
"3000000-101-2005-00231","비어광장","197538.542807564    ","452679.892786314    ","서울특별시 종로구 적선동 100-1 "
"3000000-101-2005-00232","맥촌","198291.644631716    ","452358.427736042    ","서울특별시 종로구 수송동 45-3 지상1층 "
"3000000-101-2005-00233","육대장 종로구청점","198324.653631679    ","452252.812389497    ","서울특별시 종로구 수송동 58 두산위브 지하108 "
"3000000-101-2005-00240","틈","199652.817727188    ","453552.062000606    ","서울특별시 종로구 명륜3가 82-3 "
"3000000-101-2005-00247","일월카츠 안국점","198616.704613035    ","452778.887475219    ","서울특별시 종로구 안국동 132 1층 "
"3000000-101-2005-00248","깡통카페","201608.385803208    ","452148.763494433    ","서울특별시 종로구 숭인동 234-38 "
"3000000-101-2005-00252","대화치킨","201334.919130252    ","452243.631447919    ","서울특별시 종로구 숭인동 313-7 외1필지 "
"3000000-101-2005-00256","세화갈비","199278.148084525    ","452051.232015159    ","서울특별시 종로구 종로3가 27 지상2층 "
"3000000-101-2005-00265","쪽짚 종로본점","198968.833935967    ","452292.900090672    ","서울특별시 종로구 낙원동 111-2 "
"3000000-101-2005-00266","선향","198499.783573683    ","452834.764659152    ","서울특별시 종로구 안국동 55 "
"3000000-101-2005-00270","코코(CoCo)","197567.747824202    ","452347.973860449    ","서울특별시 종로구 내수동 75 용비어천가 지하106 "
"3000000-101-2005-00272","일월카츠","198745.839487019    ","452867.664266403    ","서울특별시 종로구 계동 144-1 "
"3000000-101-2005-00273","Mitko Hush 믿고허쉬","199160.159593706    ","452271.277036725    ","서울특별시 종로구 묘동 169-1 "
"3000000-101-2005-00275","솔밭식당","200470.973479115    ","452011.720977279    ","서울특별시 종로구 종로5가 280-4 지상1층 "
"3000000-101-2005-00276","청락","198614.61995563     ","451842.501561085    ","서울특별시 종로구 관철동 155 종로1번가 105-1호 "
"3000000-101-2005-00277","마라중독 샤브샤브 동묘점","201673.85774297     ","452393.917381307    ","서울특별시 종로구 숭인동 207-26 지상1층 "
"3000000-101-2005-00284","복가부대찌개","198324.653631679    ","452252.812389497    ","서울특별시 종로구 수송동 58 두산위브파빌리온 지하1층 128 "
"3000000-101-2005-00285","본죽","197025.84989175     ","455981.012780814    ","서울특별시 종로구 평창동 182-11 지상1층 "
"3000000-101-2005-00287","까델루뽀","197406.157198576    ","453279.28390245     ","서울특별시 종로구 효자동 39-1 지상1층 "
"3000000-101-2005-00290","이찌이","197559.791065754    ","452388.315239125    ","서울특별시 종로구 내수동 74 (지하 114.115호) "
"3000000-101-2005-00291","영락회관","197567.747824202    ","452347.973860449    ","서울특별시 종로구 내수동 75 용비어천가 지하107 "
"3000000-101-2005-00303","공평동 꼼장어","198948.203624172    ","451828.001706481    ","서울특별시 종로구 관수동 161-12 지상1층 "
"3000000-101-2005-00307","마당호프","198614.61995563     ","451842.501561085    ","서울특별시 종로구 관철동 155 지상1층 101호"
"3000000-101-2005-00310","조식라운지","198271.843790307    ","452533.899674194    ","서울특별시 종로구 수송동 85 지상2층 "
"3000000-101-2005-00315","예지식당","199670.979884558    ","452221.775006084    ","서울특별시 종로구 인의동 112-2 본관동 4층404호 "
"3000000-101-2005-00318","둘둘치킨(롯데캐슬숭인점)","201359.53353905     ","452395.659064842    ","서울특별시 종로구 숭인동 76 롯데캐슬상가 116호"
"3000000-101-2005-00321","건강한빵","199748.334276217    ","453471.906814655    ","서울특별시 종로구 명륜3가 148-1 지상1층 "
"3000000-101-2005-00325","올식","199092.441428616    ","452115.917432548    ","서울특별시 종로구 돈의동 90 지하1층 "
"3000000-101-2005-00330","종로포차 생맥주","198908.284831214    ","451897.998907337    ","서울특별시 종로구 관철동 22 1층 "
"3000000-101-2005-00331","한우식구","200289.15659359     ","453078.725169064    ","서울특별시 종로구 동숭동 1-155 지상1,2층 "
"3000000-101-2005-00335","명동보리밥과 코다리","198643.08262761     ","452388.727265402    ","서울특별시 종로구 관훈동 23 지하1,2층 "
"3000000-101-2005-00339","국시랑만두","196629.359036534    ","455080.991010485    ","서울특별시 종로구 부암동 175-1 1층 4호 "
"3000000-101-2005-00342","동묘국수","201575.478885578    ","452329.604243868    ","서울특별시 종로구 숭인동 227-5 지상1층 "
"3000000-101-2005-00351","형제네 고기마을","197567.747824202    ","452347.973860449    ","서울특별시 종로구 내수동 75 용비어천가 106호 "
"3000000-101-2005-00352","커피스트","197228.889584962    ","452278.538118775    ","서울특별시 종로구 신문로2가 1-335 지상1층 "
"3000000-101-2005-00361","미스 사이공","200297.929299821    ","453163.458941022    ","서울특별시 종로구 동숭동 1-145 지상1층 "
"3000000-101-2005-00363","디바","198524.413386701    ","451929.432640046    ","서울특별시 종로구 관철동 45-8 4층 "
"3000000-101-2005-00370","평창동 부대찌개","197426.530219221    ","456069.883639945    ","서울특별시 종로구 평창동 151-2 1층 "
"3000000-101-2005-00372","삼일전집","198760.845455105    ","451849.198415207    ","서울특별시 종로구 관철동 12-3 1층 "
"3000000-101-2005-00373","이스트만","200826.291927875    ","452050.677376225    ","서울특별시 종로구 창신동 443-2 지상2층 "
"3000000-101-2005-00377","모던밥상2","197582.047799155    ","452684.858894526    ","서울특별시 종로구 적선동 22 지상1층 "
"3000000-101-2005-00382","든든한끼","197567.849954354    ","452567.159554494    ","서울특별시 종로구 적선동 80 "
"3000000-101-2005-00383","나르","199987.615821173    ","453377.41993138     ","서울특별시 종로구 명륜4가 69-1 "
"3000000-101-2005-00384","혼미 광화문점","197720.68375859     ","452120.463677632    ","서울특별시 종로구 당주동 43 지상2층 "
"3000000-101-2005-00386","한사리 감자탕<타운홀>","198764.063085153    ","451885.639756666    ","서울특별시 종로구 관철동 13-3 지상2,3층 "
"3000000-101-2005-00394","순창토속청국장","200894.873303152    ","452190.834854463    ","서울특별시 종로구 창신동 553-4 "
"3000000-101-2005-00400","도리안그레이","199942.003439551    ","453305.348201669    ","서울특별시 종로구 명륜4가 80-1 지하1층 "
"3000000-101-2005-00403","르시엘","199962.860897639    ","453618.989692186    ","서울특별시 종로구 명륜2가 8-1 9층 "
"3000000-101-2005-00408","안국 153(ANGUK 153)","198598.477167251    ","452692.343168773    ","서울특별시 종로구 안국동 153 지상1층 "
"3000000-101-2005-00414","왕짱구","198753.066268331    ","453200.488334239    ","서울특별시 종로구 계동 73-7 지상1층 "
"3000000-101-2005-00416","돈 스쿨","199620.649774013    ","453962.540886002    ","서울특별시 종로구 명륜1가 15-1 1층 "
"3000000-101-2005-00420","김영희 강남 동태찜(평창점)","198041.753823572    ","456582.534430668    ","서울특별시 종로구 평창동 435-2 지하2층 "
"3000000-101-2005-00423","파툼","198355.983210017    ","453434.482540853    ","서울특별시 종로구 삼청동 63-15 지상1층,지하1층 "
"3000000-101-2005-00430","광장멧돌집","200004.114873113    ","452040.028720002    ","서울특별시 종로구 종로5가 138-7 "
"3000000-101-2005-00434","본죽 동묘앞역점","201332.736881942    ","452491.393138583    ","서울특별시 종로구 숭인동 81-13 "
"3000000-101-2005-00437","학여울","201882.733697042    ","452327.866797265    ","서울특별시 종로구 숭인동 1419-2 지하1층 "
"3000000-101-2005-00446","김치재","198711.086025239    ","452825.294525582    ","서울특별시 종로구 재동 84-9 지상1층 "
"3000000-101-2005-00448","국일식당","199045.043602772    ","451939.677286976    ","서울특별시 종로구 관수동 20 "
"3000000-101-2005-00452","이삭토스트","201771.34601802     ","452506.122321753    ","서울특별시 종로구 숭인동 192 지상1층 "
"3000000-101-2005-00458","금부집(청진본점)","198213.955223154    ","452045.296742706    ","서울특별시 종로구 청진동 128 지상1,2,3층 "
"3000000-101-2005-00459","소복국수","197567.93800572     ","452276.454633376    ","서울특별시 종로구 내수동 167 지하1층 102호 "
"3000000-101-2005-00460","교촌치킨 24시 동대문1호점","200876.602915538    ","452108.981034905    ","서울특별시 종로구 창신동 464-6 2층 "
"3000000-101-2006-00006","김명자굴국밥전문점","198234.810340296    ","452394.500667375    ","서울특별시 종로구 수송동 91 "
"3000000-101-2006-00008","봉피양(경복궁)","197483.863351303    ","452845.787642226    ","서울특별시 종로구 통의동 67-2 지상1층 "
"3000000-101-2006-00014","님(Nimes)","198351.880272387    ","453446.171715672    ","서울특별시 종로구 삼청동 63-11 1층 "
"3000000-101-2006-00015","장인닭갈비 대학로","199947.250070441    ","453427.537768103    ","서울특별시 종로구 명륜4가 51 1층 "
"3000000-101-2006-00016","낙원 커피호프","198996.304199219    ","452125.629956344    ","서울특별시 종로구 낙원동 172 지하1층 "
"3000000-101-2006-00017","스낵서울","198313.935161906    ","453472.053996002    ","서울특별시 종로구 삼청동 80-6 "
"3000000-101-2006-00018","전과 막걸리","199070.262436402    ","452263.674146342    ","서울특별시 종로구 돈의동 44-4 지상1층 "
"3000000-101-2006-00020","피즈소셜클럽","197010.208585525    ","453182.984271328    ","서울특별시 종로구 누상동 52 지상1층 "
"3000000-101-2006-00024","가장맛있는족발(경복궁역점)","197333.625719471    ","452679.331110185    ","서울특별시 종로구 내자동 30 지상2층 "
"3000000-101-2006-00026","경희궁 닭곰탕","197567.747824202    ","452347.973860449    ","서울특별시 종로구 내수동 75 용비어천가 지하1층114호 "
"3000000-101-2006-00027","찌개家한상","200320.537079292    ","453188.433433228    ","서울특별시 종로구 동숭동 130-27 "
"3000000-101-2006-00034","구기동 면옥","196428.478415698    ","455911.163224671    ","서울특별시 종로구 신영동 254 대아파크빌 201~202호 "
"3000000-101-2006-00040","원조 할매순대국","199164.028176924    ","452193.124898933    ","서울특별시 종로구 돈의동 111 지상1층 "
"3000000-101-2006-00043","포옹남 종로","198940.96084618     ","451875.310645472    ","서울특별시 종로구 관수동 159-2 1층 "
"3000000-101-2006-00054","고향만두","199588.436987691    ","453986.966166128    ","서울특별시 종로구 명륜1가 10-28 지상1층 "
"3000000-101-2006-00065","안동국시 소람","198531.859894316    ","452369.223535503    ","서울특별시 종로구 관훈동 192-21 지하1층 "
"3000000-101-2006-00067","시연멸치국수 전문점","200318.68233901     ","452339.659838731    ","서울특별시 종로구 충신동 206-7 지상1층 "
"3000000-101-2006-00068","(주)토속촌삼계탕","197412.02745166     ","452840.56784246     ","서울특별시 종로구 체부동 88-1 지상1층 "
"3000000-101-2006-00069","꿰레","201915.280860616    ","452676.398836582    ","서울특별시 종로구 숭인동 1136 지상1층 "
"3000000-101-2006-00077","이화호프","200402.710916764    ","452629.866011259    ","서울특별시 종로구 충신동 53-1 지상1층 "
"3000000-101-2006-00079","고기와 찌개마을","200971.758906846    ","452264.021922586    ","서울특별시 종로구 창신동 580-3 "
"3000000-101-2006-00080","위치스테이블(Witch's table)","197465.223921125    ","452366.613899898    ","서울특별시 종로구 내수동 72 경희궁의아침3단지 상가1층172호 "
"3000000-101-2006-00081","간빠이","199088.443581828    ","452498.465774817    ","서울특별시 종로구 익선동 80 지하1층 "
"3000000-101-2006-00083","문화공간 온","198685.761389454    ","452015.63212884     ","서울특별시 종로구 종로2가 12 통일빌딩 "
"3000000-101-2006-00089","루트 (ROOT)","199151.861954382    ","452114.021327058    ","서울특별시 종로구 돈의동 149-1 지상 1층 "
"3000000-101-2006-00091","해목 서촌","197458.55780829     ","452902.878919305    ","서울특별시 종로구 통의동 72 "
"3000000-101-2006-00096","마파두부","198863.14636817     ","452389.307405288    ","서울특별시 종로구 낙원동 9 일송빌딩 2층 201 "
"3000000-101-2006-00099","酒(주) 항아리","199770.265280041    ","453444.906083428    ","서울특별시 종로구 명륜3가 151-1 "
"3000000-101-2006-00109","보길도","197630.867253078    ","452228.403106043    ","서울특별시 종로구 당주동 119 지상1층 "
"3000000-101-2006-00110","삼대냉면","201669.503633082    ","452462.503785667    ","서울특별시 종로구 숭인동 173 "
"3000000-101-2006-00115","소도","197062.160416661    ","452821.308434245    ","서울특별시 종로구 필운동 33-1 "
"3000000-101-2006-00118","산체스 막걸리","198521.961867342    ","452764.070141493    ","서울특별시 종로구 안국동 85 지하1층 "
"3000000-101-2006-00123","제주흑돼지","196132.751817734    ","452580.254196764    ","서울특별시 종로구 무악동 67-2 지하1층 "
"3000000-101-2006-00125","혜화파티룸카페 티파니","200219.18121834     ","453256.571193375    ","서울특별시 종로구 동숭동 1-104 (지상3층) "
"3000000-101-2006-00127","올인","199951.563545485    ","452241.509251466    ","서울특별시 종로구 연지동 238-8 1층 "
"3000000-101-2006-00133","영진수산","199121.073195494    ","452430.518751553    ","서울특별시 종로구 묘동 139 외 1필지 (지상1,2층) "
"3000000-101-2006-00134","소앤(So Anne)","200320.175680444    ","453444.595767583    ","서울특별시 종로구 동숭동 12-8 지상 1층 "
"3000000-101-2006-00135","다우리","197541.418168655    ","452115.300046799    ","서울특별시 종로구 신문로1가 238 지하 33호 "
"3000000-101-2006-00136","볼때기식당","196853.136503407    ","451707.607115177    ","서울특별시 종로구 교남동 23-1 "
"3000000-101-2006-00138","한우향기","196051.171700642    ","456667.78577584     ","서울특별시 종로구 구기동 146-8 지하1층, 지상1층 "
"3000000-101-2006-00141","짜장일번지","201452.97033909     ","452034.162854757    ","서울특별시 종로구 창신동 400-4 2층 "
"3000000-101-2006-00142","고기가조아","200900.671862414    ","452307.327730531    ","서울특별시 종로구 창신동 582-35 1층 "
"3000000-101-2006-00146","북창면옥","201571.927371023    ","452360.876424421    ","서울특별시 종로구 숭인동 223 지상1층 "
"3000000-101-2006-00157","시루","197713.264843734    ","451938.037703258    ","서울특별시 종로구 신문로1가 163 광화문오피시아빌딩 지하 106,107호 "
"3000000-101-2006-00158","일오팔닭국수","200067.053022051    ","452046.21859559     ","서울특별시 종로구 종로5가 138-2 1층 "
"3000000-101-2006-00172","경복궁에 맛있는 부엌","197302.166293175    ","452662.856080522    ","서울특별시 종로구 필운동 217-1 "
"3000000-101-2006-00183","광화문 수산","197724.940203039    ","452106.79376039     ","서울특별시 종로구 당주동 42-2 "
"3000000-101-2006-00189","익선동냉삼집 미미네","199116.939076364    ","452352.764440015    ","서울특별시 종로구 익선동 159 지상1층 "
"3000000-101-2006-00194","광희 칼국수","199908.875232663    ","452225.396127769    ","서울특별시 종로구 연지동 212 (지상1층) "
"3000000-101-2006-00200","The Flair(더플래어)","198657.113035591    ","451894.389633456    ","서울특별시 종로구 관철동 19-3 "
"3000000-101-2006-00203","소문별관","197567.747824202    ","452347.973860449    ","서울특별시 종로구 내수동 75 용비어천가 B105호 "
"3000000-101-2006-00205","Tokyo Monkki(도쿄몽끼)","198610.465242383    ","453382.876169134    ","서울특별시 종로구 가회동 16-10 "
"3000000-101-2006-00210","버거파크","200052.296100762    ","453318.398993682    ","서울특별시 종로구 명륜4가 101-2 "
"3000000-101-2006-00212","옛날","198311.366305416    ","453692.176024505    ","서울특별시 종로구 삼청동 113-2 1층 "
"3000000-101-2006-00216","병천 황토방순대","198994.113864545    ","452721.733676362    ","서울특별시 종로구 운니동 14 1층 "
"3000000-101-2006-00218","치킨마루","201302.85588868     ","452539.238145719    ","서울특별시 종로구 창신동 79-2 "
"3000000-101-2006-00222","기린(종로본점)","198568.77792237     ","451891.299622979    ","서울특별시 종로구 관철동 19-20 "
"3000000-101-2006-00224","아이와","198284.392181266    ","451901.406014861    ","서울특별시 종로구 서린동 88 "
"3000000-101-2006-00225","고향 맛집","198152.261728844    ","452419.865978696    ","서울특별시 종로구 수송동 104 (지하1층) "
"3000000-101-2006-00235","이자카야나무(종각점)","198542.419445333    ","451889.984737622    ","서울특별시 종로구 관철동 43-6 "
"3000000-101-2006-00237","강원도 메밀 막국수","200140.329555018    ","452322.970639217    ","서울특별시 종로구 효제동 292-2 1층 "
"3000000-101-2006-00239","아트포라이프(Art for Life)","197244.837436218    ","454738.603630718    ","서울특별시 종로구 부암동 29-4 "
"3000000-101-2006-00241","최고기","198683.848370092    ","451822.996762578    ","서울특별시 종로구 관철동 11-14 지상4층 "
"3000000-101-2006-00244","올리브","196196.102280624    ","456120.471852388    ","서울특별시 종로구 구기동 105-1 지하1층 "
"3000000-101-2006-00245","미소식당","201517.522924674    ","452235.109425246    ","서울특별시 종로구 숭인동 239-3 외 3필지 1층 "
"3000000-101-2006-00246","송이네 예술반찬","200973.738320301    ","452293.794604634    ","서울특별시 종로구 창신동 142-31 1층 "
"3000000-101-2006-00247","시장왕순대","200944.353734734    ","452331.440504129    ","서울특별시 종로구 창신동 142-2 1층 "
"3000000-101-2006-00249","더 연 카페(The 蓮 Cafe)","198659.638808128    ","451962.091885387    ","서울특별시 종로구 종로2가 84-1 지상5층 "
"3000000-101-2006-00252","사이토라","197573.030749573    ","452175.335781858    ","서울특별시 종로구 당주동 100 지하115,116호 "
"3000000-101-2006-00254","김밥천국","198614.61995563     ","451842.501561085    ","서울특별시 종로구 관철동 155 종로1번가 "
"3000000-101-2006-00256","대규스시","200320.431842032    ","453218.746510151    ","서울특별시 종로구 동숭동 128-12 지상 1층 "
"3000000-101-2006-00257","치킨주막","201867.662550614    ","452638.424499925    ","서울특별시 종로구 숭인동 1075 1층 "
"3000000-101-2006-00259","동묘골식당","201408.549841789    ","452173.378545296    ","서울특별시 종로구 숭인동 317-31 1층 "
"3000000-101-2006-00264","김&장 금돈","201870.899915577    ","452651.853547843    ","서울특별시 종로구 숭인동 1078 1층 "
"3000000-101-2006-00265","반한닥","198347.099198651    ","453007.48617176     ","서울특별시 종로구 소격동 144-6 외 2필지 1층 "
"3000000-101-2006-00269","옛날국수","199193.291628377    ","452144.167423368    ","서울특별시 종로구 묘동 192-1 1층 "
"3000000-101-2006-00270","소우육","199678.217036812    ","452586.169618139    ","서울특별시 종로구 원남동 181 "
"3000000-101-2006-00271","하이루","199454.078810736    ","454088.437979736    ","서울특별시 종로구 명륜3가 1-25 지상1층 "
"3000000-101-2006-00274","꼬꼬씨티","198984.604875284    ","451902.022816125    ","서울특별시 종로구 관수동 13-2 1층 "
"3000000-101-2006-00275","모두랑","196822.467633641    ","451775.578433719    ","서울특별시 종로구 교남동 45-2 1층 "
"3000000-101-2006-00276","스파게티가있는풍경","197826.356739032    ","452021.760313896    ","서울특별시 종로구 신문로1가 1-1 "
"3000000-101-2006-00280","별미곱창","197254.516840705    ","452737.219086214    ","서울특별시 종로구 필운동 187 "
"3000000-101-2006-00284","이모네 왕곱창","198757.128601038    ","451907.113717525    ","서울특별시 종로구 관철동 13-1 "
"3000000-101-2006-00288","장소유","198944.857613539    ","452190.326667861    ","서울특별시 종로구 낙원동 218-1 지상4층 "
"3000000-101-2006-00295","오제불 제순식당","199882.04670849     ","453386.946853863    ","서울특별시 종로구 명륜4가 179-2 지상 1층 "
"3000000-101-2006-00299","벙커(BUNKER)","199045.086698646    ","452109.801676682    ","서울특별시 종로구 낙원동 161 (지하1층) "
"3000000-101-2006-00302","절벽","197682.531865303    ","456309.265884524    ","서울특별시 종로구 평창동 66-32 귀빈빌딩 "
"3000000-101-2006-00303","더연바(The 蓮 Bar)","198659.638808128    ","451962.091885387    ","서울특별시 종로구 종로2가 84-1 (지상6층) "
"3000000-101-2006-00305","골목안 정원","198697.710342784    ","452209.971126031    ","서울특별시 종로구 인사동 154-7 (지상1층) "
"3000000-101-2006-00306","(주)베이징코야","198207.000041476    ","452455.833165185    ","서울특별시 종로구 수송동 110 지하1층 "
"3000000-101-2006-00315","오후","197215.699999906    ","453005.668897484    ","서울특별시 종로구 누하동 210-1 지상1층 "
"3000000-101-2006-00318","옛날연길냉면","200834.47293144     ","451996.872190526    ","서울특별시 종로구 창신동 438-21 "
"3000000-101-2006-00326","이대감 고깃집","199045.043602772    ","451939.677286976    ","서울특별시 종로구 관수동 20 "
"3000000-101-2006-00327","두두","200294.625480732    ","453192.375600069    ","서울특별시 종로구 동숭동 1-91 지상2층 "
"3000000-101-2006-00336","형제들 투도어펀","199921.108282174    ","453417.658941115    ","서울특별시 종로구 명륜4가 54-4 지상2층 "
"3000000-101-2006-00340","콩마루","198324.653631679    ","452252.812389497    ","서울특별시 종로구 수송동 58 지하1층  132, 133호 "
"3000000-101-2006-00343","준이네","197713.264843734    ","451938.037703258    ","서울특별시 종로구 신문로1가 163 광화문오피시아빌딩 지하116호 "
"3000000-101-2006-00350","예담","199812.609633255    ","452132.648343993    ","서울특별시 종로구 인의동 48-2 효성주얼리시티 지하2층 "
"3000000-101-2006-00354","본가왕뼈감자탕(종로송해길점)","198985.790729294    ","452156.841758664    ","서울특별시 종로구 낙원동 146 "
"3000000-101-2006-00357","153","197428.923002637    ","452041.177877529    ","서울특별시 종로구 신문로2가 1-153 외1필지 (지상2층) "
"3000000-101-2006-00365","종로바베큐보쌈","200269.360372491    ","452145.668143021    ","서울특별시 종로구 효제동 233-2 "
"3000000-101-2006-00366","풍천손가네민물장어","201035.357569809    ","452256.067308891    ","서울특별시 종로구 창신동 148-1 1층 "
"3000000-101-2006-00367","낙산냉면","201278.805233779    ","452466.261322943    ","서울특별시 종로구 창신동 81-8 "
"3000000-101-2006-00373","마산아구와해물","198870.835262186    ","452356.06259432     ","서울특별시 종로구 낙원동 48 (지상1층) "
"3000000-101-2006-00379","훈이네 포차","200256.684541581    ","452248.633690267    ","서울특별시 종로구 효제동 220 효오빌딩 "
"3000000-101-2007-00001","닭곰탕","198761.229331333    ","451859.483692114    ","서울특별시 종로구 관철동 12-2 "
"3000000-101-2007-00004","설악추","200068.226159083    ","452902.02567266     ","서울특별시 종로구 연건동 91-1 지하1층 "
"3000000-101-2007-00005","장터국수","199255.488156475    ","451989.415798091    ","서울특별시 종로구 종로3가 138 "
"3000000-101-2007-00007","남이분식","200504.22736318     ","451998.562540114    ","서울특별시 종로구 종로5가 281-2 "
"3000000-101-2007-00014","천하제일 탕수육","199532.26537422     ","454000.874746765    ","서울특별시 종로구 명륜3가 1-4 지상1층 "
"3000000-101-2007-00016","오감","198495.412735861    ","452776.991551704    ","서울특별시 종로구 안국동 175-61 "
"3000000-101-2007-00018","밥시술시","199923.280348475    ","452233.130090546    ","서울특별시 종로구 연지동 219 "
"3000000-101-2007-00027","촌놈","200144.174906296    ","453406.478168565    ","서울특별시 종로구 동숭동 1-47 2층 "
"3000000-101-2007-00030","꺽정이네장작구이","200004.471884485    ","453351.8339508      ","서울특별시 종로구 명륜4가 85-9 1층 "
"3000000-101-2007-00031","행복한 콩이야기","198940.96084618     ","451875.310645472    ","서울특별시 종로구 관수동 159-2 (지상1층) "
"3000000-101-2007-00034","소한마리 정육식당","198743.189527622    ","451823.235571773    ","서울특별시 종로구 관철동 11-24 지상2층 "
"3000000-101-2007-00035","럭셔리","200501.050847239    ","452113.872030129    ","서울특별시 종로구 종로6가 252-1 지하1층 "
"3000000-101-2007-00044","광희칼국수","198758.698435007    ","451832.627163341    ","서울특별시 종로구 관철동 11-1 "
"3000000-101-2007-00045","우리의 밤","199773.583085246    ","453422.24572345     ","서울특별시 종로구 명륜3가 154-2 지하1층 "
"3000000-101-2007-00046","주식회사 거북이 홍반점","198737.712476986    ","451849.035148545    ","서울특별시 종로구 관철동 12-6 지상2층 "
"3000000-101-2007-00047","주식회사 거북이 홍반점","198737.712476986    ","451849.035148545    ","서울특별시 종로구 관철동 12-6 지상3층 "
"3000000-101-2007-00051","미가","198284.392181266    ","451901.406014861    ","서울특별시 종로구 서린동 88 지하1층 "
"3000000-101-2007-00052","써니","197567.747824202    ","452347.973860449    ","서울특별시 종로구 내수동 75 용비어천가 B110호 "
"3000000-101-2007-00058","데저트 피자(desert Pizza)","198291.5063513      ","453321.56927938     ","서울특별시 종로구 팔판동 61-1 2층 "
"3000000-101-2007-00059","인사동 여자만","198636.497489119    ","452509.256508661    ","서울특별시 종로구 관훈동 84-11 "
"3000000-101-2007-00064","대빵가우육면","199711.942421916    ","453535.472656925    ","서울특별시 종로구 명륜2가 216-4 지상2층 "
"3000000-101-2007-00067","늘편한 사람들","197490.24199476     ","452816.597229114    ","서울특별시 종로구 통의동 63 외 4필지 지하1층 "
"3000000-101-2007-00068","서울바당 혜화본점","199989.923453092    ","453426.574069982    ","서울특별시 종로구 명륜4가 13-2 지하1층 "
"3000000-101-2007-00071","산 모퉁이","197100.651740915    ","454789.395806707    ","서울특별시 종로구 부암동 97-5 (지하1층,지상1~2층) "
"3000000-101-2007-00074","나예 chocolat","198380.481975305    ","453645.661691726    ","서울특별시 종로구 삼청동 69 1,2층 "
"3000000-101-2007-00078","통의동국빈관","197618.353657308    ","452703.710708008    ","서울특별시 종로구 통의동 38 "
"3000000-101-2007-00080","맘모스","201799.694508286    ","452323.45655873     ","서울특별시 종로구 숭인동 202-21 1층 "
"3000000-101-2007-00081","만선동태찜.탕","201295.197344796    ","452425.608757447    ","서울특별시 종로구 창신동 243 지하1층 "
"3000000-101-2007-00082","봉숙이 조개수산 4","198737.712476986    ","451849.035148545    ","서울특별시 종로구 관철동 12-6 지상4층 "
"3000000-101-2007-00085","청정 바지락 칼국수","200856.552725308    ","452215.161208068    ","서울특별시 종로구 창신동 687-26 (지상1층) "
"3000000-101-2007-00087","단풍나무집","198338.729014482    ","453838.593864445    ","서울특별시 종로구 삼청동 31-1 1층, 2층 "
"3000000-101-2007-00090","야들리애 치킨","197567.747824202    ","452347.973860449    ","서울특별시 종로구 내수동 75 용비어천가 지상1층 105호 "
"3000000-101-2007-00092","궁중삼계탕","199664.398574236    ","452608.170265931    ","서울특별시 종로구 원남동 179-2 "
"3000000-101-2007-00094","호면정","198284.392181266    ","451901.406014861    ","서울특별시 종로구 서린동 88 지하 1층3호 "
"3000000-101-2007-00095","우리 한우 곱창","199660.926095922    ","453739.211340575    ","서울특별시 종로구 명륜1가 97-5 지상1층 "
"3000000-101-2007-00100","6번지 버거","199731.044328001    ","452415.476100643    ","서울특별시 종로구 인의동 6 (지상1층) "
"3000000-101-2007-00102","아로이 테이블","199712.09065102     ","453459.632849686    ","서울특별시 종로구 명륜3가 134-2 지상1층 "
"3000000-101-2007-00104","브루다커피 종로연지동점","199843.30610609     ","452284.779063669    ","서울특별시 종로구 연지동 174 지상1층 "
"3000000-101-2007-00107","청담동 마녀김밥 광화문점","197834.801173568    ","452019.007445539    ","서울특별시 종로구 세종로 204-1 지상2층 "
"3000000-101-2007-00109","5가 곱창","200348.948461932    ","452022.935244335    ","서울특별시 종로구 종로5가 231-39 "
"3000000-101-2007-00112","목단 한정식","198324.653631679    ","452252.812389497    ","서울특별시 종로구 수송동 58 외 1필지  B1층 123호 "
"3000000-101-2007-00117","돈까스 백반","197398.449116783    ","452068.544653453    ","서울특별시 종로구 신문로2가 1-152 지상1층 "
"3000000-101-2007-00118","고향횟집","199984.883529561    ","452145.135975609    ","서울특별시 종로구 종로5가 104-13 "
"3000000-101-2007-00127","골목집","199857.61998775     ","452274.18589715     ","서울특별시 종로구 연지동 198-1 (지상1층) "
"3000000-101-2007-00129","육즙당","200170.752482393    ","452114.404611982    ","서울특별시 종로구 종로5가 65 "
"3000000-101-2007-00132","웰빙김밥","200090.256722517    ","452136.224586999    ","서울특별시 종로구 효제동 329-2 (지상1층) "
"3000000-101-2007-00133","종로 본 통닭","198324.653631679    ","452252.812389497    ","서울특별시 종로구 수송동 58 "
"3000000-101-2007-00134","컴포즈커피(동묘롯데캐슬점)","201359.53353905     ","452395.659064842    ","서울특별시 종로구 숭인동 76 롯데캐슬천지인 상가108호(지상1층) "
"3000000-101-2007-00135","바르다 김선생 광화문점","197559.791065754    ","452388.315239125    ","서울특별시 종로구 내수동 74 지상1층 "
"3000000-101-2007-00141","나마스테","200986.447020802    ","452215.701716963    ","서울특별시 종로구 창신동 537-1 2층 "
"3000000-101-2007-00142","마당너른집","200347.305065341    ","453151.423558458    ","서울특별시 종로구 동숭동 130-45 "
"3000000-101-2007-00144","일품양평해장국 동묘점","201669.652592996    ","452403.683207567    ","서울특별시 종로구 숭인동 207-4 지상1층 "
"3000000-101-2007-00145","피스","197573.030749573    ","452175.335781858    ","서울특별시 종로구 당주동 100 지하1층 103호 "
"3000000-101-2007-00151","달곰","197650.653736722    ","452368.519288991    ","서울특별시 종로구 도렴동 60 지하1층 7호 "
"3000000-101-2007-00158","돈텐동 식당","200302.068150883    ","453136.984698159    ","서울특별시 종로구 동숭동 1-147 "
"3000000-101-2007-00166","맘스터치","199984.706065202    ","453441.79158575     ","서울특별시 종로구 명륜4가 12-3 지상2층 "
"3000000-101-2007-00167","해남정","198324.653631679    ","452252.812389497    ","서울특별시 종로구 수송동 58 두산위브지층115,116호 "
"3000000-101-2007-00169","갤러리모짜르트","200241.364527625    ","453158.687454287    ","서울특별시 종로구 동숭동 1-135 지상2층 "
"3000000-101-2007-00173","필","201853.004541303    ","452589.86338232     ","서울특별시 종로구 숭인동 1061 지상2층 "
"3000000-101-2007-00179","부암동돈가스집1979","196895.969356173    ","454499.037672171    ","서울특별시 종로구 부암동 258-4 2층 "
"3000000-101-2007-00180","메모리(memory)","199101.118949447    ","452160.768847924    ","서울특별시 종로구 돈의동 102 (지상2층) "
"3000000-101-2007-00182","제우스","199155.544853099    ","452083.125538906    ","서울특별시 종로구 돈의동 137 지상9층 "
"3000000-101-2007-00185","동해","200768.962564517    ","452759.935089807    ","서울특별시 종로구 창신동 627-19 (지하1층) "
"3000000-101-2007-00187","풍천장어","200340.102698171    ","452233.894348107    ","서울특별시 종로구 효제동 171-5 (지상1층) "
"3000000-101-2007-00192","종가대박집(동대문역점)","200977.600002835    ","452214.098369173    ","서울특별시 종로구 창신동 538-1 (지상1층) "
"3000000-101-2007-00196","해랑","199148.8336542      ","452644.163920446    ","서울특별시 종로구 권농동 168 "
"3000000-101-2007-00198","우육면관","198706.576103155    ","451810.647699719    ","서울특별시 종로구 관철동 11-11 "
"3000000-101-2007-00199","행복한 밥상","201413.238716623    ","452380.332219361    ","서울특별시 종로구 숭인동 98 (지상1층) "
"3000000-101-2007-00202","플루토","197465.223921125    ","452366.613899898    ","서울특별시 종로구 내수동 72 경희궁의아침3단지 지하115~119호 "
"3000000-101-2007-00216","풍면칼국수","197315.169701771    ","453662.570115077    ","서울특별시 종로구 청운동 111-1 2층 "
"3000000-101-2007-00217","하누소","198811.497417806    ","452301.907780717    ","서울특별시 종로구 낙원동 272 1층 "
"3000000-101-2007-02088","프루츠와라와라 대학로점","199874.787633442    ","453425.076273073    ","서울특별시 종로구 명륜2가 184 "
"3000000-101-2007-02090","씨에이치100","197465.223921125    ","452366.613899898    ","서울특별시 종로구 내수동 72 경희궁의아침3단지 B2 ,156~158호 "
"3000000-101-2007-02094","구스토","199812.609633255    ","452132.648343993    ","서울특별시 종로구 인의동 48-2 효성주얼리시티 "
"3000000-101-2007-02099","엔차이","197567.747824202    ","452347.973860449    ","서울특별시 종로구 내수동 75 용비어천가 지층 B103호 "
"3000000-101-2007-02102","테라스","200282.972085628    ","452023.688624078    ","서울특별시 종로구 종로5가 231-14 (지상1,2,3층) "
"3000000-101-2007-02103","대학로에 취하다 혜화역 본점","200176.862281115    ","453332.098907046    ","서울특별시 종로구 동숭동 1-63 "
"3000000-101-2007-02104","소담","199045.274745586    ","452435.570696403    ","서울특별시 종로구 익선동 125-2 "
"3000000-101-2007-02109","중국관","198150.300374121    ","452019.212642931    ","서울특별시 종로구 종로1가 24 르메이에르종로타운 B109-2, B110 "
"3000000-101-2007-02126","파리바게뜨카페(광화문점)","197573.030749573    ","452175.335781858    ","서울특별시 종로구 당주동 100 세종빌딩, 세종아파트 "
"3000000-101-2007-02129","두림","198283.262717767    ","452164.409374941    ","서울특별시 종로구 청진동 35 1층 "
"3000000-101-2007-02132","북악정","197983.768040008    ","456539.708373722    ","서울특별시 종로구 평창동 109-1 2층 "
"3000000-101-2007-02134","히메카츠","200005.117382494    ","453610.610906535    ","서울특별시 종로구 혜화동 133-1 1층 "
"3000000-101-2007-02136","J&J(제이엔제이)","198614.61995563     ","451842.501561085    ","서울특별시 종로구 관철동 155 지하1층 106호 "
"3000000-101-2007-02137","툇마루","198733.4026422      ","452343.630760684    ","서울특별시 종로구 인사동 4 (지상2층) "
"3000000-101-2007-02139","삼룡이네","200988.077032198    ","452269.339041651    ","서울특별시 종로구 창신동 142-35 "
"3000000-101-2007-02145","팔팔 너구리 해장 동대문역점","200899.709096426    ","452134.545425205    ","서울특별시 종로구 창신동 464-4 "
"3000000-101-2007-02152","옛날명동칼국수","197595.161312175    ","452460.054621887    ","서울특별시 종로구 적선동 156 광화문 플래티넘 "
"3000000-101-2007-02158","원빌리지","198956.805329384    ","453016.449086946    ","서울특별시 종로구 원서동 145 지상2층 "
"3000000-101-2007-02160","썬더치킨","201268.660300601    ","452884.011294256    ","서울특별시 종로구 창신동 17-12 지상1층 "
"3000000-101-2007-02163","전북횟집","198207.279003982    ","452082.344195698    ","서울특별시 종로구 청진동 136-0 지하1층 "
"3000000-101-2007-02169","좋아좋아분식","200971.425717609    ","453113.875178674    ","서울특별시 종로구 창신동 703 창신쌍용아파트 2지구 상가 120호"
"3000000-101-2007-02171","화목","197698.745044225    ","452100.51787896     ","서울특별시 종로구 당주동 40 1층 "
"3000000-101-2007-02172","이모네","200349.736978731    ","453140.589033928    ","서울특별시 종로구 동숭동 129-248 2층 "
"3000000-101-2007-02173","대봉칼국수보쌈","197559.791065754    ","452388.315239125    ","서울특별시 종로구 내수동 74 광화문시대상가 B112,B113호 "
"3000000-101-2007-02175","헝그리 서울","198553.088584042    ","452544.597919985    ","서울특별시 종로구 관훈동 118-6 (지상1층) "
"3000000-101-2007-02178","삼층","198967.408486581    ","452202.113322834    ","서울특별시 종로구 낙원동 139 (지상3층) "
"3000000-101-2007-02184","유메미루","200278.492507743    ","452703.843003362    ","서울특별시 종로구 이화동 139 1층 "
"3000000-101-2007-02186","희림적(熺琳炙)","197214.05826223     ","452594.411721985    ","서울특별시 종로구 필운동 240-4 지상1층 "
"3000000-101-2007-02188","다라치호프","196986.931657005    ","456038.650926234    ","서울특별시 종로구 평창동 182-2 지하1층 "
"3000000-101-2007-02189","이천영양돌솥밥","196986.931657005    ","456038.650926234    ","서울특별시 종로구 평창동 182-2 "
"3000000-101-2007-02193","슬로우 파크(Park)","198297.008445495    ","453954.557553424    ","서울특별시 종로구 삼청동 15-2 지상1층 "
"3000000-101-2007-02196","째즈스토리","200257.809875819    ","453113.442738308    ","서울특별시 종로구 동숭동 1-138 "
"3000000-101-2007-02200","이태리부대찌개(안녕인사동점)","198498.918632911    ","452473.403750001    ","서울특별시 종로구 관훈동 155-2 "
"3000000-101-2008-00001","사발 FNB","197393.747563185    ","452408.438228843    ","서울특별시 종로구 내수동 71 경희궁의아침 2단지 1층 114호"
"3000000-101-2008-00004","이명근떡볶이","199577.743308253    ","453993.061084391    ","서울특별시 종로구 명륜1가 10-20 1층 "
"3000000-101-2008-00005","박가네육회","200006.868773161    ","452021.084733256    ","서울특별시 종로구 종로5가 138-11 "
"3000000-101-2008-00009","북촌막국수제면소","198297.008445495    ","453954.557553424    ","서울특별시 종로구 삼청동 15-2 지하1층 "
"3000000-101-2008-00022","사직단 커피집","197181.393301659    ","452458.826651573    ","서울특별시 종로구 사직동 9 풍림스페이스본 112호 "
"3000000-101-2008-00023","비빔한상","197181.393301659    ","452458.826651573    ","서울특별시 종로구 사직동 9 광화문 풍림스페이스본 "
"3000000-101-2008-00026","봉구가래떡볶이 광화문점","197573.030749573    ","452175.335781858    ","서울특별시 종로구 당주동 100 세종빌딩 지하1층 133호 "
"3000000-101-2008-00030","미림","197272.536998534    ","453007.362188338    ","서울특별시 종로구 통인동 76-3 지하1층 "
"3000000-101-2008-00039","키친토크 ( KITCHEN TALK)","198324.653631679    ","452252.812389497    ","서울특별시 종로구 수송동 58 지하1층 125호 "
"3000000-101-2008-00040","광화문 하루","197541.418168655    ","452115.300046799    ","서울특별시 종로구 신문로1가 238 지하1층 37호 "
"3000000-101-2008-00041","한일관","199153.68221711     ","452125.474760601    ","서울특별시 종로구 돈의동 121 지상1층 "
"3000000-101-2008-00042","솔솥 대학로점","199977.1994232      ","453345.549867034    ","서울특별시 종로구 명륜4가 72-4 지상1층 "
"3000000-101-2008-00043","목포집","199048.278428407    ","452613.038946392    ","서울특별시 종로구 운니동 51 "
"3000000-101-2008-00047","불라","198794.027996213    ","452016.930052371    ","서울특별시 종로구 종로2가 22-2 (지상4층) "
"3000000-101-2008-00048","한일옥","199020.33722975     ","451917.361368805    ","서울특별시 종로구 관수동 19 (지하1층~지상1층) "
"3000000-101-2008-00050","동해","200846.042128186    ","452634.69230913     ","서울특별시 종로구 창신동 633-24 (1층) "
"3000000-101-2008-00052","러쉬","200841.593827023    ","452645.793928395    ","서울특별시 종로구 창신동 633-6 (지하1층) "
"3000000-101-2008-00054","계열사","196892.981392081    ","454508.654445698    ","서울특별시 종로구 부암동 258-3 "
"3000000-101-2008-00055","티-써클","198614.61995563     ","451842.501561085    ","서울특별시 종로구 관철동 155 지하1층 106호"
"3000000-101-2008-00059","쌍용반점","201268.660300601    ","452884.011294256    ","서울특별시 종로구 창신동 17-12 2층 "
"3000000-101-2008-00060","버거킹 종로구청점","198205.621520751    ","452254.217603167    ","서울특별시 종로구 수송동 68-1 호수빌딩 101호,201호 "
"3000000-101-2008-00069","해랑","200857.831022769    ","452546.949041533    ","서울특별시 종로구 창신동 643 지하1층 "
"3000000-101-2008-00081","삼교비","199116.939076364    ","452352.764440015    ","서울특별시 종로구 익선동 159 지상1층 "
"3000000-101-2008-00085","씨지브이 대학로3","199916.833506015    ","453462.420943009    ","서울특별시 종로구 명륜2가 41-9 대학로CGV 지상8층 "
"3000000-101-2008-00087","홍대개미","198340.176294975    ","453346.414948418    ","서울특별시 종로구 삼청동 35-117 지상1,2층 "
"3000000-101-2008-00090","대상하이샤브꼬치성","200923.800991348    ","452144.045229517    ","서울특별시 종로구 창신동 497-2 지상2층 "
"3000000-101-2008-00092","악당","199052.164234663    ","452535.569961658    ","서울특별시 종로구 익선동 55 현대뜨레비앙 지하109호 "
"3000000-101-2008-00094","두오모","197418.439335939    ","453262.185446895    ","서울특별시 종로구 효자동 40-2 지상1층 "
"3000000-101-2008-00095","체부동 잔치 해장국집","197424.610430815    ","452671.703366154    ","서울특별시 종로구 내자동 12 (지상 1,2층) "
"3000000-101-2008-00096","광화문 미진","198150.300374121    ","452019.212642931    ","서울특별시 종로구 종로1가 24 르메이에르 종로타운 지상1층116-2호, 117호 "
"3000000-101-2008-00100","마롱리면사무소 in 종로","198201.313264422    ","452221.134403171    ","서울특별시 종로구 청진동 2-2 "
"3000000-101-2008-00105","한차림","197181.393301659    ","452458.826651573    ","서울특별시 종로구 사직동 9 풍림스페이스본 상가 푸드코트 지하 108호 "
"3000000-101-2008-00109","장호짤라집","197567.93800572     ","452276.454633376    ","서울특별시 종로구 내수동 167 세종로 대우빌딩 지하1층115호 "
"3000000-101-2008-00114","충주댁 양은솥밥","199031.043494721    ","452432.998934808    ","서울특별시 종로구 익선동 127-4 지상1층 "
"3000000-101-2008-00116","만나식당","200859.247019597    ","452589.247613704    ","서울특별시 종로구 창신동 635-4 지상1층 "
"3000000-101-2008-00118","해피니스","199902.824769687    ","453348.233170816    ","서울특별시 종로구 명륜4가 164-1 지상1층 "
"3000000-101-2008-00120","서린","200815.242722276    ","452710.83980828     ","서울특별시 종로구 창신동 630-1 지하1층 "
"3000000-101-2008-00122","종로실내포차","198634.448738072    ","451889.198243161    ","서울특별시 종로구 관철동 19-7 지상1층 "
"3000000-101-2008-00123","스미레 돈카츠 안국점","198665.986731328    ","452876.143620546    ","서울특별시 종로구 재동 84-32 지상1층 "
"3000000-101-2008-00125","채선당 동묘역점","201359.53353905     ","452395.659064842    ","서울특별시 종로구 숭인동 76 "
"3000000-101-2008-00128","지유(GU)","199114.850238976    ","452480.744125898    ","서울특별시 종로구 와룡동 168-1 지상2층 "
"3000000-101-2008-00129","청계메기매운탕","201372.731762927    ","452204.626353431    ","서울특별시 종로구 숭인동 313-4 외2필지 (1층) "
"3000000-101-2008-00141","커피팩토리 글로보","198329.471699612    ","453112.110795379    ","서울특별시 종로구 소격동 109 "
"3000000-101-2008-00145","어쩌다농부 광화문점","198150.300374121    ","452019.212642931    ","서울특별시 종로구 종로1가 24 종로르메이에르타운 지하2층 (B222호) "
"3000000-101-2008-00146","삼미","199164.290787928    ","452521.361376789    ","서울특별시 종로구 와룡동 50-1 ( 지상1층) "
"3000000-101-2008-00148","오아시스","200931.362347166    ","452373.119346402    ","서울특별시 종로구 창신동 138-10 지상1층 "
"3000000-101-2008-00153","인디아 쉐프","198619.319752554    ","452264.276105491    ","서울특별시 종로구 관훈동 198-30 198-34, 198-35, 198-36(지상2층) "
"3000000-101-2008-00154","인가네영양센타","197650.653736722    ","452368.519288991    ","서울특별시 종로구 도렴동 60 지하1층 "
"3000000-101-2008-00156","대학로 무한대패","199965.552486441    ","453459.106833426    ","서울특별시 종로구 명륜2가 34 (지상3층) "
"3000000-101-2008-00161","야스미","199896.514077918    ","453357.586855699    ","서울특별시 종로구 명륜4가 173-2 지상1층 "
"3000000-101-2008-00163","설이동","198140.011322724    ","452161.804408159    ","서울특별시 종로구 청진동 179-1 지상1층 "
"3000000-101-2008-00166","또오리 전문점","199805.911589239    ","453484.614806515    ","서울특별시 종로구 명륜2가 205 지상1.2층 "
"3000000-101-2008-00167","의원상","199499.818330008    ","454039.637790709    ","서울특별시 종로구 명륜3가 1-9 지상1층 "
"3000000-101-2008-00170","김삼보 한국관","198150.300374121    ","452019.212642931    ","서울특별시 종로구 종로1가 24 (지상1층 119-1,2  120-1) "
"3000000-101-2008-00177","메종드 피폴라","199997.088275429    ","453302.413349461    ","서울특별시 종로구 명륜4가 112-2 2층 "
"3000000-101-2008-00183","스무디킹 종로점","198572.839145325    ","452022.373156033    ","서울특별시 종로구 종로2가 8-4 "
"3000000-101-2008-00185","정백어가 광화문 피맛골본점","198150.300374121    ","452019.212642931    ","서울특별시 종로구 종로1가 24 르메이에르종로타운1 122-1호, 122-2호 "
"3000000-101-2008-00188","스탐티쉬(Stammtisch)","196902.96726678     ","454486.146048953    ","서울특별시 종로구 부암동 257-3 (1층) "
"3000000-101-2008-00190","한돌참치 대학로 본점","200033.2946562      ","453610.180969225    ","서울특별시 종로구 혜화동 135 지상1층 "
"3000000-101-2008-00193","소울타워(SOUL TOWER)","200181.925231008    ","453385.703513726    ","서울특별시 종로구 동숭동 1-54 5층 "
"3000000-101-2008-00194","구기동 오면","196301.805814445    ","456095.541459457    ","서울특별시 종로구 구기동 88-49 지상1층 "
"3000000-101-2008-00195","만경","196079.544115659    ","452655.045595768    ","서울특별시 종로구 무악동 63-4 지상2층8호 "
"3000000-101-2008-00196","청화 우육도삭면","198150.300374121    ","452019.212642931    ","서울특별시 종로구 종로1가 24 르메이에르종로타운 1층 (118-1, 118-2) "
"3000000-101-2008-00200","ROCK 락","198994.320873397    ","452154.566835944    ","서울특별시 종로구 낙원동 147 ( 지상2층) "
"3000000-101-2008-00201","양평해장국","197766.998422064    ","451932.686795823    ","서울특별시 종로구 신문로1가 158 (지상1층) "
"3000000-101-2008-00202","갯마을","197766.998422064    ","451932.686795823    ","서울특별시 종로구 신문로1가 158 (지상1층) "
"3000000-101-2008-00206","모 베터블루","200284.518489031    ","453417.126753477    ","서울특별시 종로구 동숭동 26 (1~2층) "
"3000000-101-2008-00207","장교식당","199927.230591334    ","452209.301243442    ","서울특별시 종로구 연지동 243-4 외 2필지(지상1층) "
"3000000-101-2008-00209","LP음악소","198150.300374121    ","452019.212642931    ","서울특별시 종로구 종로1가 24 르메이에르 B108-2(지하1층) "
"3000000-101-2008-00211","거성","197633.250424667    ","452219.906927218    ","서울특별시 종로구 당주동 117 (지상1,2층) "
"3000000-101-2008-00213","뉴 숏버스(New Short Bus)","199170.682753367    ","452230.614024446    ","서울특별시 종로구 묘동 175 지상3층 "
"3000000-101-2008-00214","시골집","200934.012281403    ","452128.401000852    ","서울특별시 종로구 창신동 464-10 (지상1층) "
"3000000-101-2008-00217","태성골뱅이 신사","198274.207168671    ","452170.850829115    ","서울특별시 종로구 청진동 32-1 1층 "
"3000000-101-2008-00219","Cats(캣츠)","200258.68186666     ","453211.209897985    ","서울특별시 종로구 동숭동 1-94 지상2층 "
"3000000-101-2008-00220","도노베아토","197713.264843734    ","451938.037703258    ","서울특별시 종로구 신문로1가 163 지하1층 114호 "
"3000000-101-2008-00231","영광식품","199377.669055349    ","451982.41963839     ","서울특별시 종로구 종로3가 157 지상1층 "
"3000000-101-2008-00232","8[pal](팔) Ⅶ","200259.465338363    ","453287.092062212    ","서울특별시 종로구 동숭동 1-78 지상5층 "
"3000000-101-2008-00242","돌담집","197541.418168655    ","452115.300046799    ","서울특별시 종로구 신문로1가 238 신문로빌딩 지하28호 "
"3000000-101-2008-00244","해일로","201290.070419444    ","451995.957183818    ","서울특별시 종로구 창신동 401-41 지상1층 "
"3000000-101-2008-00248","도화","197649.590918029    ","452230.504981804    ","서울특별시 종로구 당주동 3-2 선덕빌딩 "
"3000000-101-2008-00256","에디션 엠","199997.088275429    ","453302.413349461    ","서울특별시 종로구 명륜4가 112-2 (지상1층) "
"3000000-101-2008-00259","광화문육회","197662.503910553    ","452189.09236786     ","서울특별시 종로구 당주동 5 로얄빌딩 지하1층 66호"
"3000000-101-2008-00261","디미","197605.092932247    ","452998.255021245    ","서울특별시 종로구 통의동 1-1 지상1층 "
"3000000-101-2008-00264","비투프로젝트 (B Two Projects)","200356.105013917    ","453200.995009134    ","서울특별시 종로구 동숭동 130-11 (1층) "
"3000000-101-2008-00270","렛잇비 광화문","197567.93800572     ","452276.454633376    ","서울특별시 종로구 내수동 167 대우빌딩 지층113호 "
"3000000-101-2008-00289","혜화동돈까스 혼가츠","199951.97511202     ","453458.191077662    ","서울특별시 종로구 명륜2가 36-1 지하1층 "
"3000000-101-2008-00292","이모네 집","200279.876788998    ","452407.353382534    ","서울특별시 종로구 충신동 201-1 영현빌딩 1층 "
"3000000-101-2008-00297","봉남이네 호프","200917.905199686    ","452387.198463512    ","서울특별시 종로구 창신동 583-20 (지상1층) "
"3000000-101-2008-00299","생활맥주 종각점","198624.138578439    ","451931.849400946    ","서울특별시 종로구 관철동 18-4 지상1층 "
"3000000-101-2008-00307","허그(HUG)","200018.125238801    ","453426.158629816    ","서울특별시 종로구 명륜4가 16-1 "
"3000000-101-2008-00309","북촌손만두 북촌점","198673.062230035    ","452982.340621634    ","서울특별시 종로구 재동 45-8 (지상1층) "
"3000000-101-2008-00312","카오스","201959.524603547    ","452746.432287728    ","서울특별시 종로구 숭인동 1236 지상1층 "
"3000000-101-2008-00313","포베이 대학로점","200280.193994523    ","453192.388711856    ","서울특별시 종로구 동숭동 1-92 지상2층 "
"3000000-101-2008-00314","난이","200840.570511353    ","452691.135508507    ","서울특별시 종로구 창신동 633-9 지상1층 "
"3000000-101-2008-00315","대양통닭","200968.763988792    ","452272.849853175    ","서울특별시 종로구 창신동 580-1 지상1층 "
"3000000-101-2008-00316","좋은하루","198090.554119913    ","452431.628812022    ","서울특별시 종로구 수송동 129-1 지상1층 "
"3000000-101-2008-00318","마리오","200768.962564517    ","452759.935089807    ","서울특별시 종로구 창신동 627-19 (지하1호) "
"3000000-101-2008-00322","지상","201347.425996815    ","452488.390621877    ","서울특별시 종로구 숭인동 81-22 지상2층 "
"3000000-101-2008-00325","풍원식당","201946.834117732    ","452650.146895755    ","서울특별시 종로구 숭인동 1247 (지상1층) "
"3000000-101-2008-00327","반기다","198983.804075976    ","452372.631137477    ","서울특별시 종로구 낙원동 82-3 지상1층 "
"3000000-101-2008-00339","바로덮밥","201267.43850032     ","452483.510680837    ","서울특별시 종로구 창신동 81-6 (지상1층) "
"3000000-101-2008-00345","설맥 낙원점","198962.57531706     ","452215.205219118    ","서울특별시 종로구 낙원동 138-1 (지상1층) "
"3000000-101-2008-00347","데이지","199603.448421761    ","452613.737391003    ","서울특별시 종로구 원남동 199 (지하1층) "
"3000000-101-2008-00352","국수분식","198150.300374121    ","452019.212642931    ","서울특별시 종로구 종로1가 24 르메이에르종로타운 B221-2 "
"3000000-101-2008-00357","will(윌)","200018.125238801    ","453426.158629816    ","서울특별시 종로구 명륜4가 16-1 "
"3000000-101-2008-00358","코이라멘 종로점","198150.300374121    ","452019.212642931    ","서울특별시 종로구 종로1가 24 르메이에르종로타운1 "
"3000000-101-2008-00363","예소담","198838.912965902    ","452214.210961577    ","서울특별시 종로구 낙원동 288 ,284-6 지하1층 제188호 "
"3000000-101-2008-00367","한신포차(종로관철점)","198788.536133919    ","451930.151627442    ","서울특별시 종로구 관철동 6-5 (지하1층) "
"3000000-101-2008-00369","청운동남원추어탕","197382.370773994    ","453664.122849019    ","서울특별시 종로구 청운동 94-2 지상1,2층 "
"3000000-101-2008-00375","두르가","198150.300374121    ","452019.212642931    ","서울특별시 종로구 종로1가 24 르메이에르종로타운1 "
"3000000-101-2008-00376","포비베스트 청와대","198140.103220587    ","453495.255322675    ","서울특별시 종로구 팔판동 115-52 (지상1층) "
"3000000-101-2008-00377","푸드까페 김밥천국 종로점","198150.300374121    ","452019.212642931    ","서울특별시 종로구 종로1가 24 (지상1층 106호) "
"3000000-101-2008-00378","한일식당","200994.093174693    ","452223.842151234    ","서울특별시 종로구 창신동 534 외1필지 "
"3000000-101-2008-00379","포차 100","200342.408788786    ","453056.007813751    ","서울특별시 종로구 동숭동 187-8 지상1층 "
"3000000-101-2008-00380","더 샌드위치","197181.393301659    ","452458.826651573    ","서울특별시 종로구 사직동 9 풍림스페이스본 지상1층 201동107B호 "
"3000000-101-2008-00393","송암골뱅이","197417.24255408     ","452839.094128263    ","서울특별시 종로구 체부동 87 (지상1층) "
"3000000-101-2008-00402","승우네","199825.784327248    ","452021.406305641    ","서울특별시 종로구 종로4가 143 지상1층 "
"3000000-101-2008-00407","황금정","197303.497570432    ","452716.470254933    ","서울특별시 종로구 체부동 211-1 (지상1,2층) "
"3000000-101-2008-00410","막내낙지","198150.300374121    ","452019.212642931    ","서울특별시 종로구 종로1가 24 르메이에르종로타운1 "
"3000000-101-2008-00411","콩뼈 숯뼈","198888.025966231    ","452378.460982337    ","서울특별시 종로구 낙원동 42 아름다운빌딩 1층 "
"3000000-101-2008-00413","포탈라레스토랑","198928.776736747    ","451791.664335917    ","서울특별시 종로구 관철동 35-2 (지하1층) "
"3000000-101-2009-00002","타지마할 레스토랑","198630.79627088     ","452035.412646906    ","서울특별시 종로구 종로2가 9 (YMCA 2층) "
"3000000-101-2009-00009","순수덮밥 동대문점","200401.417026553    ","452585.337578251    ","서울특별시 종로구 충신동 54-5 (지상1층) "
"3000000-101-2009-00014","영광식당","196112.95679095     ","452618.967151543    ","서울특별시 종로구 무악동 63-9 (지상1층) "
"3000000-101-2009-00015","대가곱창","199423.190846331    ","454105.559143201    ","서울특별시 종로구 명륜3가 1-1143 (지상1층) "
"3000000-101-2009-00020","소문난집 삼경원","198150.300374121    ","452019.212642931    ","서울특별시 종로구 종로1가 24 르메이에르종로타운 지하1층 (B103A1-1호) "
"3000000-101-2009-00023","명륜진사갈비 서울구기점","196188.676804345    ","456211.92274867     ","서울특별시 종로구 구기동 85-9 지상1층 105호 "
"3000000-101-2009-00026","원조 서린","198150.300374121    ","452019.212642931    ","서울특별시 종로구 종로1가 24 르메이에르종로타운 2층 (220,221호) "
"3000000-101-2009-00028","에덴","197353.942144529    ","452492.769771018    ","서울특별시 종로구 내자동 178-2 (지하1층) "
"3000000-101-2009-00035","전주 콩나물국밥","198150.300374121    ","452019.212642931    ","서울특별시 종로구 종로1가 24 르메이에르 종로타운 B104-2-1, B104-2-2, B104-3 "
"3000000-101-2009-00039","유도리투","198651.119766996    ","451931.50837289     ","서울특별시 종로구 관철동 18-13 지하1층 "
"3000000-101-2009-00041","영주네 해장국","200979.578498126    ","452254.887579445    ","서울특별시 종로구 창신동 580-7 "
"3000000-101-2009-00042","계동옥","198748.540701227    ","453013.247563749    ","서울특별시 종로구 계동 115-1 지하1층 "
"3000000-101-2009-00043","뉴고때주(NEW COTTAGE)","201002.138967164    ","452282.870372178    ","서울특별시 종로구 창신동 142-15 지상1층 "
"3000000-101-2009-00051","석쇠한잔","201771.34601802     ","452506.122321753    ","서울특별시 종로구 숭인동 192 (지상1층) "
"3000000-101-2009-00057","판다네떢볶이집","197181.393301659    ","452458.826651573    ","서울특별시 종로구 사직동 9 풍림스페이스본 301동 지하1층 107A "
"3000000-101-2009-00059","맥줏집","199147.760577643    ","451956.53315786     ","서울특별시 종로구 관수동 43-2 (지상1층) "
"3000000-101-2009-00060","비스트로 친친(Bistro chin chin)","197525.353618715    ","453314.954295256    ","서울특별시 종로구 효자동 164-8 (지상1층) "
"3000000-101-2009-00061","삼정하누 광화문점","197294.62175568     ","452530.678431335    ","서울특별시 종로구 필운동 297-2 "
"3000000-101-2009-00062","그 놈","199171.108263678    ","452105.06730682     ","서울특별시 종로구 돈의동 135 지상2층 "
"3000000-101-2009-00067","여수오동도","198150.300374121    ","452019.212642931    ","서울특별시 종로구 종로1가 24 르메이에르종로타운 지하2층 (B215-3호) "
"3000000-101-2009-00072","삼안갈비촌","200018.125238801    ","453426.158629816    ","서울특별시 종로구 명륜4가 16-1 "
"3000000-101-2009-00077","싱글","196079.544115659    ","452655.045595768    ","서울특별시 종로구 무악동 63-4 1층 7호 "
"3000000-101-2009-00078","탐앤탐 앤 이삭토스트 종로피카디리점","199155.544853099    ","452083.125538906    ","서울특별시 종로구 돈의동 137 피카디리 1-89호 "
"3000000-101-2009-00083","산카이 익선점","198935.370248568    ","452308.730046741    ","서울특별시 종로구 낙원동 92 (지상1층) "
"3000000-101-2009-00084","도토리브라더스","197216.565974093    ","452293.489151278    ","서울특별시 종로구 신문로2가 1-248 (지상1층) "
"3000000-101-2009-00085","무한리필 고기굼터","200866.264882209    ","452269.993405759    ","서울특별시 종로구 창신동 651-47 (지상1층) "
"3000000-101-2009-00089","(주)명장지가","198736.509055143    ","452514.489357715    ","서울특별시 종로구 경운동 74 지상1층 "
"3000000-101-2009-00092","김밥 스탠다드","198213.955223154    ","452045.296742706    ","서울특별시 종로구 청진동 128 지하1층 104호 "
"3000000-101-2009-00102","광장포차","200066.658951226    ","452021.304624405    ","서울특별시 종로구 종로5가 138-22 (지상 1층) "
"3000000-101-2009-00111","메리그린(A MERRY GRIN)","199849.648054927    ","453366.872557716    ","서울특별시 종로구 명륜4가 188-24 (지상2층) "
"3000000-101-2009-00112","대조","201347.425996815    ","452488.390621877    ","서울특별시 종로구 숭인동 81-22 (지상1층) "
"3000000-101-2009-00114","아쿠아","199076.079256135    ","452112.074785736    ","서울특별시 종로구 낙원동 159 (지상1층) "
"3000000-101-2009-00118","명동칼국수","198073.703825354    ","452570.618218553    ","서울특별시 종로구 중학동 110-2 "
"3000000-101-2009-00123","에베레스트 커리월드","200951.86329562     ","452203.66791918     ","서울특별시 종로구 창신동 542 (지상 2층) "
"3000000-101-2009-00124","언더젤코바(Under Zelkova)","197544.421878323    ","452945.798223938    ","서울특별시 종로구 통의동 27 "
"3000000-101-2009-00125","미가","200870.466483008    ","451975.759124436    ","서울특별시 종로구 창신동 436-79 2층 (가동 204호) "
"3000000-101-2009-00130","시민 호프","198760.62966456     ","451931.06533534     ","서울특별시 종로구 관철동 14-1 (지상2층) "
"3000000-101-2009-00131","황씨네 대가 추어탕","198324.653631679    ","452252.812389497    ","서울특별시 종로구 수송동 58 두산위브파빌리온 132호~134호 "
"3000000-101-2009-00135","얌샘","199120.571734839    ","452038.034949856    ","서울특별시 종로구 종로3가 13-4 지상1층 "
"3000000-101-2009-00139","송강","200855.106136883    ","452641.68682151     ","서울특별시 종로구 창신동 595-35 지상1층 "
"3000000-101-2009-00143","가향","201684.94301241     ","452360.671366747    ","서울특별시 종로구 숭인동 207-30 (지상3층) "
"3000000-101-2009-00144","미도인 대학로","199961.720338873    ","453285.498872766    ","서울특별시 종로구 명륜4가 116 (지상1층) "
"3000000-101-2009-00145","서대포집","199138.224624799    ","452308.26608003     ","서울특별시 종로구 돈의동 6 지상1층 "
"3000000-101-2009-00151","새벽다리 콩나물밥집","199932.489546177    ","451918.622032622    ","서울특별시 종로구 예지동 269-28 1층 "
"3000000-101-2009-00153","광화문 사케","197698.745044225    ","452100.51787896     ","서울특별시 종로구 당주동 40 1층 "
"3000000-101-2009-00160","신라 갈비","199032.088208942    ","452054.495606172    ","서울특별시 종로구 낙원동 196 지상1층 "
"3000000-101-2009-00168","미자네분식","196216.695084581    ","452495.361879798    ","서울특별시 종로구 무악동 42-2 "
"3000000-101-2009-00171","본가 궁중족발","197319.892558855    ","452715.641554323    ","서울특별시 종로구 체부동 212 "
"3000000-101-2009-00173","유빈","199052.164234663    ","452535.569961658    ","서울특별시 종로구 익선동 55 현대뜨레비앙 1층 106호 "
"3000000-101-2009-00174","빽다방(종로 관철점)","198564.480772296    ","451856.926152299    ","서울특별시 종로구 관철동 42-4 "
"3000000-101-2009-00175","남도집","198305.292744178    ","452185.316254392    ","서울특별시 종로구 청진동 48-2 "
"3000000-101-2009-00176","창신동 매운 왕족발","200965.380807432    ","452307.159532506    ","서울특별시 종로구 창신동 142-29 "
"3000000-101-2009-00181","화로 흑돈돈","199060.226555094    ","452052.481113785    ","서울특별시 종로구 낙원동 194 덕우빌딩 1층 "
"3000000-101-2009-00182","자갈치곰장어","200265.939725719    ","452194.473113773    ","서울특별시 종로구 효제동 227-1 혜원한의원 "
"3000000-101-2009-00184","SUBHECHHA RESTAURANT(수베차 레스토랑)","201064.90042956     ","452234.142151042    ","서울특별시 종로구 창신동 157-1 "
"3000000-101-2009-00186","술마당","201473.377407269    ","452311.353125612    ","서울특별시 종로구 숭인동 266 "
"3000000-101-2009-00192","칼국수&냉면 동대문칼국수냉면","200962.030944042    ","452157.077680121    ","서울특별시 종로구 창신동 509-2 (지상1층) "
"3000000-101-2009-00194","미정국수0410 대학로점","200062.715750146    ","453400.461773538    ","서울특별시 종로구 명륜4가 21-2 지하1층 "
"3000000-101-2009-00197","주식회사 해늘","198922.187721608    ","452227.067733521    ","서울특별시 종로구 낙원동 235-5 중앙빌딩 1층 "
"3000000-101-2009-00199","혜화동순대국","199954.044722095    ","453701.572334399    ","서울특별시 종로구 명륜2가 237 아남주상복합상가 301동 101호 "
"3000000-101-2009-00201","김밥 분식","196188.676804345    ","456211.92274867     ","서울특별시 종로구 구기동 85-9 인왕빌딩 102호 "
"3000000-101-2009-00204","비어럽","198386.829870878    ","452237.303784872    ","서울특별시 종로구 견지동 110 대성스카이렉스 지상1층 101호"
"3000000-101-2009-00205","대청","199052.164234663    ","452535.569961658    ","서울특별시 종로구 익선동 55 현대뜨레앙 101호 "
"3000000-101-2009-00216","일일주(日日酒)","197181.393301659    ","452458.826651573    ","서울특별시 종로구 사직동 9 풍림스페이스본 1층 201동 108호 "
"3000000-101-2009-00217","찌개랑 찜이랑","200415.630082603    ","452059.625844484    ","서울특별시 종로구 종로5가 259 2층 "
"3000000-101-2009-00218","고엔","199920.139694741    ","453560.115981456    ","서울특별시 종로구 명륜2가 8-30 "
"3000000-101-2009-00219","연술","198977.28746058     ","452187.211222643    ","서울특별시 종로구 낙원동 141 "
"3000000-101-2009-00223","동두천부대찌개","199686.720310761    ","453519.26741939     ","서울특별시 종로구 명륜3가 122-1 "
"3000000-101-2009-00225","퀸","198054.302          ","452574.509333334    ","서울특별시 종로구 중학동 110-7 (2층) "
"3000000-101-2009-00226","비스카(Visca)","197273.468373546    ","453279.77815366     ","서울특별시 종로구 옥인동 19-71 (지상1층) "
"3000000-101-2009-00229","IL Tavolo(일따볼로)","197393.747563185    ","452408.438228843    ","서울특별시 종로구 내수동 71 경희궁의 아침2단지 105호 "
"3000000-101-2009-00232","술데렐라","200508.296314377    ","452171.567159871    ","서울특별시 종로구 종로6가 141-1 수상빌딩 "
"3000000-101-2009-00237","포아이니 종로3가 익선점","198966.78218634     ","452232.345396899    ","서울특별시 종로구 낙원동 136 보광빌딩 "
"3000000-101-2009-00253","황학동 그집","201894.503319351    ","452445.59754515     ","서울특별시 종로구 숭인동 1410 "
"3000000-101-2009-00254","파크(Park)","198935.370248568    ","452308.730046741    ","서울특별시 종로구 낙원동 92 (1층 1호) "
"3000000-101-2009-00259","2층 계단집","197412.049158037    ","452671.677725159    ","서울특별시 종로구 내자동 11-1 2층 "
"3000000-101-2009-00260","반반(Ban Ban)","197465.223921125    ","452366.613899898    ","서울특별시 종로구 내수동 72 경희궁의아침3단지1층상가 134호 135호 "
"3000000-101-2009-00261","백제고기집","200279.457604439    ","452261.387624027    ","서울특별시 종로구 효제동 155 2층 "
"3000000-101-2009-00262","숙이네","200449.121244348    ","451993.882852179    ","서울특별시 종로구 종로5가 443 1층 "
"3000000-101-2009-00266","후와후와","199926.134449712    ","452184.823377297    ","서울특별시 종로구 연지동 255 (지상1층) "
"3000000-101-2009-00269","천향록","199769.96511678     ","453520.42735819     ","서울특별시 종로구 명륜2가 211 집합건물 202호 "
"3000000-101-2009-00274","나나 레스토랑 (NANA RESTAURANT)","201032.212249687    ","452228.015852926    ","서울특별시 종로구 창신동 151-2 (지상 3층) "
"3000000-101-2009-00278","예원","199765.975006357    ","452522.72378826     ","서울특별시 종로구 원남동 68 (지하1층) "
"3000000-101-2009-00282","뉴욕 하늘","198297.008445495    ","453954.557553424    ","서울특별시 종로구 삼청동 15-2 4층 "
"3000000-101-2009-00290","파트너","199681.025277924    ","452580.913851274    ","서울특별시 종로구 원남동 182 (지상2층) "
"3000000-101-2009-00295","다락","198713.668104368    ","452325.563953564    ","서울특별시 종로구 인사동 1-1 "
"3000000-101-2009-00297","West 19th(웨스트 나인티스)","198285.031992829    ","453462.371626177    ","서울특별시 종로구 팔판동 19 "
"3000000-101-2009-00299","윤 식당","200892.323217965    ","452380.563757538    ","서울특별시 종로구 창신동 583-17 지상1층 "
"3000000-101-2009-00301","청정회 수산","201359.53353905     ","452395.659064842    ","서울특별시 종로구 숭인동 76 롯데캐슬상가 지하1층 102,103,104호 "
"3000000-101-2009-00303","사계절 떡국, 국수","197301.12614106     ","451816.038182067    ","서울특별시 종로구 신문로2가 89-27 피어선빌딩 202호 "
"3000000-101-2009-00307","서촌칼제비","197254.839931965    ","452709.344115018    ","서울특별시 종로구 필운동 194 "
"3000000-101-2009-00314","피맛골","199068.868143853    ","452059.813314623    ","서울특별시 종로구 낙원동 193 지상1층 "
"3000000-101-2009-00320","미소쌀국수","197673.919714838    ","452123.434528869    ","서울특별시 종로구 당주동 160 지하1층 26.27.30.31호 "
"3000000-101-2009-00326","나무(namu)","200356.069139013    ","453400.39302357     ","서울특별시 종로구 동숭동 25-1 지상1층 "
"3000000-101-2009-00328","푸른별주막","198519.363649727    ","452581.991398022    ","서울특별시 종로구 관훈동 118-15 (지상1층) "
"3000000-101-2009-00330","석정","201859.360532103    ","452736.725481006    ","서울특별시 종로구 숭인동 750 1층 "
"3000000-101-2009-00331","아름다운 설렁탕","200358.608747835    ","452128.747387552    ","서울특별시 종로구 종로5가 21-2 1층 "
"3000000-101-2009-00336","참골뱅이와 노가리","198924.31692109     ","452217.171349412    ","서울특별시 종로구 낙원동 230 2층 "
"3000000-101-2009-00338","호라이즌레스토랑","198150.300374121    ","452019.212642931    ","서울특별시 종로구 종로1가 24 르메이에르종로타운 b301호"
"3000000-101-2009-00340","카네기","199785.678571538    ","451955.293783003    ","서울특별시 종로구 예지동 6-5 협신빌딩 1층 "
"3000000-101-2009-00346","다래국수","197434.679306642    ","452698.531937732    ","서울특별시 종로구 체부동 57 (지상 1층) "
"3000000-101-2009-00350","캔디","200209.596759928    ","452566.564088574    ","서울특별시 종로구 충신동 83 3층 "
"3000000-101-2009-00351","전설의치킨","198977.229536348    ","452055.346130144    ","서울특별시 종로구 낙원동 202 "
"3000000-101-2009-00352","종로 골뱅이","198922.059962012    ","451864.177215981    ","서울특별시 종로구 관철동 25 1층 "
"3000000-101-2009-00356","네네치킨","199028.829510033    ","452167.894965375    ","서울특별시 종로구 낙원동 150-1 파고다빌딩 1층 "
"3000000-101-2009-00362","나주집","200971.060241283    ","452302.670457694    ","서울특별시 종로구 창신동 142-30 1층 "
"3000000-101-2009-00367","누나홀닭","198214.752101235    ","452186.145185422    ","서울특별시 종로구 청진동 13 지상1,2층 "
"3000000-101-2009-00372","대찬횟집","198482.306050037    ","451899.452254243    ","서울특별시 종로구 관철동 256 지하1층 "
"3000000-101-2009-00374","오복당 대학로점","199942.003439551    ","453305.348201669    ","서울특별시 종로구 명륜4가 80-1 "
"3000000-101-2009-00376","해우수산(전복마을)","196550.468877712    ","455513.474235429    ","서울특별시 종로구 신영동 118-2 "
"3000000-101-2009-00377","순이네","199509.962000656    ","451888.555001545    ","서울특별시 종로구 장사동 116-4 (지상3층) "
"3000000-101-2009-00383","동북화과왕","200890.361967381    ","452081.995641838    ","서울특별시 종로구 창신동 463-1 2층 "
"3000000-101-2009-00388","무교동낙지","198119.023796404    ","452150.721723753    ","서울특별시 종로구 청진동 182-4 (지상 1층지하1층) "
"3000000-101-2009-00401","도취 하녹식당","197179.800762223    ","452728.304148788    ","서울특별시 종로구 필운동 118 1층 "
"3000000-101-2009-00403","옴 레스토랑","197816.682263356    ","452024.763264859    ","서울특별시 종로구 신문로1가 2 지하1층 "
"3000000-101-2009-00407","명작 신의주 찹쌀순대","197181.393301659    ","452458.826651573    ","서울특별시 종로구 사직동 9 풍림스페이스본 202동 지상1층 104호 "
"3000000-101-2009-00410","항상 감자탕","199016.856847945    ","452053.890779469    ","서울특별시 종로구 낙원동 197-1 1층 "
"3000000-101-2009-00412","청산 손만두","199983.726932845    ","453297.378865779    ","서울특별시 종로구 명륜4가 112-7 (지상1층) "
"3000000-101-2009-00414","제주오겹살","198228.200410245    ","452274.732818798    ","서울특별시 종로구 수송동 71-2 (지상2층) "
"3000000-101-2009-00415","제주바다","200284.711982176    ","452180.890926067    ","서울특별시 종로구 효제동 201-1 ,201 지상1층 "
"3000000-101-2009-00417","copper coffee","199878.08705636     ","453933.055898075    ","서울특별시 종로구 명륜1가 36-4 지상1층 "
"3000000-101-2009-00420","플라타너스","199135.525225838    ","452039.626193925    ","서울특별시 종로구 종로3가 13-1 "
"3000000-101-2009-00424","호반","198324.653631679    ","452252.812389497    ","서울특별시 종로구 수송동 58 두산위브파빌리온 지하 121호 "
"3000000-101-2009-00425","지리산 흑돼지","201905.282909761    ","452478.636909053    ","서울특별시 종로구 숭인동 1375 "
"3000000-101-2009-00428","동묘집","201235.277092883    ","452157.837693456    ","서울특별시 종로구 창신동 330-49 1층 "
"3000000-101-2009-00430","오한수 우육면가 오피시아점","197713.264843734    ","451938.037703258    ","서울특별시 종로구 신문로1가 163 지하1층 B010,011 "
"3000000-101-2009-00431","서촌뜰애우 곱창타운별관","197442.980237257    ","452682.304026788    ","서울특별시 종로구 내자동 4 "
"3000000-101-2009-00434","종로등심","200406.50583577     ","452008.069610976    ","서울특별시 종로구 종로5가 247-2 "
"3000000-101-2009-00436","비에이치씨(BHC)","199658.55506796     ","453782.816291273    ","서울특별시 종로구 명륜1가 83-5 "
"3000000-101-2009-00438","최부자 보쌈","199101.018897349    ","451955.858910599    ","서울특별시 종로구 관수동 39-1 (지상1층) "
"3000000-101-2009-00440","오복","199101.018897349    ","451955.858910599    ","서울특별시 종로구 관수동 39-1 "
"3000000-101-2009-00445","한쌈족보","199019.592122356    ","451876.791431484    ","서울특별시 종로구 관수동 144 지상1층 "
"3000000-101-2009-00448","음악의숲","197377.646438472    ","453030.561054384    ","서울특별시 종로구 통인동 141-2 지하1층 "
"3000000-101-2009-00452","오동잎감자탕","201588.786483466    ","452375.011823091    ","서울특별시 종로구 숭인동 218 "
"3000000-101-2009-00455","마리오","199902.824769687    ","453348.233170816    ","서울특별시 종로구 명륜4가 164-1 "
"3000000-101-2009-00460","예린","197677.671306891    ","452095.674793395    ","서울특별시 종로구 당주동 167-1 (지상3층) "
"3000000-101-2009-00463","훈이네밥상","197573.030749573    ","452175.335781858    ","서울특별시 종로구 당주동 100-0 세종빌딩 지하1층123호 "
"3000000-101-2009-00465","뚝배기 비빔밥","199564.050486868    ","453996.071147072    ","서울특별시 종로구 명륜1가 10-43 "
"3000000-101-2009-00472","수련","199109.027759236    ","452420.869552965    ","서울특별시 종로구 익선동 108 "
"3000000-101-2009-00474","동막골","201627.84114401     ","452180.399029756    ","서울특별시 종로구 숭인동 232-3 (지상 1층) "
"3000000-101-2009-00475","골목흙돼지","201633.605833878    ","452465.228032446    ","서울특별시 종로구 숭인동 177-2 (지상 1층) "
"3000000-101-2009-00477","레에스티우(L'estiu)","197406.064032456    ","453239.584487207    ","서울특별시 종로구 창성동 158-2 1층 "
"3000000-101-2009-00479","삼형제쭈꾸미 대학로점","200311.616334189    ","453225.995421576    ","서울특별시 종로구 동숭동 128-5 "
"3000000-101-2009-00486","아이자와","197567.849954354    ","452567.159554494    ","서울특별시 종로구 적선동 80 지하1층 13호 "
"3000000-101-2009-00487","쌍떼","199670.979884558    ","452221.775006084    ","서울특별시 종로구 인의동 112-2 3층 313호 "
"3000000-101-2009-00493","카오리","198150.300374121    ","452019.212642931    ","서울특별시 종로구 종로1가 24 르메이에르 211-1 "
"3000000-101-2009-00497","슈퍼이야이야 안국점","198523.909635042    ","452756.595570688    ","서울특별시 종로구 안국동 84 지상1층 "
"3000000-101-2009-00498","쇠고집","198726.499106154    ","452168.545606531    ","서울특별시 종로구 인사동 141-2 지상1층 "
"3000000-101-2009-00499","천강에 비친 달","198726.499106154    ","452168.545606531    ","서울특별시 종로구 인사동 141-2 지상1층 "
"3000000-101-2009-00502","라무진 경복궁점","197411.165595466    ","452864.962932176    ","서울특별시 종로구 체부동 30 2층 "
"3000000-101-2009-00504","케이쌍화(K SSANG HWA)","200451.843991699    ","452039.919923126    ","서울특별시 종로구 종로5가 265-4 "
"3000000-101-2009-00505","(주) 플로라에프앤비","197282.600883573    ","453488.220835563    ","서울특별시 종로구 신교동 59 "
"3000000-101-2009-00507","더 그린테이블","198916.621582172    ","452826.94095916     ","서울특별시 종로구 원서동 229 "
"3000000-101-2010-00002","오마쥬","197588.672695031    ","452846.004594407    ","서울특별시 종로구 통의동 35-21 (지상1층) "
"3000000-101-2010-00003","뽀글 뚝배기 냠냠 비빔밥","199554.116133013    ","453978.179489681    ","서울특별시 종로구 명륜3가 2-24 (지상 1층) "
"3000000-101-2010-00008","에프터 워크 33","199148.374806424    ","452695.154921112    ","서울특별시 종로구 권농동 157 "
"3000000-101-2010-00016","종로강남한의원 식품사업부 더쌍화","200437.791411086    ","452034.067982543    ","서울특별시 종로구 종로5가 265-18 "
"3000000-101-2010-00019","is(이즈)","199864.985258871    ","454073.782893168    ","서울특별시 종로구 명륜1가 32-7 "
"3000000-101-2010-00021","미미 대구왕뽈찜","196854.705452639    ","451751.300961116    ","서울특별시 종로구 교남동 39-2 "
"3000000-101-2010-00022","동남식당","199302.257282572    ","451913.125046978    ","서울특별시 종로구 장사동 38-1 "
"3000000-101-2010-00025","구테이블 한정식","198594.595036101    ","452537.30911116     ","서울특별시 종로구 관훈동 86 "
"3000000-101-2010-00031","백패커스 비스트로 카페","201956.888133032    ","452755.072729623    ","서울특별시 종로구 숭인동 1233 "
"3000000-101-2010-00033","메가네","201087.543972887    ","452263.827782154    ","서울특별시 종로구 창신동 181-2 "
"3000000-101-2010-00038","열차집","198409.99322661     ","452157.297921599    ","서울특별시 종로구 공평동 130-1 "
"3000000-101-2010-00040","미당순두부","198882.609426504    ","451824.388948696    ","서울특별시 종로구 관철동 33-13 (1,2층) "
"3000000-101-2010-00041","크리스탈","198150.300374121    ","452019.212642931    ","서울특별시 종로구 종로1가 24 "
"3000000-101-2010-00042","홍복성","198324.653631679    ","452252.812389497    ","서울특별시 종로구 수송동 58 두산위브파빌리온 "
"3000000-101-2010-00044","중경삼림","198750.982842945    ","453130.562550971    ","서울특별시 종로구 계동 79-6 "
"3000000-101-2010-00045","평가옥","197662.503910553    ","452189.09236786     ","서울특별시 종로구 당주동 5 로얄빌딩 "
"3000000-101-2010-00048","프레드매스","197329.898847331    ","452432.501606302    ","서울특별시 종로구 내수동 95 파크팰리스 1층 116호"
"3000000-101-2010-00052","창신 맛타운","200968.550254504    ","452407.891182268    ","서울특별시 종로구 창신동 131-69 "
"3000000-101-2010-00055","하코야","197637.6027446      ","452274.751389446    ","서울특별시 종로구 내수동 1 대성빌딩 1층 "
"3000000-101-2010-00056","오아시스","197401.596779127    ","452694.427224155    ","서울특별시 종로구 체부동 192 "
"3000000-101-2010-00061","방아다리 감자국","200335.45672625     ","452277.336984569    ","서울특별시 종로구 종로6가 238-2 "
"3000000-101-2010-00062","소문난 막국수","201627.475436833    ","452363.525911978    ","서울특별시 종로구 숭인동 228-5 1층 "
"3000000-101-2010-00067","니카이 야스미","199896.514077918    ","453357.586855699    ","서울특별시 종로구 명륜4가 173-2 "
"3000000-101-2010-00070","제비꽃 다방","196791.150993539    ","454517.364202652    ","서울특별시 종로구 부암동 274-1 "
"3000000-101-2010-00071","FATUM 파툼 1","198355.983210017    ","453434.482540853    ","서울특별시 종로구 삼청동 63-15 "
"3000000-101-2010-00073","뉴믹스커피 안국","198781.44090469     ","453016.258422822    ","서울특별시 종로구 계동 140-43 "
"3000000-101-2010-00074","헬로키티 커피","199905.311325715    ","453406.126611279    ","서울특별시 종로구 명륜4가 58-2 "
"3000000-101-2010-00077","피자햄버거집-PB","200923.604648638    ","452412.127626996    ","서울특별시 종로구 창신동 131-4 1층 "
"3000000-101-2010-00080","피자헤븐 종로 성대점","199678.15057905     ","453590.881181613    ","서울특별시 종로구 명륜2가 135 1층 "
"3000000-101-2010-00085","명동 닭한마리 지경자","200458.935641946    ","452006.754316504    ","서울특별시 종로구 종로5가 265-7 "
"3000000-101-2010-00086","만남의 광장","199202.589613171    ","452121.344940936    ","서울특별시 종로구 묘동 197-1 외 3필지 "
"3000000-101-2010-00089","본도시락(대학로점)","200279.216755423    ","453107.344919532    ","서울특별시 종로구 동숭동 1-181 1층 "
"3000000-101-2010-00093","밥은화","199476.769253646    ","454067.453621229    ","서울특별시 종로구 명륜3가 1-7 "
"3000000-101-2010-00095","카스크루트","200045.690907045    ","453525.229351241    ","서울특별시 종로구 혜화동 167-3 "
"3000000-101-2010-00096","싸다김밥 혜화역점","200045.690907045    ","453525.229351241    ","서울특별시 종로구 혜화동 167-3 "
"3000000-101-2010-00097","광장 동문 육회","200053.026130435    ","452020.326235601    ","서울특별시 종로구 종로5가 138-30 "
"3000000-101-2010-00098","Hu's  table (후스 테이블)","198883.277933574    ","453038.881980642    ","서울특별시 종로구 계동 140-4 "
"3000000-101-2010-00103","나무향기","197607.398336321    ","452120.026024435    ","서울특별시 종로구 당주동 145 "
"3000000-101-2010-00105","네와 빨짜","201027.02726764     ","452266.680928905    ","서울특별시 종로구 창신동 143-12 "
"3000000-101-2010-00107","파툼 8","198355.983210017    ","453434.482540853    ","서울특별시 종로구 삼청동 63-15 "
"3000000-101-2010-00111","부대통령뚝배기 상명대점","196036.761890225    ","455409.412552314    ","서울특별시 종로구 홍지동 55-1 "
"3000000-101-2010-00114","삼청 순대국 추어탕","198329.085433716    ","453573.920813622    ","서울특별시 종로구 삼청동 98-1 "
"3000000-101-2010-00115","뚱띵퓨전포차","201792.28928117     ","452524.936664782    ","서울특별시 종로구 숭인동 1047 2층 "
"3000000-101-2010-00116","종로뼈해장국","199099.065657983    ","452057.934450913    ","서울특별시 종로구 돈의동 168 "
"3000000-101-2010-00118","틈새라면","199857.061677896    ","453424.659149132    ","서울특별시 종로구 명륜2가 192-3 1층 "
"3000000-101-2010-00119","오레노 야끼 종로점","198283.052993003    ","452302.428958646    ","서울특별시 종로구 수송동 46-25 1층 "
"3000000-101-2010-00120","양가곱창","198150.300374121    ","452019.212642931    ","서울특별시 종로구 종로1가 24 "
"3000000-101-2010-00122","퀸즈베이커리(삼청점)","198333.081126501    ","453065.323647547    ","서울특별시 종로구 소격동 119-1 "
"3000000-101-2010-00123","토방","197366.722709885    ","453296.7632083      ","서울특별시 종로구 효자동 30 "
"3000000-101-2010-00124","심야식당","199897.979821888    ","453388.948432583    ","서울특별시 종로구 명륜4가 60-1 1층 "
"3000000-101-2010-00127","마산해물아구찜","198568.866194416    ","453025.986591057    ","서울특별시 종로구 재동 9 "
"3000000-101-2010-00131","레드차이나","201295.197344796    ","452425.608757447    ","서울특별시 종로구 창신동 243 "
"3000000-101-2010-00134","서촌 뜰애우 곱창타운","197422.967339601    ","452697.065589797    ","서울특별시 종로구 체부동 189 "
"3000000-101-2010-00138","혜화동 열두달","199849.648054927    ","453366.872557716    ","서울특별시 종로구 명륜4가 188-24 "
"3000000-101-2010-00145","통영굴밥","197567.849954354    ","452567.159554494    ","서울특별시 종로구 적선동 80 (지하1층, 3호) "
"3000000-101-2010-00146","해변마을 2","198568.77792237     ","451891.299622979    ","서울특별시 종로구 관철동 19-20 "
"3000000-101-2010-00148","카페우디 덕수궁점","197713.264843734    ","451938.037703258    ","서울특별시 종로구 신문로1가 163 지하 104 "
"3000000-101-2010-00149","PP&F 피피앤에프","199779.552100504    ","454185.615565081    ","서울특별시 종로구 명륜1가 5 1층 "
"3000000-101-2010-00152","카페 다오","200153.40019537     ","453545.334155691    ","서울특별시 종로구 혜화동 163-30 "
"3000000-101-2010-00158","숯불꼼장어","199098.910285854    ","452235.493974977    ","서울특별시 종로구 돈의동 65-2 "
"3000000-101-2010-00159","애호락","198745.935360015    ","452984.690639704    ","서울특별시 종로구 계동 107-1 "
"3000000-101-2010-00161","도원","200524.198214593    ","452262.352886301    ","서울특별시 종로구 종로6가 182-1 "
"3000000-101-2010-00174","우정식당","201915.561938185    ","452853.209242895    ","서울특별시 종로구 숭인동 342 "
"3000000-101-2010-00175","비비큐 창신점","201258.261997178    ","452964.804509485    ","서울특별시 종로구 창신동 17-29 새마을금고 "
"3000000-101-2010-00178","코코닭","197180.278856058    ","452699.97739088     ","서울특별시 종로구 필운동 136-1 1층 "
"3000000-101-2010-00181","하림맥시칸치킨@구구푸드","200425.667167102    ","452653.35124879     ","서울특별시 종로구 이화동 17-3 1층 "
"3000000-101-2010-00189","장호왕곱창","198150.300374121    ","452019.212642931    ","서울특별시 종로구 종로1가 24 르메이에르종로타운  지하2층(206,207) "
"3000000-101-2010-00190","광화문 양꼬치 동베이","197726.11781315     ","452078.157509422    ","서울특별시 종로구 당주동 37-6 (지상2층) "
"3000000-101-2010-00193","공주닭발","201166.828062087    ","452013.548175183    ","서울특별시 종로구 창신동 411-16 "
"3000000-101-2010-00194","은성회집","199816.770134674    ","451999.530839582    ","서울특별시 종로구 예지동 2-1 (광장시장내 45-1호) "
"3000000-101-2010-00198","Ristretto","199765.996049054    ","454196.728179384    ","서울특별시 종로구 명륜1가 5-3 지하1층 "
"3000000-101-2010-00199","카페루미 종로점","198634.448738072    ","451889.198243161    ","서울특별시 종로구 관철동 19-7 3층 "
"3000000-101-2010-00202","백제고기집","200256.011214155    ","452257.768838971    ","서울특별시 종로구 효제동 219-1 (지상1층) "
"3000000-101-2010-00213","제일옥","201286.70868374     ","452102.320264137    ","서울특별시 종로구 창신동 392-1 1층 "
"3000000-101-2010-00218","원조소문난집 국밥전문","198893.401095166    ","452244.543260252    ","서울특별시 종로구 낙원동 241-12 지상1층 "
"3000000-101-2010-00220","사과나무","200977.600002835    ","452214.098369173    ","서울특별시 종로구 창신동 538-1 (지상2층) "
"3000000-101-2010-00230","국수나무 창신점","201258.062657124    ","452787.132831042    ","서울특별시 종로구 창신동 23-76 104호 "
"3000000-101-2010-00232","미향아구찜","200001.843693984    ","453560.811276261    ","서울특별시 종로구 명륜2가 18 ,19번지(지상2층) "
"3000000-101-2010-00233","서촌국수","197228.828008117    ","453156.52865019     ","서울특별시 종로구 통인동 29-1 "
"3000000-101-2010-00234","이림회관","198950.620821479    ","452163.69208989     ","서울특별시 종로구 낙원동 212 (지상1층) "
"3000000-101-2010-00241","오이초이","197338.222707034    ","452927.106746234    ","서울특별시 종로구 체부동 18-9 "
"3000000-101-2010-00243","콩지 pot지","198548.857970445    ","452950.145982635    ","서울특별시 종로구 재동 34-1 "
"3000000-101-2010-00246","삼대","199065.194490111    ","452275.343756565    ","서울특별시 종로구 돈의동 28 "
"3000000-101-2010-00248","토리아에즈 대학로점","199841.54361709     ","453469.77332524     ","서울특별시 종로구 명륜2가 195-9 "
"3000000-101-2010-00252","파란대문","196742.52994903     ","454719.195557572    ","서울특별시 종로구 부암동 219-2 1층 "
"3000000-101-2010-00254","아지매김밥 앤 토스트","201332.195970872    ","452499.372068424    ","서울특별시 종로구 숭인동 81-12 (지상1층) "
"3000000-101-2010-00258","느티나무","197432.785842717    ","452104.764649334    ","서울특별시 종로구 신문로2가 1-141 1층 "
"3000000-101-2010-00260","인사동 석쇠구이","198687.769310012    ","452179.366566793    ","서울특별시 종로구 인사동 153-5 (지상1층) "
"3000000-101-2010-00261","돌솥 추어탕","197240.7228834      ","452749.971303625    ","서울특별시 종로구 필운동 184-3 "
"3000000-101-2010-00262","더 미","198150.300374121    ","452019.212642931    ","서울특별시 종로구 종로1가 24 르메이에르 313-1.2, 314-1.2,315-1.2, 316, 317-1.2, 318-1.2, 319-1 "
"3000000-101-2010-00266","콴쒸이","197482.205329945    ","451938.30792481     ","서울특별시 종로구 신문로1가 226 지하 1층 "
"3000000-101-2010-00267","옥이네 칼국수","197650.653736722    ","452368.519288991    ","서울특별시 종로구 도렴동 60 지하1층 18호 "
"3000000-101-2010-00269","진아춘","199978.034140872    ","453394.029120031    ","서울특별시 종로구 명륜4가 66-2 "
"3000000-101-2010-00271","아데쏘(Adesso)","197398.449116783    ","452068.544653453    ","서울특별시 종로구 신문로2가 1-152 지하1층 "
"3000000-101-2010-00272","마가리(MAGARI)","200140.883358529    ","452606.023320068    ","서울특별시 종로구 연건동 190-9 1층 "
"3000000-101-2010-00273","비바","199109.01162996     ","452037.164239488    ","서울특별시 종로구 종로3가 12-1 지하1층 "
"3000000-101-2010-00274","종로 불돼지","198614.61995563     ","451842.501561085    ","서울특별시 종로구 관철동 155 "
"3000000-101-2010-00278","능라밥상","197413.260397461    ","451896.027279239    ","서울특별시 종로구 신문로2가 92 (LG 광화문빙딜 아케이드 지하1층) "
"3000000-101-2010-00283","모노커피","199929.415507773    ","453328.584287403    ","서울특별시 종로구 명륜4가 77-2 1층 "
"3000000-101-2010-00285","Tea story (티스토리)","199211.709741799    ","452227.334526168    ","서울특별시 종로구 묘동 88-1 "
"3000000-101-2010-00289","가츠라","197413.260397461    ","451896.027279239    ","서울특별시 종로구 신문로2가 92 "
"3000000-101-2010-00295","미정국수0410 종각점","198563.610000334    ","451950.870392071    ","서울특별시 종로구 관철동 16-10 지상1층 "
"3000000-101-2010-00297","진도해물","199963.38074965     ","452199.619160761    ","서울특별시 종로구 연지동 258-9 1층 "
"3000000-101-2010-00299","cafe-D55","198283.792302322    ","453347.615357188    ","서울특별시 종로구 팔판동 55 1-2층 "
"3000000-101-2010-00300","돈초리&생선생","197541.418168655    ","452115.300046799    ","서울특별시 종로구 신문로1가 238 신문로빌딩 B24 "
"3000000-101-2010-00301","유성","199002.707105102    ","452158.870410214    ","서울특별시 종로구 낙원동 148 (지상2층) "
"3000000-101-2010-00306","쉬는 시간","197241.377841732    ","453043.708084995    ","서울특별시 종로구 통인동 72 "
"3000000-101-2010-00313","인사동 교자","198601.067420245    ","452389.59508273     ","서울특별시 종로구 관훈동 192-13 (지하1층) "
"3000000-101-2010-00314","잔치마당","199045.274745586    ","452435.570696403    ","서울특별시 종로구 익선동 125-2 1층 "
"3000000-101-2010-00317","로사","196600.339876138    ","455039.017929861    ","서울특별시 종로구 부암동 185-6 (지상2층) "
"3000000-101-2010-00318","할매국수","199278.043882385    ","451978.727050146    ","서울특별시 종로구 종로3가 140-1 "
"3000000-101-2010-00320","하늘김밥","198367.959178057    ","452928.004384813    ","서울특별시 종로구 안국동 17-18 (1층) "
"3000000-101-2010-00331","찬스 사주작명카페","198474.829762575    ","452524.107493957    ","서울특별시 종로구 관훈동 146-1 (지상 2층) "
"3000000-101-2010-00333","주식회사 김삼보","197765.381130547    ","452102.738799969    ","서울특별시 종로구 당주동 21-1 (지하 1층) "
"3000000-101-2010-00336","126 멘션(126 Mansion)","198205.428145167    ","453375.348498347    ","서울특별시 종로구 팔판동 126 (지상1층) "
"3000000-101-2010-00338","낭풍 김치찌개","200001.066081482    ","453379.092083819    ","서울특별시 종로구 명륜4가 38 1,2층 "
"3000000-101-2010-00339","서촌 전통순대국","197198.964247517    ","452710.535969021    ","서울특별시 종로구 필운동 148-1 1층 "
"3000000-101-2010-00341","고희케이터링 협동조합","197453.18426894     ","453096.007416798    ","서울특별시 종로구 창성동 100 (1층) "
"3000000-101-2010-00342","작은마을","199423.071302496    ","454130.692380855    ","서울특별시 종로구 명륜3가 1-129 (지상1층) "
"3000000-101-2010-00353","이상한 집","199012.803737401    ","451961.523461766    ","서울특별시 종로구 종로3가 103-2 (지상 1층) "
"3000000-101-2010-00359","재동맥주","198645.346216008    ","452967.714143535    ","서울특별시 종로구 재동 45-2 (지상 1층) "
"3000000-101-2010-00360","진이민이 돈가스","197567.93800572     ","452276.454633376    ","서울특별시 종로구 내수동 167 대우빌딩  지하1층 112호 "
"3000000-101-2010-00361","송가네숯불갈비","200934.235347338    ","452311.439740729    ","서울특별시 종로구 창신동 582-39 1층 "
"3000000-101-2010-00363","(주)포씨드컴퍼니","196926.68583065     ","455811.550283118    ","서울특별시 종로구 평창동 273-1 (지하1층, 지상1층) "
"3000000-101-2010-00366","더 키친 일 뽀르노(The Kitchen IL Forno) 광화문점","198271.843790307    ","452533.899674194    ","서울특별시 종로구 수송동 85 서머셋팰리스 서울 (지상 1층 102호) "
"3000000-101-2010-00368","카페 4M(cafe 4M)","198504.890417586    ","452993.680609055    ","서울특별시 종로구 안국동 1 1층, 2층 "
"3000000-101-2010-00370","서울회관 특수부위","198390.802804951    ","452176.233368799    ","서울특별시 종로구 공평동 125-1 "
"3000000-101-2010-00371","담솥 안국점","198767.9832181      ","453057.484112566    ","서울특별시 종로구 계동 140-23 (지상 1층) "
"3000000-101-2010-00377","몽마르 언덕","200971.425717609    ","453113.875178674    ","서울특별시 종로구 창신동 703 창신쌍용아파트 2지구 상가단지 4층 404호"
"3000000-101-2010-00378","경복궁","198534.549198735    ","452256.166993396    ","서울특별시 종로구 관훈동 198-42 (지하 1층) "
"3000000-101-2010-00379","삿뽀로","198534.549198735    ","452256.166993396    ","서울특별시 종로구 관훈동 198-42 (지하 1층) "
"3000000-101-2010-00381","이밥","198836.478258698    ","452996.060757457    ","서울특별시 종로구 계동 140-49 (지상1층) "
"3000000-101-2010-00385","주니로사","200307.292873834    ","453104.038530112    ","서울특별시 종로구 동숭동 1-152 (지하 1층) "
"3000000-101-2010-00387","서촌 블루스","197447.456156345    ","452815.617054832    ","서울특별시 종로구 체부동 39-2 (지상2층) "
"3000000-101-2010-00390","귀엽 떡볶이","199159.679411       ","452041.504146287    ","서울특별시 종로구 종로3가 16 (1층) "
"3000000-101-2010-00392","공이네파전","201627.475436833    ","452363.525911978    ","서울특별시 종로구 숭인동 228-5 1층 "
"3000000-101-2010-00398","찬이네 칼국수","200367.091101753    ","452003.366332975    ","서울특별시 종로구 종로5가 225-1 (지상1층) "
"3000000-101-2010-00400","엄마김밥","201781.066324584    ","452512.805363874    ","서울특별시 종로구 숭인동 191 (용호B/D 지상1층) "
"3000000-101-2010-00402","우드스탁","198615.240770708    ","451870.397998134    ","서울특별시 종로구 관철동 173-2 (지하1층) "
"3000000-101-2010-00403","위치스 커피 Witch's Coffee 대학로점","199954.044722095    ","453701.572334399    ","서울특별시 종로구 명륜2가 237 명륜동주상복합아남아파트 301동 104,105호"
"3000000-101-2011-00003","친니＆바심","197804.357783157    ","452216.539274871    ","서울특별시 종로구 세종로 81-3 "
"3000000-101-2011-00004","반상","197804.357783157    ","452216.539274871    ","서울특별시 종로구 세종로 81-3 "
"3000000-101-2011-00005","설가온","197804.357783157    ","452216.539274871    ","서울특별시 종로구 세종로 81-3 "
"3000000-101-2011-00006","포77-1","197804.357783157    ","452216.539274871    ","서울특별시 종로구 세종로 81-3 "
"3000000-101-2011-00007","세종아띠","197804.357783157    ","452216.539274871    ","서울특별시 종로구 세종로 81-3 "
"3000000-101-2011-00008","포77","197804.357783157    ","452216.539274871    ","서울특별시 종로구 세종로 81-3 "
"3000000-101-2011-00009","카페 네스카페 세종문화회관점","197804.357783157    ","452216.539274871    ","서울특별시 종로구 세종로 81-3 세종문화회관 지하 1층 "
"3000000-101-2011-00011","철수포차","198940.012080452    ","452269.605908223    ","서울특별시 종로구 낙원동 102 (지상1층) "
"3000000-101-2011-00012","떡산 안국","198669.981033356    ","452859.694382639    ","서울특별시 종로구 재동 84-40 (지상1층) "
"3000000-101-2011-00014","3층 찌개 전문점","197301.12614106     ","451816.038182067    ","서울특별시 종로구 신문로2가 89-27 "
"3000000-101-2011-00017","왕순대","199745.039925794    ","452403.732064995    ","서울특별시 종로구 인의동 10 (지상1층) "
"3000000-101-2011-00018","시골전집","199159.679411       ","452041.504146287    ","서울특별시 종로구 종로3가 16 (지상1층) "
"3000000-101-2011-00019","금하낙지마당","200276.400690561    ","452295.927464242    ","서울특별시 종로구 효제동 145 (지상1층) "
"3000000-101-2011-00020","호세야","196467.975088253    ","452566.134030104    ","서울특별시 종로구 무악동 82 무악현대아파트상가 130-1호 "
"3000000-101-2011-00021","긴자 바이린","198205.416336649    ","452809.493492788    ","서울특별시 종로구 사간동 93 지상1층 "
"3000000-101-2011-00027","카페 르 뮤즈","197428.006298508    ","453288.141130858    ","서울특별시 종로구 효자동 43 (1층) "
"3000000-101-2011-00028","물결식당","199667.120909134    ","453592.273355784    ","서울특별시 종로구 명륜2가 135-3 지상1층 "
"3000000-101-2011-00029","치즈밥있슈","196099.306839597    ","455420.039784768    ","서울특별시 종로구 홍지동 59 (지상1층) "
"3000000-101-2011-00035","생일도","200265.939725719    ","452194.473113773    ","서울특별시 종로구 효제동 227-1 지상1층 "
"3000000-101-2011-00036","머노까머나레스토랑","199821.627625442    ","453360.147414481    ","서울특별시 종로구 명륜4가 187 (2층) "
"3000000-101-2011-00043","인사칼국수","198664.077706216    ","452262.193164637    ","서울특별시 종로구 인사동 188-4 "
"3000000-101-2011-00048","서촌계단집","197412.049158037    ","452671.677725159    ","서울특별시 종로구 내자동 11-1 (1층) "
"3000000-101-2011-00051","oh 마녀","200525.160797921    ","452231.31118379     ","서울특별시 종로구 종로6가 173 (지상2층) "
"3000000-101-2011-00061","유메오뎅 종로익선동점","199079.907986169    ","452265.640280035    ","서울특별시 종로구 돈의동 44-1 (지상1층) "
"3000000-101-2011-00063","행복한 식탁","197567.93800572     ","452276.454633376    ","서울특별시 종로구 내수동 167 대우빌딩 지하1층 116호 "
"3000000-101-2011-00064","거북이의 꿈","197373.90240487     ","452942.168698333    ","서울특별시 종로구 통인동 147-15 지상 1층 "
"3000000-101-2011-00068","뉴문","197367.911875328    ","452261.270918447    ","서울특별시 종로구 내수동 110-39 지상2층 "
"3000000-101-2011-00071","짱카페 대학로점","199857.061677896    ","453424.659149132    ","서울특별시 종로구 명륜2가 192-3 (지상1층) "
"3000000-101-2011-00072","황칠가 안국점","198662.716673122    ","452786.904794939    ","서울특별시 종로구 재동 109 지하1층 "
"3000000-101-2011-00074","테이트(Tate)","197289.657778725    ","452718.18461014     ","서울특별시 종로구 체부동 210-3 (지상1층) "
"3000000-101-2011-00077","사진관","198777.920411776    ","453213.67639824     ","서울특별시 종로구 계동 133-6 101호"
"3000000-101-2011-00078","비비큐(BBQ) 안국점","198994.692755164    ","453224.263909202    ","서울특별시 종로구 원서동 94 (1층) "
"3000000-101-2011-00079","모우","198978.477657575    ","452064.152601178    ","서울특별시 종로구 낙원동 203 지상3층 "
"3000000-101-2011-00083","대원","199410.28666716     ","451986.703024131    ","서울특별시 종로구 종로3가 162 (지상1층) "
"3000000-101-2011-00090","단아","198363.162319445    ","452937.361219409    ","서울특별시 종로구 안국동 21-1 (지상1층) "
"3000000-101-2011-00091","호금","196092.743907822    ","456198.595931715    ","서울특별시 종로구 구기동 110-1 지하1층 2호 "
"3000000-101-2011-00103","여수 오동도","198207.279003982    ","452082.344195698    ","서울특별시 종로구 청진동 136 (지하1층) "
"3000000-101-2011-00107","행복한집","198963.479329414    ","452103.707437261    ","서울특별시 종로구 낙원동 207 지하1층 105호 "
"3000000-101-2011-00109","어느 멋진날에 식사","199756.021302256    ","453372.926197056    ","서울특별시 종로구 명륜4가 196-11 (지상1층) "
"3000000-101-2011-00117","우성식당","201034.757515357    ","452093.12491135     ","서울특별시 종로구 창신동 459-30 (지상1층) "
"3000000-101-2011-00121","소문난 막창곱창","201416.64430679     ","452371.758065602    ","서울특별시 종로구 숭인동 99-2 1층 "
"3000000-101-2011-00125","무교동낙지Ⅱ","198119.023796404    ","452150.721723753    ","서울특별시 종로구 청진동 182-4 원일빌딩 2층 "
"3000000-101-2011-00126","신도세기 종로구청점","198322.819657278    ","452187.894724416    ","서울특별시 종로구 청진동 52-1 지상1층 "
"3000000-101-2011-00127","신도세기","198322.819657278    ","452187.894724416    ","서울특별시 종로구 청진동 52-1 (지상1층) "
"3000000-101-2011-00130","슬런치","198324.653631679    ","452252.812389497    ","서울특별시 종로구 수송동 58 두산위브파빌리온 229호(2층) "
"3000000-101-2011-00132","흥남부두","197612.310499417    ","452323.402658456    ","서울특별시 종로구 내수동 5 "
"3000000-101-2011-00134","갓텐스시 종로점","198656.933623902    ","451906.850293023    ","서울특별시 종로구 관철동 19-1 (지상1층) "
"3000000-101-2011-00135","강남복칼국수 대학로 직영점","200342.141588776    ","452866.401521097    ","서울특별시 종로구 동숭동 199-21 (1층) "
"3000000-101-2011-00142","효제동 소머리국밥","200491.814210231    ","452150.52723732     ","서울특별시 종로구 종로6가 244-16 윤빌딩 "
"3000000-101-2011-00146","바이오","196390.210727489    ","452284.341299091    ","서울특별시 종로구 교북동 1-14 (지상1층) "
"3000000-101-2011-00147","왕코","198651.119766996    ","451931.50837289     ","서울특별시 종로구 관철동 18-13 (지상4층) "
"3000000-101-2011-00154","오븐에 빠진닭","197697.555520377    ","452045.21198934     ","서울특별시 종로구 당주동 171 (지상1층) "
"3000000-101-2011-00156","로얄 맨숀","196769.154295627    ","454723.236385124    ","서울특별시 종로구 부암동 208-42 (2층) "
"3000000-101-2011-00157","종갓집","197303.029068883    ","453725.731312326    ","서울특별시 종로구 청운동 121 (1층) "
"3000000-101-2011-00162","로티보이 종로5가점","199857.629343471    ","452086.049597792    ","서울특별시 종로구 종로4가 9-6 (1,2층) "
"3000000-101-2011-00163","탑골","198960.202521084    ","452071.580317103    ","서울특별시 종로구 종로2가 39 지상1층 "
"3000000-101-2011-00164","무공유통","200943.6598032      ","452352.313300033    ","서울특별시 종로구 창신동 138-89 지하1층 "
"3000000-101-2011-00169","본도시락(광화문점)","197559.791065754    ","452388.315239125    ","서울특별시 종로구 내수동 74 광화문시대 108호 "
"3000000-101-2011-00170","태성","197194.976354204    ","452314.989205905    ","서울특별시 종로구 신문로2가 1-138 (지하1층) "
"3000000-101-2011-00173","카페 사흘","199944.928795585    ","453860.746328392    ","서울특별시 종로구 혜화동 74-10 (1층) "
"3000000-101-2011-00175","디어와인","198262.663913689    ","453358.684015009    ","서울특별시 종로구 팔판동 93 지상1층 "
"3000000-101-2011-00176","동해도","199694.017005488    ","452402.696220285    ","서울특별시 종로구 인의동 77 지상 1층 "
"3000000-101-2011-00177","룸비니","201212.302034101    ","452290.813436107    ","서울특별시 종로구 창신동 302-5 (지상2층) "
"3000000-101-2011-00180","동천","197765.381130547    ","452102.738799969    ","서울특별시 종로구 당주동 21-1 지상2층 "
"3000000-101-2011-00182","낙산보리밥","201246.176328874    ","453266.721050214    ","서울특별시 종로구 숭인동 20-163 (지상1층) "
"3000000-101-2011-00185","만수의 정원","198285.000584317    ","453196.810284191    ","서울특별시 종로구 소격동 24-1 1층 "
"3000000-101-2011-00186","이화 김치찌개","200188.459315971    ","452628.316153483    ","서울특별시 종로구 이화동 204-3 (지상1층) "
"3000000-101-2011-00189","라스위스","197510.343504158    ","452929.095889399    ","서울특별시 종로구 통의동 25-2 (지상1층) "
"3000000-101-2011-00194","베트남 쌀국수 포항","200992.181755099    ","452231.110793542    ","서울특별시 종로구 창신동 535 (지상1층) "
"3000000-101-2011-00197","토속집","198076.878950513    ","452402.195269511    ","서울특별시 종로구 수송동 146-1 이마빌딩 지하1층 "
"3000000-101-2011-00202","소나무식당","201792.28928117     ","452524.936664782    ","서울특별시 종로구 숭인동 1047 (지상1층) "
"3000000-101-2011-00204","캐스팅","199108.885647581    ","452268.581634295    ","서울특별시 종로구 돈의동 46-1 (지하1층) "
"3000000-101-2011-00205","르브와 종로점","198640.02434589     ","451907.062483683    ","서울특별시 종로구 관철동 19-11 (지상4층) "
"3000000-101-2011-00207","남도 미가","198150.300374121    ","452019.212642931    ","서울특별시 종로구 종로1가 24 르메이레종로타운B106-1,B107-1,2 "
"3000000-101-2011-00211","하드보일드 레시피","198240.327952637    ","453365.745777562    ","서울특별시 종로구 팔판동 131-1 지상2층 "
"3000000-101-2011-00213","미담","198908.284831214    ","451897.998907337    ","서울특별시 종로구 관철동 22 (지상1층) "
"3000000-101-2011-00228","소소 종로점","198692.627926952    ","451865.694333484    ","서울특별시 종로구 관철동 12-15 (3층) "
"3000000-101-2011-00233","퓨전포차","196155.334966507    ","456173.51679713     ","서울특별시 종로구 구기동 110-7 (지상1층) "
"3000000-101-2011-00240","인마이 메모리","197925.060470585    ","456956.051784209    ","서울특별시 종로구 평창동 439-3 지하1층, 1층 "
"3000000-101-2011-00242","바다한가득 종로점","198386.829870878    ","452237.303784872    ","서울특별시 종로구 견지동 110 종로1가 대성 스카이렉스 "
"3000000-101-2011-00244","플레이그라운드 41(PLAYGROUND 41)","196974.785861441    ","453178.623225375    ","서울특별시 종로구 누상동 41 1층 "
"3000000-101-2011-00247","목포식당","200809.51243462     ","452377.753985469    ","서울특별시 종로구 창신동 656-4 (1층) "
"3000000-101-2011-00252","일풍홍","197812.270531856    ","456400.243878906    ","서울특별시 종로구 평창동 66-161 (지하1층) "
"3000000-101-2011-00253","홍카페","197662.503910553    ","452189.09236786     ","서울특별시 종로구 당주동 5 로얄상가 B1 54호 "
"3000000-101-2011-00254","종로술방","198738.03566933     ","451910.389288384    ","서울특별시 종로구 관철동 13-9 (지상2층) "
"3000000-101-2011-00256","신사 치킨","199554.074424085    ","453721.462706742    ","서울특별시 종로구 명륜3가 53 제5호 유림회관 부속동 지상1층 6호 "
"3000000-101-2011-00258","인사동부엌","198735.946610811    ","452322.055094411    ","서울특별시 종로구 인사동 12 (2층) "
"3000000-101-2011-00260","북촌 삼계탕","198935.508856709    ","453020.321488154    ","서울특별시 종로구 원서동 141 (2층) "
"3000000-101-2011-00261","마롱리 밤파희·마롱리 소금해","198201.313264422    ","452221.134403171    ","서울특별시 종로구 청진동 2-2 (지상1층) "
"3000000-101-2011-00262","청 중국요리점","201295.197344796    ","452425.608757447    ","서울특별시 종로구 창신동 243 지상6층 "
"3000000-101-2011-00263","스미스가 좋아하는 한옥","198172.580294652    ","452851.349273223    ","서울특별시 종로구 사간동 62-1 지상1층 "
"3000000-101-2011-00264","선채 안국","198742.659391924    ","452814.32796848     ","서울특별시 종로구 계동 146-1 106호(1층) "
"3000000-101-2011-00269","은설설렁탕","198307.526620222    ","453254.324758693    ","서울특별시 종로구 화동 55-1 지상1층 "
"3000000-101-2011-00272","능라밥상","196746.510671104    ","452298.563177176    ","서울특별시 종로구 행촌동 1-64 권율장군집터 1,2층 "
"3000000-101-2011-00273","테이엔","197414.806406636    ","452269.449602492    ","서울특별시 종로구 내수동 110-36 1층 "
"3000000-101-2011-00278","제야(ZEYA)","198524.413386701    ","451929.432640046    ","서울특별시 종로구 관철동 45-8 지하1층 "
"3000000-101-2011-00283","피에몬테(Piemonte)","197718.375944461    ","452128.426713533    ","서울특별시 종로구 당주동 44-4 (지상1층) "
"3000000-101-2011-00284","보리비빔밥","199819.536459229    ","453540.030404746    ","서울특별시 종로구 명륜2가 161-5 (지상1층) "
"3000000-101-2011-00285","오아시스","199124.656901354    ","452169.063703326    ","서울특별시 종로구 돈의동 103-122 "
"3000000-101-2011-00295","긴자","198150.300374121    ","452019.212642931    ","서울특별시 종로구 종로1가 24 르메이에르종로타운 325호(3층) "
"3000000-101-2011-00297","달빛마루","199956.653631156    ","453335.894335513    ","서울특별시 종로구 명륜4가 83-4 1층 "
"3000000-101-2011-00301","통영멸치국수","197650.653736722    ","452368.519288991    ","서울특별시 종로구 도렴동 60 지하1층 26호 "
"3000000-101-2011-00302","썬비","198586.86523867     ","452307.07147577     ","서울특별시 종로구 관훈동 198-11 (지상1층) "
"3000000-101-2011-00305","슬로우가든","200193.76816        ","453087.891846257    ","서울특별시 종로구 동숭동 1-130 지상1층 "
"3000000-101-2011-00308","홍곱창","199635.505738054    ","453561.218899625    ","서울특별시 종로구 명륜3가 79-2 (지상1층) "
"3000000-101-2011-00310","경복궁 대감집","197364.783207516    ","452941.850955836    ","서울특별시 종로구 통인동 149-13 "
"3000000-101-2011-00311","캣츠","197393.747563185    ","452408.438228843    ","서울특별시 종로구 내수동 71 "
"3000000-101-2011-00312","용수산Ⅱ","198971.40058347     ","453017.168314231    ","서울특별시 종로구 원서동 148 , 134-6(지상1층) "
"3000000-101-2011-00313","주식회사 여진곱","198897.569901178    ","452318.687870214    ","서울특별시 종로구 낙원동 66 1층 "
"3000000-101-2011-00321","갤러리 소연 카페","199195.466862085    ","452724.221744469    ","서울특별시 종로구 권농동 142-3 1층 "
"3000000-101-2011-00324","송재헌","198393.500614854    ","453619.715253485    ","서울특별시 종로구 삼청동 58-1 1층 "
"3000000-101-2011-00325","갯마을횟집","198924.493311656    ","451826.54074884     ","서울특별시 종로구 관철동 35-1 (지상1층) "
"3000000-101-2011-00326","다움 223.1","196695.221205567    ","454653.685103632    ","서울특별시 종로구 부암동 281-13 "
"3000000-101-2011-00329","이층","199989.923453092    ","453426.574069982    ","서울특별시 종로구 명륜4가 13-2 지상2층 "
"3000000-101-2011-00334","파리크라상 광화문점","197993.904628438    ","452032.958591394    ","서울특별시 종로구 종로1가 1 교보빌딩 1층. "
"3000000-101-2011-00335","관훈카페","198552.241544432    ","452397.705935189    ","서울특별시 종로구 관훈동 192-47 2층 "
"3000000-101-2011-00337","서촌식당","197280.555549696    ","453241.59436634     ","서울특별시 종로구 옥인동 19-50 (지상1층) "
"3000000-101-2011-00344","예그린","198324.653631679    ","452252.812389497    ","서울특별시 종로구 수송동 58 "
"3000000-101-2011-00348","셰익스비어","198784.791796861    ","451903.50532849     ","서울특별시 종로구 관철동 7-21 "
"3000000-101-2011-00349","추억저장소 쎄시봉라이브","198527.201079961    ","451901.155059874    ","서울특별시 종로구 관철동 43-15 (지상6층) "
"3000000-101-2011-00350","고씨네 동해막국수","198576.618126692    ","452483.814652884    ","서울특별시 종로구 관훈동 78-2 (지상1층) "
"3000000-101-2011-00351","동대문 부대찌개＆전","200859.68273293     ","452095.809971365    ","서울특별시 종로구 창신동 468-1 (지상1층) "
"3000000-101-2011-00358","소공동뚝배기집, 미가도시락","197595.161312175    ","452460.054621887    ","서울특별시 종로구 적선동 156 "
"3000000-101-2011-00360","성북동 커피","198062.887604585    ","451944.499629593    ","서울특별시 종로구 서린동 136 "
"3000000-101-2011-00364","소담포차","201703.941485075    ","452479.988390252    ","서울특별시 종로구 숭인동 183-13 1층 "
"3000000-101-2011-00366","라소안나푸르나","200869.743217588    ","452178.970727681    ","서울특별시 종로구 창신동 561-8 2층 "
"3000000-101-2012-00001","꼬들집","197042.241318935    ","455915.285673167    ","서울특별시 종로구 평창동 230-3 "
"3000000-101-2012-00005","남가네설악추어탕독립문역점","196230.186006515    ","452523.399646256    ","서울특별시 종로구 무악동 45-72 "
"3000000-101-2012-00007","막걸리 데이","199936.474695578    ","452237.893416247    ","서울특별시 종로구 연지동 240 평강빌딩 "
"3000000-101-2012-00009","장독대","198752.043335926    ","451889.12171468     ","서울특별시 종로구 관철동 13-4 "
"3000000-101-2012-00011","오버타임(over time)","200847.127812656    ","452197.710892307    ","서울특별시 종로구 창신동 691-1 "
"3000000-101-2012-00012","놋그릇 가지런히 놋이","197362.492338244    ","453075.00747533     ","서울특별시 종로구 통인동 118-9 "
"3000000-101-2012-00015","accompany(어컴퍼니)","200243.701952016    ","452682.820866691    ","서울특별시 종로구 이화동 130 "
"3000000-101-2012-00016","부부식당","200307.292873834    ","453104.038530112    ","서울특별시 종로구 동숭동 1-152 "
"3000000-101-2012-00018","24시옛날짜장","200937.751336767    ","452148.428156447    ","서울특별시 종로구 창신동 497-1 "
"3000000-101-2012-00035","cafe JiBob(카페지밥)","198370.989802089    ","453853.486845222    ","서울특별시 종로구 삼청동 27-29 지상1층 "
"3000000-101-2012-00036","광화문수제비(종로점)","198150.300374121    ","452019.212642931    ","서울특별시 종로구 종로1가 24 르메이에르종로타운1 "
"3000000-101-2012-00040","포항식당","199154.913822495    ","452214.432214881    ","서울특별시 종로구 돈의동 107 지상1층 "
"3000000-101-2012-00042","종각상회","198596.089308222    ","451932.131774449    ","서울특별시 종로구 관철동 18-8 "
"3000000-101-2012-00043","고트델리 서촌","197124.611449366    ","453069.642896298    ","서울특별시 종로구 누하동 100 "
"3000000-101-2012-00045","관수동식당","199179.540583363    ","451861.791224656    ","서울특별시 종로구 관수동 77-1 102호"
"3000000-101-2012-00048","누구나(nuguna)","198541.72075378     ","451935.633974889    ","서울특별시 종로구 관철동 45-1 (지상12층) "
"3000000-101-2012-00050","반찬나라","201295.197344796    ","452425.608757447    ","서울특별시 종로구 창신동 243 "
"3000000-101-2012-00054","송이네","200971.060241283    ","452302.670457694    ","서울특별시 종로구 창신동 142-30 (지상1층) "
"3000000-101-2012-00057","로열네팔레스토랑&바르","201026.029022076    ","452239.228209515    ","서울특별시 종로구 창신동 151-1 지상2층 "
"3000000-101-2012-00058","복국집 뽁찌","198960.832510929    ","451917.548067434    ","서울특별시 종로구 관수동 4-2 (지상2층) "
"3000000-101-2012-00060","진할매 원조닭집","200438.970057062    ","452020.406236251    ","서울특별시 종로구 종로5가 265-20 "
"3000000-101-2012-00061","익선돈 본점","199120.386054639    ","452366.057156225    ","서울특별시 종로구 익선동 158-3 애플하우스 "
"3000000-101-2012-00065","풍년집","198284.392181266    ","451901.406014861    ","서울특별시 종로구 서린동 88 지하1층 2호"
"3000000-101-2012-00066","메가엠지씨커피 종로 르메이에르점","198150.300374121    ","452019.212642931    ","서울특별시 종로구 종로1가 24 르메이에르종로타운상가 109-1호"
"3000000-101-2012-00067","영순이네 오돌뼈","200855.902563892    ","452248.430453421    ","서울특별시 종로구 창신동 687-43 지상1층 "
"3000000-101-2012-00077","똥고집","200257.638078403    ","453091.418604655    ","서울특별시 종로구 동숭동 1-139 지상2층 "
"3000000-101-2012-00087","북촌해물2","198591.336927999    ","452975.588776128    ","서울특별시 종로구 재동 27-1 2층 "
"3000000-101-2012-00091","이자까야 와라이","198231.45513357     ","452285.135018594    ","서울특별시 종로구 수송동 71-1 "
"3000000-101-2012-00098","강창구찹쌀진순대 종로점","198150.300374121    ","452019.212642931    ","서울특별시 종로구 종로1가 24 르메이에르 종로타운 지상1층 113-2, 114호"
"3000000-101-2012-00099","카페 헐리우드","198531.859894316    ","452369.223535503    ","서울특별시 종로구 관훈동 192-21 1.2층 "
"3000000-101-2012-00104","오죽이네","199113.457428943    ","452305.537738214    ","서울특별시 종로구 돈의동 10 1층 "
"3000000-101-2012-00109","써브웨이 경복궁점","197412.049158037    ","452671.677725159    ","서울특별시 종로구 내자동 11-1 (지상1층) "
"3000000-101-2012-00111","Brew 3.14(브루 삼점일사)","199036.100176897    ","452463.222107737    ","서울특별시 종로구 익선동 95-1 "
"3000000-101-2012-00113","밥도사술도사","198901.619613483    ","452209.745850827    ","서울특별시 종로구 낙원동 233 1층 "
"3000000-101-2012-00115","장모님 해장국","196013.818956885    ","456283.629469005    ","서울특별시 종로구 구기동 253-1 (1,2,3층) "
"3000000-101-2012-00117","11-14 Bunji(번지)","198683.848370092    ","451822.996762578    ","서울특별시 종로구 관철동 11-14 지상5층 "
"3000000-101-2012-00118","갸우뚱","199966.244702561    ","453253.419019395    ","서울특별시 종로구 명륜4가 132 1층 "
"3000000-101-2012-00119","황산샤브요리명가","198324.653631679    ","452252.812389497    ","서울특별시 종로구 수송동 58 지하1층, 102,103,104호 "
"3000000-101-2012-00122","인생의단맛","199672.01089913     ","453540.1929209      ","서울특별시 종로구 명륜3가 117-1 (지하1층) "
"3000000-101-2012-00124","키친 온유","197181.393301659    ","452458.826651573    ","서울특별시 종로구 사직동 9 광화문 스페이스본 "
"3000000-101-2012-00126","디디스 본점","198324.653631679    ","452252.812389497    ","서울특별시 종로구 수송동 58 두산위브파빌리온 101호"
"3000000-101-2012-00127","티바리또","196443.966540043    ","452277.577191058    ","서울특별시 종로구 행촌동 209-69 1층 "
"3000000-101-2012-00128","속이 알찬 주먹밥","200351.474542234    ","453057.979171615    ","서울특별시 종로구 동숭동 187-7 "
"3000000-101-2012-00129","성미 양꼬치","199903.450529938    ","452166.781168531    ","서울특별시 종로구 인의동 38 "
"3000000-101-2012-00130","옛집(전통찻집)","197247.96898135     ","452558.984058705    ","서울특별시 종로구 필운동 290 (지하1층) "
"3000000-101-2012-00133","진대감","198710.153417715    ","451865.017554518    ","서울특별시 종로구 관철동 12-16 "
"3000000-101-2012-00135","불타는곱창","200288.591352868    ","452138.824175077    ","서울특별시 종로구 효제동 191 1층 "
"3000000-101-2012-00139","장소유","199101.118949447    ","452160.768847924    ","서울특별시 종로구 돈의동 102 "
"3000000-101-2012-00141","에꼴드플라워","197662.503910553    ","452189.09236786     ","서울특별시 종로구 당주동 5 로얄빌딩 지하1층 1호"
"3000000-101-2012-00146","가가","198742.659391924    ","452814.32796848     ","서울특별시 종로구 계동 146-1 "
"3000000-101-2012-00151","순이네","197449.781650061    ","452760.413604961    ","서울특별시 종로구 체부동 70 "
"3000000-101-2012-00156","다사리아","198309.03887968     ","453197.538525956    ","서울특별시 종로구 화동 73-1 (지상1층) "
"3000000-101-2012-00161","인사동노가리","198694.033963727    ","452173.652644531    ","서울특별시 종로구 인사동 153-4 1층 "
"3000000-101-2012-00162","소소한 풍경","196930.707305859    ","454592.687697918    ","서울특별시 종로구 부암동 239-13 1~2층 "
"3000000-101-2012-00163","라브리 교보점","197993.904628438    ","452032.958591394    ","서울특별시 종로구 종로1가 1 교보생명빌딩.   2층 "
"3000000-101-2012-00166","형제불백","199068.636616538    ","452579.07001134     ","서울특별시 종로구 익선동 58-2 "
"3000000-101-2012-00169","렙(leb)","197759.896536549    ","451961.958166359    ","서울특별시 종로구 신문로1가 135-2 "
"3000000-101-2012-00170","다찌한상","198803.258579457    ","452356.426758946    ","서울특별시 종로구 낙원동 280-4 "
"3000000-101-2012-00174","주식회사 금성슈퍼","197810.870807816    ","452038.057388797    ","서울특별시 종로구 신문로1가 7-5 "
"3000000-101-2012-00177","콜린스","197393.747563185    ","452408.438228843    ","서울특별시 종로구 내수동 71-113 "
"3000000-101-2012-00183","여래여거","197022.482648628    ","453173.649444551    ","서울특별시 종로구 누상동 53-1 "
"3000000-101-2012-00184","유목민 노마드","198527.408340117    ","452561.309913424    ","서울특별시 종로구 관훈동 118-18 "
"3000000-101-2012-00185","한미옥","199068.636616538    ","452579.07001134     ","서울특별시 종로구 익선동 58-2 (지상1층) "
"3000000-101-2012-00188","흑돼지두루치기","198150.300374121    ","452019.212642931    ","서울특별시 종로구 종로1가 24 (지하2층 B221-1) "
"3000000-101-2012-00189","도시두부가게X대한순두부","197673.919714838    ","452123.434528869    ","서울특별시 종로구 당주동 160 변호사빌딩 지하1 "
"3000000-101-2012-00195","1358","199227.498415724    ","452238.607668362    ","서울특별시 종로구 묘동 24-1 (지상1층) "
"3000000-101-2012-00197","봄까스","199770.527033228    ","454174.754880513    ","서울특별시 종로구 명륜1가 5-2 1층 "
"3000000-101-2012-00199","정류장","197412.049158037    ","452671.677725159    ","서울특별시 종로구 내자동 11-1 "
"3000000-101-2012-00205","폭탄도시락","199282.881107589    ","452326.448531175    ","서울특별시 종로구 봉익동 11-6 "
"3000000-101-2012-00208","문벅(Moon buck)","200319.975968474    ","453397.058891096    ","서울특별시 종로구 동숭동 25-5 101호"
"3000000-101-2012-00209","전라도 식당","200877.234383828    ","452404.75158858     ","서울특별시 종로구 창신동 583-11 "
"3000000-101-2012-00210","카페마루","199178.500980874    ","452192.054805966    ","서울특별시 종로구 묘동 184 "
"3000000-101-2012-00216","만석골","199079.907986169    ","452265.640280035    ","서울특별시 종로구 돈의동 44-1 "
"3000000-101-2012-00218","연어의 청춘(대학로점)","200114.951195492    ","453421.325549781    ","서울특별시 종로구 동숭동 1-35 6층 "
"3000000-101-2012-00219","정성식 안국역점","198729.677469953    ","452763.488633469    ","서울특별시 종로구 재동 94-1 "
"3000000-101-2012-00220","커피바 오하","197645.039951164    ","452241.445119523    ","서울특별시 종로구 당주동 3-1 진양빌딩 "
"3000000-101-2012-00222","라그라스","197070.00180299     ","453136.904792767    ","서울특별시 종로구 누하동 77-7 "
"3000000-101-2012-00225","꼰떼(Con Te)","196736.335572777    ","454436.550996589    ","서울특별시 종로구 부암동 269-8 "
"3000000-101-2012-00229","수원성갈비","200922.630160867    ","452325.639233516    ","서울특별시 종로구 창신동 582-22 "
"3000000-101-2012-00231","돈박","196337.521555652    ","452392.511944476    ","서울특별시 종로구 무악동 89 경희궁 롯데캐슬 "
"3000000-101-2012-00232","베이크하우스(BAKE HOUSE)","200241.539609902    ","453188.69990349     ","서울특별시 종로구 동숭동 1-100 "
"3000000-101-2012-00233","커플닷넷","197536.599364928    ","456178.428174823    ","서울특별시 종로구 평창동 42 "
"3000000-101-2012-00235","세아","199714.602753912    ","453578.323389774    ","서울특별시 종로구 명륜2가 115-2 "
"3000000-101-2012-00240","진주 육회","200037.945493039    ","451988.489264268    ","서울특별시 종로구 종로5가 395-11 1층 "
"3000000-101-2012-00241","지유가오카 핫초메","198489.310620178    ","452867.27122073     ","서울특별시 종로구 안국동 52-6 "
"3000000-101-2012-00244","아델라베일리","197305.91333191     ","454754.761079298    ","서울특별시 종로구 부암동 23-3 "
"3000000-101-2012-00246","모따모 (MOT A MOT)","197223.561902987    ","453026.945880939    ","서울특별시 종로구 누하동 36-1 "
"3000000-101-2012-00251","타이하우스(대학로점)","200319.975968474    ","453397.058891096    ","서울특별시 종로구 동숭동 25-5 "
"3000000-101-2012-00252","호호식당 대학로","199935.558847733    ","453289.468499025    ","서울특별시 종로구 명륜4가 143 "
"3000000-101-2012-00253","Plan-B1 PUB(플랜비원)","197506.939733423    ","453359.846715847    ","서울특별시 종로구 효자동 163-1 "
"3000000-101-2012-00255","광화문진뚝해","197559.791065754    ","452388.315239125    ","서울특별시 종로구 내수동 74 광화문시대 "
"3000000-101-2012-00257","학다방 호프","200252.016668912    ","452106.628872394    ","서울특별시 종로구 종로5가 43-1 "
"3000000-101-2012-00258","K-에스닉","196488.644585442    ","455724.538135979    ","서울특별시 종로구 신영동 221-1 "
"3000000-101-2012-00259","해뜰날 포장마차","200381.425149709    ","452032.840004616    ","서울특별시 종로구 종로5가 246-2 "
"3000000-101-2012-00260","식껍 종로구청점","198201.75598386     ","452149.30731084     ","서울특별시 종로구 청진동 191-2 "
"3000000-101-2012-00262","삼화식당","197183.751896322    ","453152.175301257    ","서울특별시 종로구 통인동 46-27 "
"3000000-101-2012-00263","장터순대국","201274.889935629    ","452535.040253553    ","서울특별시 종로구 창신동 71-2 1층 "
"3000000-101-2012-00267","강남면옥 정동점","197258.437306384    ","451786.479083595    ","서울특별시 종로구 신문로2가 12-5 "
"3000000-101-2012-00268","길가온","199775.023881978    ","452381.717706264    ","서울특별시 종로구 연지동 70 1층 "
"3000000-101-2012-00269","활짝핀 메밀","197424.499897499    ","453008.89190497     ","서울특별시 종로구 통의동 109 1층 "
"3000000-101-2012-00272","명가 교동 짬뽕","200241.539609902    ","453188.69990349     ","서울특별시 종로구 동숭동 1-100 3층 "
"3000000-101-2012-00274","백암 박가네 순대국","197380.26633585     ","452991.015172256    ","서울특별시 종로구 통인동 147-2 "
"3000000-101-2012-00275","동락돼지","197702.267650695    ","452084.947931056    ","서울특별시 종로구 당주동 39-2 "
"3000000-101-2012-00280","카페 레이서(CAFE RACER)","198580.733667314    ","453276.514323296    ","서울특별시 종로구 가회동 30-2 "
"3000000-101-2012-00281","손수제비","199144.448546327    ","452181.427158097    ","서울특별시 종로구 돈의동 103-115 "
"3000000-101-2012-00282","커피투어","197481.471092222    ","452670.000775205    ","서울특별시 종로구 내자동 67-1 "
"3000000-101-2012-00287","종로칼국수","199107.551040472    ","452281.19927016     ","서울특별시 종로구 돈의동 48 "
"3000000-101-2012-00288","더밴드(The Band)","197412.943740642    ","452695.685066984    ","서울특별시 종로구 체부동 190 "
"3000000-101-2012-00289","화(火)돌구이","197286.715579565    ","453459.221615258    ","서울특별시 종로구 신교동 57 "
"3000000-101-2012-00292","갓잇 대학로점","199940.72116027     ","453332.593911768    ","서울특별시 종로구 명륜4가 77-1 "
"3000000-101-2012-00293","생활맥주 종로구청점","198300.82964211     ","452197.385992278    ","서울특별시 종로구 청진동 49-2 "
"3000000-101-2012-00300","님과 함께","199125.971678629    ","452058.488571883    ","서울특별시 종로구 돈의동 160 "
"3000000-101-2012-00302","청국장 밥","199694.017005488    ","452402.696220285    ","서울특별시 종로구 인의동 77 "
"3000000-101-2012-00304","ROOT(룻)","198253.024563655    ","452886.692124112    ","서울특별시 종로구 사간동 9 "
"3000000-101-2012-00305","오사카 부루스","198656.933623902    ","451906.850293023    ","서울특별시 종로구 관철동 19-1 "
"3000000-101-2012-00308","풍년집","199126.511814389    ","452333.514862918    ","서울특별시 종로구 돈의동 1 "
"3000000-101-2012-00309","봉래식당","199945.539270183    ","452248.494136393    ","서울특별시 종로구 연지동 238-2 "
"3000000-101-2012-00316","효자동초밥","197495.847472639    ","452788.552069258    ","서울특별시 종로구 통의동 59 1층 "
"3000000-101-2012-00318","송이네남도식당","201862.008296867    ","452616.755057897    ","서울특별시 종로구 숭인동 1069 "
"3000000-101-2012-00320","칸다소바 경복궁점","197393.015978297    ","452874.351609745    ","서울특별시 종로구 체부동 28-2 1층 "
"3000000-101-2012-00323","모가지","199291.281780374    ","451978.572746188    ","서울특별시 종로구 종로3가 142 "
"3000000-101-2012-00325","밥플러스(밥+)","197104.210590827    ","453130.050386146    ","서울특별시 종로구 누하동 77-15 "
"3000000-101-2012-00327","종로설곰탕","199195.64206825     ","451809.907659443    ","서울특별시 종로구 관수동 97-3 "
"3000000-101-2012-00331","한성양꼬치","198541.72075378     ","451935.633974889    ","서울특별시 종로구 관철동 45-1 1층 "
"3000000-101-2012-00333","애슐리퀸즈 종각역점","198504.772723631    ","452018.161511911    ","서울특별시 종로구 종로2가 6 "
"3000000-101-2012-00336","담솥 대학로점","199971.079884139    ","453243.242818281    ","서울특별시 종로구 명륜4가 129 "
"3000000-101-2012-00337","카페 파오로","199373.032774591    ","452116.38121035     ","서울특별시 종로구 봉익동 95-2 "
"3000000-101-2012-00339","쭈꾸미부대찌개","200133.133550839    ","453286.360943071    ","서울특별시 종로구 동숭동 1-27 "
"3000000-101-2012-00343","폴바셋 광화문점","198101.593328721    ","452496.362099822    ","서울특별시 종로구 중학동 19 "
"3000000-101-2012-00345","주식회사 꽃밥이야기","198584.567356147    ","453115.149947779    ","서울특별시 종로구 가회동 170-4 1층 "
"3000000-101-2012-00348","쩡이네포차","201258.062657124    ","452787.132831042    ","서울특별시 종로구 창신동 23-76 브라운스톤 창신 제1층 제110호 "
"3000000-101-2012-00349","금룡(삼일빌딩점)","198795.525085201    ","451811.272474605    ","서울특별시 종로구 관철동 10-2 삼일빌딩 "
"3000000-101-2013-00001","카페 통","199303.949211195    ","452160.847076944    ","서울특별시 종로구 봉익동 136 "
"3000000-101-2013-00003","백련","198516.399407765    ","452286.096133051    ","서울특별시 종로구 견지동 88-9 "
"3000000-101-2013-00006","홍차오","198150.300374121    ","452019.212642931    ","서울특별시 종로구 종로1가 24 지하1층 제B103A(2-1,2-2호),제B104-1호 "
"3000000-101-2013-00015","물랑(MOULIN)","197447.721469631    ","453242.701582215    ","서울특별시 종로구 창성동 87-1 "
"3000000-101-2013-00018","라디오엠(Radio M)","198276.020276556    ","453074.520325783    ","서울특별시 종로구 소격동 127 지하층.지상1.2층 "
"3000000-101-2013-00020","우당탕탕","197371.429182592    ","452592.348556285    ","서울특별시 종로구 내자동 102 1층호"
"3000000-101-2013-00023","소문","197567.747824202    ","452347.973860449    ","서울특별시 종로구 내수동 75 "
"3000000-101-2013-00026","컴포즈커피 경복궁점","197444.252802959    ","452822.066472537    ","서울특별시 종로구 체부동 39-1 "
"3000000-101-2013-00031","국수명가","197517.938103741    ","452708.406150321    ","서울특별시 종로구 통의동 49-1 "
"3000000-101-2013-00036","클로셰(clochette)","197234.46941276     ","452793.721945945    ","서울특별시 종로구 필운동 167-1 "
"3000000-101-2013-00037","철길부산집 대학로혜화점","199988.664225384    ","453350.7038605      ","서울특별시 종로구 명륜4가 72-2 "
"3000000-101-2013-00038","카페 데 코믹스","200013.660313627    ","453450.695152508    ","서울특별시 종로구 명륜4가 8-1 "
"3000000-101-2013-00039","카페마마스 광화문점","198101.593328721    ","452496.362099822    ","서울특별시 종로구 중학동 19 1층 A동 "
"3000000-101-2013-00040","이디야 광화문점","197780.239943419    ","452135.200711555    ","서울특별시 종로구 도렴동 150-1 "
"3000000-101-2013-00041","광화문추어탕","197595.161312175    ","452460.054621887    ","서울특별시 종로구 적선동 156 광화문플래티넘 지하동 106호"
"3000000-101-2013-00042","브로스","198568.822512042    ","451908.264003731    ","서울특별시 종로구 관철동 19-21 "
"3000000-101-2013-00044","오가 김밥","200132.655350103    ","451961.427938307    ","서울특별시 종로구 종로5가 332-18 "
"3000000-101-2013-00046","진향족발","200242.933224203    ","452113.551655187    ","서울특별시 종로구 종로5가 44-1 "
"3000000-101-2013-00048","옥찬","199808.570830102    ","452429.80796595     ","서울특별시 종로구 연지동 87 "
"3000000-101-2013-00054","음식이야기 밥","198515.761123244    ","452561.587131684    ","서울특별시 종로구 관훈동 118-26 "
"3000000-101-2013-00057","포도나무 2","197352.389218973    ","452610.65225852     ","서울특별시 종로구 내자동 131 1층 "
"3000000-101-2013-00060","혜화시장","200004.024139736    ","453519.126837358    ","서울특별시 종로구 명륜2가 27-1 "
"3000000-101-2013-00062","딴따라 포차","198761.229331333    ","451859.483692114    ","서울특별시 종로구 관철동 12-2 5층 "
"3000000-101-2013-00066","포도나무랑","198513.194570545    ","452568.570589701    ","서울특별시 종로구 관훈동 118-25 "
"3000000-101-2013-00067","머무름","198582.824029945    ","452466.117494897    ","서울특별시 종로구 관훈동 66 "
"3000000-101-2013-00069","교동전선생","197664.940558555    ","452234.488158655    ","서울특별시 종로구 당주동 2-3 성보빌딩 2층 "
"3000000-101-2013-00075","밍글","199140.959526059    ","452373.514383675    ","서울특별시 종로구 묘동 149-1 태종빌딩 "
"3000000-101-2013-00077","가진화랑(갤러리카페)","197359.793362822    ","453357.451734997    ","서울특별시 종로구 효자동 58 "
"3000000-101-2013-00081","더코너키친","197451.571767898    ","456082.500270084    ","서울특별시 종로구 평창동 150-5 "
"3000000-101-2013-00084","노블호텔 커피숍","199016.856080944    ","452710.006795455    ","서울특별시 종로구 운니동 19 "
"3000000-101-2013-00086","창신숯불돼지갈비","201132.251728299    ","452153.941254172    ","서울특별시 종로구 창신동 346 "
"3000000-101-2013-00087","정초밥","197229.042387877    ","452723.487099598    ","서울특별시 종로구 필운동 152-1 "
"3000000-101-2013-00090","커피투어","197301.404342942    ","452567.161515383    ","서울특별시 종로구 필운동 278-6 "
"3000000-101-2013-00091","수정식당","201769.671          ","452548.638333334    ","서울특별시 종로구 숭인동 178-150 "
"3000000-101-2013-00092","오가와","197662.503910553    ","452189.09236786     ","서울특별시 종로구 당주동 5 "
"3000000-101-2013-00097","그린윗치","198504.772723631    ","452018.161511911    ","서울특별시 종로구 종로2가 6 삼성생명 종로타워 지하1층 "
"3000000-101-2013-00098","또랑추어탕","201144.427005692    ","452188.001869996    ","서울특별시 종로구 창신동 339-1 "
"3000000-101-2013-00099","사천 이모집","198542.046478539    ","452515.147333607    ","서울특별시 종로구 관훈동 100-2 "
"3000000-101-2013-00102","청진영양센타3","198137.278868885    ","452218.767244999    ","서울특별시 종로구 청진동 206-2 "
"3000000-101-2013-00105","밀크바(milk bar)","197354.512897732    ","452934.732522981    ","서울특별시 종로구 통인동 153 "
"3000000-101-2013-00108","도성","197348.054135468    ","452906.72919169     ","서울특별시 종로구 체부동 20 "
"3000000-101-2013-00109","천막집(혜화점)","199989.346729364    ","453405.977653469    ","서울특별시 종로구 명륜4가 43-1 "
"3000000-101-2013-00110","혜화 사잇집","199687.234478199    ","453535.718791599    ","서울특별시 종로구 명륜3가 119 1층 "
"3000000-101-2013-00113","바로이맛","198908.284831214    ","451897.998907337    ","서울특별시 종로구 관철동 22 "
"3000000-101-2013-00115","펀치 쥬스","199849.32604583     ","452243.759862564    ","서울특별시 종로구 인의동 48-1 1층 "
"3000000-101-2013-00116","이디야커피 창신중앙점","201329.838876359    ","452604.212697574    ","서울특별시 종로구 숭인동 65-10 1층 "
"3000000-101-2013-00117","밀과보리","198825.622399643    ","453019.018118169    ","서울특별시 종로구 계동 140-47 1층 "
"3000000-101-2013-00119","Saju&Tea (사주앤티)","200131.154492792    ","453495.104505119    ","서울특별시 종로구 혜화동 190-1 3층 "
"3000000-101-2013-00124","탱고","197353.942144529    ","452492.769771018    ","서울특별시 종로구 내자동 178-2 1층 "
"3000000-101-2013-00125","강원집","200867.018020338    ","452086.036903115    ","서울특별시 종로구 창신동 464-30 "
"3000000-101-2013-00130","반포식스 종로5가점","199785.078777879    ","452316.31850293     ","서울특별시 종로구 인의동 28-2 1층 "
"3000000-101-2013-00131","시애틀 커피 하우스","199183.407469454    ","452042.97196024     ","서울특별시 종로구 종로3가 18 1층 "
"3000000-101-2013-00134","치어리더호프","198237.929525915    ","452179.998288835    ","서울특별시 종로구 청진동 11-6 "
"3000000-101-2013-00136","온천집","199030.328461462    ","452419.13685306     ","서울특별시 종로구 익선동 128-3 "
"3000000-101-2013-00137","종로참치","198909.271958196    ","451791.439552661    ","서울특별시 종로구 관철동 37-2 "
"3000000-101-2013-00138","유모멘트(주) 아펠가모 광화문점","198101.593328721    ","452496.362099822    ","서울특별시 종로구 중학동 19 지하 2층 A,B동 "
"3000000-101-2013-00140","서울커피","200082.578470848    ","452919.163763162    ","서울특별시 종로구 연건동 84-1 1층 "
"3000000-101-2013-00143","오레노카츠","200120.54634178     ","453378.347646612    ","서울특별시 종로구 동숭동 1-33 1층 "
"3000000-101-2013-00145","대한맥주집 대학로본점","199956.269657693    ","453363.388352782    ","서울특별시 종로구 명륜4가 70-4 1층 "
"3000000-101-2013-00149","계향각","200310.954763273    ","453311.605568337    ","서울특별시 종로구 동숭동 31-37 "
"3000000-101-2013-00155","정주","200344.953797987    ","452768.574607566    ","서울특별시 종로구 이화동 61-8 1층 104호"
"3000000-101-2013-00158","하루","200083.007500899    ","452134.635932835    ","서울특별시 종로구 효제동 330 "
"3000000-101-2013-00159","작은도시","199890.993958887    ","454244.36076761     ","서울특별시 종로구 혜화동 5-13 지하1층 "
"3000000-101-2013-00163","바나나","199133.352942071    ","452385.707440297    ","서울특별시 종로구 묘동 147 "
"3000000-101-2013-00167","재즈스토리 Ⅱ","200506.240668426    ","453077.557441566    ","서울특별시 종로구 동숭동 129-214 "
"3000000-101-2013-00170","(주)한일관","198101.593328721    ","452496.362099822    ","서울특별시 종로구 중학동 19 "
"3000000-101-2013-00171","자작나무 이야기","198326.827803134    ","452930.350479941    ","서울특별시 종로구 소격동 157-4 "
"3000000-101-2013-00173","나래카페","197379.970714412    ","452663.981772217    ","서울특별시 종로구 내자동 21-1 "
"3000000-101-2013-00176","봉추시스템 광화문점","198101.593328721    ","452496.362099822    ","서울특별시 종로구 중학동 19 B동 16호"
"3000000-101-2013-00185","미카야","197567.849954354    ","452567.159554494    ","서울특별시 종로구 적선동 80 "
"3000000-101-2013-00188","육.쌈 포차","199796.15151504     ","453622.505839652    ","서울특별시 종로구 명륜2가 96 "
"3000000-101-2013-00189","라니 마라탕 경복궁점 & 새마을식당","197245.494046903    ","452668.607698393    ","서울특별시 종로구 필운동 227 5층 "
"3000000-101-2013-00191","R콜","198977.174329225    ","452072.834746916    ","서울특별시 종로구 낙원동 204 "
"3000000-101-2013-00198","내가찜한닭 대학로점","199872.928164861    ","453390.08065254     ","서울특별시 종로구 명륜4가 176-2 "
"3000000-101-2013-00202","리코","198977.573397554    ","452648.678682155    ","서울특별시 종로구 운니동 96 1층 "
"3000000-101-2013-00203","완도집","200910.614462657    ","452323.71419073     ","서울특별시 종로구 창신동 582-47 "
"3000000-101-2013-00205","유누사주타로","198734.140821778    ","452028.603863637    ","서울특별시 종로구 인사동 86 "
"3000000-101-2013-00207","유담","198524.97429612     ","452568.165223787    ","서울특별시 종로구 관훈동 118-17 "
"3000000-101-2013-00208","돈치킨 숭인점","201742.998482025    ","452496.336088655    ","서울특별시 종로구 숭인동 183-9 "
"3000000-101-2013-00214","인사동부엌2","198726.943951626    ","452332.226088104    ","서울특별시 종로구 인사동 3 "
"3000000-101-2013-00215","경복궁식당","197283.485961133    ","452677.73658403     ","서울특별시 종로구 필운동 211 "
"3000000-101-2013-00221","르꼬숑","198292.607820354    ","453898.240540763    ","서울특별시 종로구 삼청동 11-5 "
"3000000-101-2013-00222","르꼬숑","198292.607820354    ","453898.240540763    ","서울특별시 종로구 삼청동 11-5 "
"3000000-101-2013-00226","사과나무","197320.967167329    ","453033.416310854    ","서울특별시 종로구 통인동 137-1 "
"3000000-101-2013-00229","호림스시","196957.04537993     ","456048.716300069    ","서울특별시 종로구 평창동 341 "
"3000000-101-2013-00230","종로식당 2","199025.308225249    ","451965.681718475    ","서울특별시 종로구 종로3가 107-2 "
"3000000-101-2013-00231","(주)나주소 나주곰탕","197665.05263825     ","452021.093273566    ","서울특별시 종로구 신문로1가 29 2층 "
"3000000-101-2013-00235","테이스트(TASTE)","198999.525786224    ","452458.391334878    ","서울특별시 종로구 익선동 34-3 지하1층, 지상1층 "
"3000000-101-2013-00236","넘버원 양꼬치","197329.141611608    ","452702.61738178     ","서울특별시 종로구 체부동 213 "
"3000000-101-2013-00238","늘올마당","201331.654239652    ","452574.751072697    ","서울특별시 종로구 숭인동 65-20 "
"3000000-101-2013-00240","엄용백 돼지국밥 종각점","198674.435362325    ","452178.182498539    ","서울특별시 종로구 인사동 194-28 1층 "
"3000000-101-2013-00241","김숯불갈비","200923.604648638    ","452412.127626996    ","서울특별시 종로구 창신동 131-4 "
"3000000-101-2013-00242","국수나무 대학로점","200100.581572566    ","452947.100374044    ","서울특별시 종로구 연건동 72-2 "
"3000000-101-2013-00244","써니","198962.57531706     ","452215.205219118    ","서울특별시 종로구 낙원동 138-1 "
"3000000-101-2013-00245","어사출또 종로3가점","199109.05861323     ","452054.718795906    ","서울특별시 종로구 돈의동 170 "
"3000000-101-2013-00246","순남 시래기 삼청동점","198364.172513999    ","453669.753529331    ","서울특별시 종로구 삼청동 47 "
"3000000-101-2013-00249","이가덕장","197442.980237257    ","452682.304026788    ","서울특별시 종로구 내자동 4 "
"3000000-101-2013-00251","마피","199874.362770246    ","453281.942888925    ","서울특별시 종로구 명륜4가 154-18 "
"3000000-101-2013-00253","형제육회","199935.599495634    ","452035.37334873     ","서울특별시 종로구 종로4가 181-2 "
"3000000-101-2013-00257","매머드커피 익스프레스 종로5가역점","200069.449208699    ","452147.423545856    ","서울특별시 종로구 효제동 320-6 "
"3000000-101-2013-00261","경복궁 풍천장어","197459.566816226    ","452700.615179721    ","서울특별시 종로구 체부동 54-1 "
"3000000-101-2013-00264","누하의 숲","197169.501758118    ","452944.633773402    ","서울특별시 종로구 누하동 175-2 "
"3000000-101-2013-00268","블루(6lue)","197446.341622811    ","452739.197617636    ","서울특별시 종로구 체부동 68 "
"3000000-101-2013-00277","짬뽕타임24(종로3가점)","199048.040126558    ","452062.313675827    ","서울특별시 종로구 낙원동 195-3 "
"3000000-101-2013-00278","영양버섯칼국수","197541.418168655    ","452115.300046799    ","서울특별시 종로구 신문로1가 238 "
"3000000-101-2013-00282","효자동 목고기","198922.68939309     ","451854.041727146    ","서울특별시 종로구 관철동 26 "
"3000000-101-2013-00283","실부자","198872.949115346    ","452367.004193038    ","서울특별시 종로구 낙원동 45-3 "
"3000000-101-2013-00288","돈벼락","201798.834918812    ","452637.556986205    ","서울특별시 종로구 숭인동 766 "
"3000000-101-2013-00292","라온","197176.489220715    ","452810.397148622    ","서울특별시 종로구 필운동 84 "
"3000000-101-2013-00294","교동전선생","198210.244374776    ","452217.472762066    ","서울특별시 종로구 청진동 2-3 "
"3000000-101-2013-00295","언더24","200539.868878403    ","452030.482452512    ","서울특별시 종로구 종로6가 261-1 "
"3000000-101-2013-00297","드디어커피 원남점","199717.412615969    ","452594.980541022    ","서울특별시 종로구 원남동 96-9 "
"3000000-101-2013-00298","정돈 대학로점","200026.692688841    ","453279.044229352    ","서울특별시 종로구 명륜4가 107 지하1층 "
"3000000-101-2013-00302","두레유","198597.961464246    ","453383.440834761    ","서울특별시 종로구 가회동 16-12 지상1.2층 "
"3000000-101-2013-00303","카페야미","201294.738018519    ","452556.559735846    ","서울특별시 종로구 창신동 77-1 "
"3000000-101-2013-00304","오떡순 한식부페","199812.609633255    ","452132.648343993    ","서울특별시 종로구 인의동 48-2 "
"3000000-101-2013-00305","노다지","199078.58981814     ","452244.253831641    ","서울특별시 종로구 돈의동 44-6 "
"3000000-101-2013-00306","더 카스광장","199109.05861323     ","452054.718795906    ","서울특별시 종로구 돈의동 170 "
"3000000-101-2013-00309","부암동 쭈꾸미","196791.150993539    ","454517.364202652    ","서울특별시 종로구 부암동 274-1 "
"3000000-101-2013-00311","김밥천국","199258.467324113    ","452196.138978365    ","서울특별시 종로구 봉익동 125 "
"3000000-101-2013-00317","쇼콜라디제이","197329.898847331    ","452432.501606302    ","서울특별시 종로구 내수동 95 파크팰리스상가 1층 114호"
"3000000-101-2013-00318","오팔식당 창신역점","201258.062657124    ","452787.132831042    ","서울특별시 종로구 창신동 23-76 "
"3000000-101-2013-00320","가츠야마","197650.653736722    ","452368.519288991    ","서울특별시 종로구 도렴동 60 지하1층 34,37호"
"3000000-101-2013-00321","서촌 친구네","197336.389157276    ","452696.356101832    ","서울특별시 종로구 체부동 214 "
"3000000-101-2013-00325","종로설렁탕","199025.308225249    ","451965.681718475    ","서울특별시 종로구 종로3가 107-2 1층 "
"3000000-101-2013-00326","크레이저 로스팅 랩(C Razer Roasting Lab)","201721.406524629    ","452534.481537011    ","서울특별시 종로구 숭인동 178-94 102호"
"3000000-101-2013-00333","더 블루","198658.943470079    ","452604.254902527    ","서울특별시 종로구 경운동 89-4 "
"3000000-101-2013-00334","애월식당","197410.975271094    ","453114.780782469    ","서울특별시 종로구 창성동 98-19 "
"3000000-101-2013-00335","초림","200876.602915538    ","452108.981034905    ","서울특별시 종로구 창신동 464-6 1층 "
"3000000-101-2013-00336","비엘티서울(BLT Seoul)","200717.7490316      ","452011.865092338    ","서울특별시 종로구 종로6가 289-3 외 1필지 2층 "
"3000000-101-2013-00337","더 그리핀","200717.7490316      ","452011.865092338    ","서울특별시 종로구 종로6가 289-3 외1필지 "
"3000000-101-2013-00338","더 라운지(The Lounge)","200717.7490316      ","452011.865092338    ","서울특별시 종로구 종로6가 289-3 외 1필지   1층 "
"3000000-101-2013-00339","타볼로24","200717.7490316      ","452011.865092338    ","서울특별시 종로구 종로6가 289-3 289-3외 1필지 "
"3000000-101-2013-00345","반포식스 대학로점","200281.908353314    ","453265.914451671    ","서울특별시 종로구 동숭동 1-87 청목빌딩 "
"3000000-101-2013-00347","크래프트카페(래경공방)","198425.702259254    ","453887.623325609    ","서울특별시 종로구 삼청동 27-10 "
"3000000-101-2013-00348","동백식당","198544.200398469    ","452694.795158407    ","서울특별시 종로구 안국동 170 "
"3000000-101-2013-00349","쿠차라 라티나 Cuchara Latina","199764.755394096    ","453495.223080424    ","서울특별시 종로구 명륜2가 211-1 "
"3000000-101-2013-00351","라이크(LIKE)","199120.013175276    ","452441.141177268    ","서울특별시 종로구 와룡동 173 1층 "
"3000000-101-2013-00355","진국정동곰탕 재동점","198661.378831579    ","452749.348041261    ","서울특별시 종로구 재동 111-7 지상1층 "
"3000000-101-2013-00356","남대문막내횟집","198454.588761761    ","451879.773068402    ","서울특별시 종로구 관철동 263 지상3층 "
"3000000-101-2013-00359","디셈버(December)","197460.418974303    ","452666.820277918    ","서울특별시 종로구 내자동 63-2 지상1~3층 "
"3000000-101-2013-00360","라마다종로지점 레스토랑","199764.69151091     ","452177.255224359    ","서울특별시 종로구 인의동 48-26 지상1층 "
"3000000-101-2013-00362","강구항 물가자미","198886.901330487    ","452331.290819368    ","서울특별시 종로구 낙원동 64-1 "
"3000000-101-2014-00009","완백부대찌개 고사리 꽃삼겹","198150.300374121    ","452019.212642931    ","서울특별시 종로구 종로1가 24 르메이에르종로타운1 "
"3000000-101-2014-00010","큰손집","199100.356477593    ","452138.601821446    ","서울특별시 종로구 돈의동 93-5 "
"3000000-101-2014-00019","신의주 찹쌀순대 종로구청점","198150.300374121    ","452019.212642931    ","서울특별시 종로구 종로1가 24 르메이에르 종로타운 229-1,2호 "
"3000000-101-2014-00027","한솥도시락 신설동점","201946.86632604     ","452416.591916256    ","서울특별시 종로구 숭인동 1388 동양파라오피스텔 "
"3000000-101-2014-00029","아인(ein)","197519.04979776     ","452948.793480465    ","서울특별시 종로구 통의동 26-5 "
"3000000-101-2014-00033","백년토종삼계탕","198580.664862565    ","453141.642301024    ","서울특별시 종로구 가회동 170-3 "
"3000000-101-2014-00037","샐러링 종로5가점","199830.43202331     ","452307.336454684    ","서울특별시 종로구 연지동 181 "
"3000000-101-2014-00040","알엠(RM)","198886.901330487    ","452331.290819368    ","서울특별시 종로구 낙원동 64-1 "
"3000000-101-2014-00044","꾸스꾸스","197382.009650841    ","452840.804474308    ","서울특별시 종로구 체부동 95-1 "
"3000000-101-2014-00049","낭만원","198687.434338308    ","452172.823312946    ","서울특별시 종로구 인사동 153-6 "
"3000000-101-2014-00051","이여곰탕","198228.200410245    ","452274.732818798    ","서울특별시 종로구 수송동 71-2 지하1층,지상1층 "
"3000000-101-2014-00055","육회 자매집","200004.114873113    ","452040.028720002    ","서울특별시 종로구 종로5가 138-7 "
"3000000-101-2014-00057","피유(PIU)","197329.054176722    ","452942.209288599    ","서울특별시 종로구 체부동 18-5 "
"3000000-101-2014-00061","단테","198969.903766412    ","452637.813755898    ","서울특별시 종로구 운니동 95 지상1층 "
"3000000-101-2014-00062","광화문 닭곰탕","197713.264843734    ","451938.037703258    ","서울특별시 종로구 신문로1가 163 "
"3000000-101-2014-00068","우가","199901.572333003    ","452020.699824077    ","서울특별시 종로구 종로4가 165-5 "
"3000000-101-2014-00069","봉탁","198378.437083339    ","453590.921152429    ","서울특별시 종로구 삼청동 61-4 지상1층 "
"3000000-101-2014-00071","스모크트레인(SMOKE TRAIN)","199992.660593748    ","453532.019573946    ","서울특별시 종로구 명륜2가 21-9 "
"3000000-101-2014-00074","미옥육회","200032.530258084    ","451992.663266596    ","서울특별시 종로구 종로5가 395-5 "
"3000000-101-2014-00076","반미362","200101.909144875    ","452942.612514707    ","서울특별시 종로구 연건동 74-4 지상1층 "
"3000000-101-2014-00079","익선동 부산오뎅","199024.157836526    ","452271.413337643    ","서울특별시 종로구 낙원동 121-1 지상1층 "
"3000000-101-2014-00084","종로분식","199768.273124817    ","452358.8932537      ","서울특별시 종로구 인의동 25 지상2층 비동 "
"3000000-101-2014-00092","미스터브리즈 커피","196252.181038758    ","452495.777777393    ","서울특별시 종로구 무악동 45-20 "
"3000000-101-2014-00093","한우지기(종로점)","200004.114873113    ","452040.028720002    ","서울특별시 종로구 종로5가 138-7 "
"3000000-101-2014-00094","일미식당","198838.912965902    ","452214.210961577    ","서울특별시 종로구 낙원동 288 "
"3000000-101-2014-00095","호미관","198207.279003982    ","452082.344195698    ","서울특별시 종로구 청진동 136 "
"3000000-101-2014-00096","호남집","200071.782014237    ","451998.821948783    ","서울특별시 종로구 종로5가 398-14 "
"3000000-101-2014-00098","장터순대국 파보쌈 감자탕","198205.80432382     ","452201.132641096    ","서울특별시 종로구 청진동 3-3 "
"3000000-101-2014-00099","이태리 총각 익선동","197330.175508538    ","453004.302910966    ","서울특별시 종로구 통인동 137-7 "
"3000000-101-2014-00100","아구찜 나라","201715.52953444     ","452484.380254535    ","서울특별시 종로구 숭인동 183-12 지상1층 "
"3000000-101-2014-00104","영덕 회식당 종로점","198270.358750586    ","452167.137291162    ","서울특별시 종로구 청진동 32-2 "
"3000000-101-2014-00105","태성골뱅이 신사","198266.966101293    ","452159.624458141    ","서울특별시 종로구 청진동 26 "
"3000000-101-2014-00106","키햐아","200017.173956381    ","453554.674642303    ","서울특별시 종로구 명륜2가 20-1 "
"3000000-101-2014-00110","바나나","199133.352942071    ","452385.707440297    ","서울특별시 종로구 묘동 147 "
"3000000-101-2014-00113","창신곱창","200956.626483264    ","452294.176680139    ","서울특별시 종로구 창신동 581-21 지상1층 "
"3000000-101-2014-00115","체부동 빈대떡","197412.943740642    ","452695.685066984    ","서울특별시 종로구 체부동 190 "
"3000000-101-2014-00116","데저트 플레이스","198817.599794752    ","452054.207890954    ","서울특별시 종로구 인사동 75-1 태영빌딩 "
"3000000-101-2014-00117","드링크7(Drink7)","198841.25815339     ","452423.111459135    ","서울특별시 종로구 낙원동 4 "
"3000000-101-2014-00120","고봉민 김밥인 대학로점","200219.241557773    ","453384.373630273    ","서울특별시 종로구 동숭동 1-52 지하1층 "
"3000000-101-2014-00121","인사랑","198739.058628282    ","452295.320845439    ","서울특별시 종로구 인사동 15 덕원빌딩 지상2층 "
"3000000-101-2014-00122","이태리문","198759.126085611    ","451821.871396423    ","서울특별시 종로구 관철동 11-2 3-4층 "
"3000000-101-2014-00125","에카","199898.958649408    ","453304.315160057    ","서울특별시 종로구 명륜4가 154-5 지상1층 "
"3000000-101-2014-00128","웬즈데이(Wednesday)","197164.512575202    ","452822.533233919    ","서울특별시 종로구 필운동 87 지상1층 "
"3000000-101-2014-00129","개뿔","200641.460344612    ","452875.611238945    ","서울특별시 종로구 이화동 9-443 "
"3000000-101-2014-00130","카페진선","198204.997480672    ","453231.694247751    ","서울특별시 종로구 팔판동 150 지상1층 "
"3000000-101-2014-00132","루뽀(LUPO)","197660.370711237    ","452306.635808312    ","서울특별시 종로구 도렴동 65 지상2층 202호"
"3000000-101-2014-00136","구뻐","198600.297703408    ","451907.673521567    ","서울특별시 종로구 관철동 19-23 지상2층 "
"3000000-101-2014-00146","로우(RAW)","199052.87661739     ","452457.191133871    ","서울특별시 종로구 익선동 97 지하1층 "
"3000000-101-2014-00148","무구옥 안국","198154.863994204    ","452677.516515371    ","서울특별시 종로구 사간동 126-1 지상1층 "
"3000000-101-2014-00149","박가네","200005.160432916    ","452027.337517881    ","서울특별시 종로구 종로5가 138-10 "
"3000000-101-2014-00151","인사 한마당","198538.187537619    ","452524.551177639    ","서울특별시 종로구 관훈동 106 지하1층 "
"3000000-101-2014-00152","창경궁 국밥집","199642.195820555    ","452551.162233799    ","서울특별시 종로구 원남동 191-1 "
"3000000-101-2014-00154","진짜김밥","201306.498865623    ","452102.579770822    ","서울특별시 종로구 창신동 393-12 "
"3000000-101-2014-00155","유과","200355.827720895    ","452371.506178516    ","서울특별시 종로구 충신동 188-9 지상1층 "
"3000000-101-2014-00156","반쥴 로프트","198710.153417715    ","451865.017554518    ","서울특별시 종로구 관철동 12-16 지상4층 "
"3000000-101-2014-00157","명륜진사갈비","199554.074424085    ","453721.462706742    ","서울특별시 종로구 명륜3가 53 지상1층 "
"3000000-101-2014-00158","뉴라인 건축사사무소","197163.709910046    ","452996.752832218    ","서울특별시 종로구 누하동 191 지상1,2층 "
"3000000-101-2014-00161","영천빈대떡","196833.01120983     ","451736.38443886     ","서울특별시 종로구 교남동 27 "
"3000000-101-2014-00162","낙원어시장","198939.59376248     ","452197.789326773    ","서울특별시 종로구 낙원동 225 한국장기협회 1층 101호"
"3000000-101-2014-00165","올로(ollo)","198592.597470985    ","452190.992738652    ","서울특별시 종로구 인사동 194-27 태화빌딩 지하1층 B27 "
"3000000-101-2014-00166","천향1","198228.999702198    ","452174.577685623    ","서울특별시 종로구 청진동 11-3 지상2층 "
"3000000-101-2014-00167","천향2","198228.999702198    ","452174.577685623    ","서울특별시 종로구 청진동 11-3 지상3층 "
"3000000-101-2014-00168","설빙 대학로점","200219.241557773    ","453384.373630273    ","서울특별시 종로구 동숭동 1-52 지상1,2층 "
"3000000-101-2014-00170","써브웨이 동대문역점","200567.882962391    ","452120.784116208    ","서울특별시 종로구 종로6가 123-1 "
"3000000-101-2014-00171","류경회관","198324.653631679    ","452252.812389497    ","서울특별시 종로구 수송동 58 두산위브파빌리온 지상2층 201, 202, 203호 "
"3000000-101-2014-00172","독도는우리땅","199155.544853099    ","452083.125538906    ","서울특별시 종로구 돈의동 137 피카디리플러스 6층 12호 "
"3000000-101-2014-00182","주식회사 현현 독일주택 지점","199979.48111394     ","453410.128906257    ","서울특별시 종로구 명륜4가 45-1 "
"3000000-101-2014-00187","산호","199343.65090268     ","452231.419826254    ","서울특별시 종로구 봉익동 38-6 "
"3000000-101-2014-00188","지커뮨홀","197350.230443022    ","453382.520628562    ","서울특별시 종로구 효자동 60-6 "
"3000000-101-2014-00189","하리보 초밥","200344.953797987    ","452768.574607566    ","서울특별시 종로구 이화동 61-8 지상1층 103호"
"3000000-101-2014-00191","두잇아카펠라(Do it Acappella)","199723.347794924    ","453565.897387933    ","서울특별시 종로구 명륜2가 143-9 지하1층 "
"3000000-101-2014-00195","우리집","197128.106193053    ","453146.295654932    ","서울특별시 종로구 옥인동 102-7 "
"3000000-101-2014-00197","메종드그루","197605.092932247    ","452998.255021245    ","서울특별시 종로구 통의동 1-1 지상1층 "
"3000000-101-2014-00198","꼬꼬 뚝 닭","197650.653736722    ","452368.519288991    ","서울특별시 종로구 도렴동 60 지하1층 16호호"
"3000000-101-2014-00199","통의동 단팥","197478.255898966    ","452851.701628862    ","서울특별시 종로구 통의동 67-3 지상1층 "
"3000000-101-2014-00202","식물","199016.049794601    ","452386.827826611    ","서울특별시 종로구 익선동 166-62 "
"3000000-101-2014-00206","하진식당","201358.078328603    ","452545.181408933    ","서울특별시 종로구 숭인동 66-1 1층 "
"3000000-101-2014-00208","가마로강정 동묘역앞점","201201.016377649    ","452285.254636583    ","서울특별시 종로구 창신동 308-1 지상1층 "
"3000000-101-2014-00212","사계항","197184.405230253    ","452920.347668983    ","서울특별시 종로구 누하동 260 "
"3000000-101-2014-00213","복국집 뽁찌","199024.097306356    ","451799.216093585    ","서울특별시 종로구 관수동 149-1 지상1층 "
"3000000-101-2014-00218","루비분식","199735.170272568    ","452401.971088228    ","서울특별시 종로구 인의동 9 지상1층 "
"3000000-101-2014-00220","리틀 하노이","199853.596844429    ","452093.292447373    ","서울특별시 종로구 종로4가 9-1 "
"3000000-101-2014-00222","레이지(LAZY)","196215.242912236    ","455374.155785489    ","서울특별시 종로구 홍지동 75-1 "
"3000000-101-2014-00224","일미식당","199448.282133532    ","454115.0840208      ","서울특별시 종로구 명륜3가 1-139 1층 "
"3000000-101-2014-00225","만민보리밥","199466.495214665    ","451954.251429685    ","서울특별시 종로구 장사동 105-1 "
"3000000-101-2014-00226","브라운 에비뉴(Brown Avenue)","199954.044722095    ","453701.572334399    ","서울특별시 종로구 명륜2가 237 "
"3000000-101-2014-00228","청진영양센타2","198137.278868885    ","452218.767244999    ","서울특별시 종로구 청진동 206-2 "
"3000000-101-2014-00229","태영","198230.844668726    ","452213.132146719    ","서울특별시 종로구 청진동 4-3 지상1층 "
"3000000-101-2014-00230","식물안","199020.266937813    ","452394.719136339    ","서울특별시 종로구 익선동 142-2 지상1층 "
"3000000-101-2014-00233","사랑방","199101.834946567    ","452130.789140803    ","서울특별시 종로구 돈의동 93-6 지상1층 "
"3000000-101-2014-00239","커피스탑 광화문점","197465.223921125    ","452366.613899898    ","서울특별시 종로구 내수동 72 지상1층 108호"
"3000000-101-2014-00243","시애틀 커피 하우스","198991.002784609    ","451828.222399025    ","서울특별시 종로구 관수동 154-1 지상1층 101호"
"3000000-101-2014-00249","한사바리 해장국","200419.851711157    ","452436.852254445    ","서울특별시 종로구 충신동 31-14 지상1층 "
"3000000-101-2014-00250","풍성뚝배기","200533.129306904    ","452412.436347914    ","서울특별시 종로구 충신동 27-36 외 1필지 "
"3000000-101-2014-00254","익선 닭국수","198925.80479821     ","452561.600714049    ","서울특별시 종로구 익선동 5 "
"3000000-101-2014-00258","김준클럽","196140.06395156     ","456264.798861938    ","서울특별시 종로구 구기동 126-4 지하1층,지상1층 "
"3000000-101-2014-00259","엠엠티에이치 013(MMTH 013)","198213.106161443    ","452176.777356935    ","서울특별시 종로구 청진동 17 지상1층 "
"3000000-101-2014-00260","피터.폴.메리","198717.149231238    ","451910.28607839     ","서울특별시 종로구 관철동 13-16 "
"3000000-101-2014-00262","북촌애가삼도예카페","198358.556763464    ","453096.236334265    ","서울특별시 종로구 화동 100 지상1층 "
"3000000-101-2014-00264","흥진옥","198188.064790941    ","452122.877425555    ","서울특별시 종로구 청진동 142-1 지상1층 "
"3000000-101-2014-00265","식물2","199022.877191081    ","452387.759754838    ","서울특별시 종로구 익선동 166-61 지상1층 "
"3000000-101-2014-00266","더 9.2","197427.727615443    ","452680.792854455    ","서울특별시 종로구 내자동 9-2 지상1층 "
"3000000-101-2014-00269","주주문화 주식회사 (사토루)","197364.979238759    ","452892.689462228    ","서울특별시 종로구 체부동 24 "
"3000000-101-2014-00270","오감부대","198150.300374121    ","452019.212642931    ","서울특별시 종로구 종로1가 24 르메이에르종로타운 지하2층 B202 "
"3000000-101-2014-00272","안에(An'e)","198204.837322667    ","452293.432531176    ","서울특별시 종로구 수송동 80-6 "
"3000000-101-2014-00274","쿼드(QUAD)","198217.172175246    ","452869.948075387    ","서울특별시 종로구 사간동 51 "
"3000000-101-2014-00275","프리츠","198916.621582172    ","452826.94095916     ","서울특별시 종로구 원서동 229 지상1층 "
"3000000-101-2014-00276","주식회사 합","198916.621582172    ","452826.94095916     ","서울특별시 종로구 원서동 229 지상2층 "
"3000000-101-2014-00277","르꼬숑","198916.621582172    ","452826.94095916     ","서울특별시 종로구 원서동 229 지상3층 "
"3000000-101-2014-00280","종로 명태덕장","199055.576501831    ","451966.787908424    ","서울특별시 종로구 종로3가 109-2 지상1층 "
"3000000-101-2014-00282","본도시락(종로구청점)","198324.653631679    ","452252.812389497    ","서울특별시 종로구 수송동 58 "
"3000000-101-2014-00284","쿠우쿠우 대학로점","199799.941178077    ","453354.639847989    ","서울특별시 종로구 명륜4가 188-4 지상3층 "
"3000000-101-2014-00287","커피스미스 종로점","198780.385364221    ","452016.307742023    ","서울특별시 종로구 종로2가 21 지상2~5층(22-3번지) "
"3000000-101-2014-00288","에이브이 테이크씨(A/V TAKE-C)","198918.099510597    ","452235.88369074     ","서울특별시 종로구 낙원동 236-1 "
"3000000-101-2014-00289","15번출구","199175.701380853    ","451956.584093565    ","서울특별시 종로구 관수동 58 "
"3000000-101-2014-00293","순라길비비","199312.675333107    ","452297.562884056    ","서울특별시 종로구 봉익동 12-4 "
"3000000-101-2014-00298","와룡동 닭매운탕","199131.237844169    ","452647.758245462    ","서울특별시 종로구 와룡동 38-1 "
"3000000-101-2014-00301","한일장 옥상별관","199020.33722975     ","451917.361368805    ","서울특별시 종로구 관수동 19 "
"3000000-101-2014-00303","순희네빈대떡 닭한마리","200419.30517573     ","452018.608545014    ","서울특별시 종로구 종로5가 249 지상 1,2층 "
"3000000-101-2014-00307","배스킨라빈스 삼청 마당점","198363.570583795    ","452968.51177988     ","서울특별시 종로구 화동 137-6 지상1층 "
"3000000-101-2014-00308","초록초록","197559.791065754    ","452388.315239125    ","서울특별시 종로구 내수동 74 광화문시대 "
"3000000-101-2014-00309","카페 트레블","200500.108631352    ","453077.956369421    ","서울특별시 종로구 동숭동 129-215 지상2층 "
"3000000-101-2014-00310","주식회사 스코프베이크 하우스","196714.396947774    ","454537.210112724    ","서울특별시 종로구 부암동 278-5 지상1층 "
"3000000-101-2014-00311","서촌181","197353.396173342    ","452725.580772425    ","서울특별시 종로구 체부동 181 지상1층 "
"3000000-101-2014-00313","타르트 앤","200291.746699023    ","453443.16141729     ","서울특별시 종로구 동숭동 19-3 "
"3000000-101-2014-00317","센꼬치","199878.13319881     ","453508.076908785    ","서울특별시 종로구 명륜2가 8-27 지상1층 "
"3000000-101-2014-00320","카페 회화나무","197202.867439813    ","452877.438000522    ","서울특별시 종로구 누하동 253 "
"3000000-101-2014-00323","에무시네마앤 카페","197193.771272123    ","452199.428810287    ","서울특별시 종로구 신문로2가 1-181 지상1층 "
"3000000-101-2014-00324","두레","198675.500461263    ","452096.090248826    ","서울특별시 종로구 인사동 231 지상1층 "
"3000000-101-2014-00325","먹포집","200976.272996355    ","452287.016377345    ","서울특별시 종로구 창신동 142-32 지상1층 "
"3000000-101-2014-00326","동래복국","200820.411204476    ","452168.573383761    ","서울특별시 종로구 창신동 695-1 "
"3000000-101-2014-00327","에무시네마앤 카페","197193.771272123    ","452199.428810287    ","서울특별시 종로구 신문로2가 1-181 지하1층 "
"3000000-101-2014-00328","앗싸 복만두","196228.146333802    ","452500.482860847    ","서울특별시 종로구 무악동 45-313 지상1층 "
"3000000-101-2014-00330","피자피자","199591.083926766    ","452520.196518469    ","서울특별시 종로구 원남동 239-2 "
"3000000-101-2014-00332","서촌 통큰 아귀찜","197451.922066448    ","452750.574193106    ","서울특별시 종로구 체부동 69 지상1층 "
"3000000-101-2014-00334","붐 카페(종로 인의점)","199809.909500663    ","452252.651266308    ","서울특별시 종로구 인의동 28-25 "
"3000000-101-2014-00341","도연회포차","198979.758847796    ","451921.59918378     ","서울특별시 종로구 관수동 4-1 "
"3000000-101-2014-00347","레일라","197348.662848643    ","453120.182424581    ","서울특별시 종로구 통인동 102 "
"3000000-101-2014-00350","옛날","201798.834918812    ","452637.556986205    ","서울특별시 종로구 숭인동 766 청게힐스테이트아파트 나동 101호"
"3000000-101-2014-00355","동대문 한국통닭","200950.164229902    ","452153.300656514    ","서울특별시 종로구 창신동 498 지상1층 "
"3000000-101-2014-00356","봉구비어(경복궁점)","197374.304179661    ","452672.401945774    ","서울특별시 종로구 내자동 22 "
"3000000-101-2014-00357","카페 로코코 익선","199011.249700181    ","452293.307500874    ","서울특별시 종로구 익선동 166-64 "
"3000000-101-2014-00359","국수 찾아 닭만리","198986.25965889     ","452271.409343949    ","서울특별시 종로구 낙원동 110 1층5호 "
"3000000-101-2014-00360","몬스터 헝그리 덮밥","199723.669335984    ","453597.165471865    ","서울특별시 종로구 명륜2가 113 1층 "
"3000000-101-2014-00362","체부동 잔치집","197310.743652874    ","453153.716710244    ","서울특별시 종로구 통인동 95-1 지상1층 "
"3000000-101-2014-00367","초이라멘","200685.734152413    ","452136.400405769    ","서울특별시 종로구 종로6가 83 지상1층 "
"3000000-101-2014-00368","백미당 삼청점","198185.46913332     ","453097.414626479    ","서울특별시 종로구 소격동 73 지상1~2층 "
"3000000-101-2014-00369","프루","198555.857022995    ","453016.179598413    ","서울특별시 종로구 재동 32-4 지상1층 "
"3000000-101-2014-00370","폴인팬케이크 대학로점","200178.262552147    ","453484.642323703    ","서울특별시 종로구 동숭동 1-11 "
"3000000-101-2014-00373","소담","198229.580138381    ","452192.420103474    ","서울특별시 종로구 청진동 12-1 지상2,3층 "
"3000000-101-2014-00375","007소주방","199101.834946567    ","452130.789140803    ","서울특별시 종로구 돈의동 93-6 "
"3000000-101-2014-00376","서울 첫번째 전통찻집","198150.300374121    ","452019.212642931    ","서울특별시 종로구 종로1가 24 르메이에르 종로타운  지하1층 121호 "
"3000000-101-2014-00386","라온비체","198386.829870878    ","452237.303784872    ","서울특별시 종로구 견지동 110 B101-B112 "
"3000000-101-2014-00387","광명큐빅 큐빅카페","199242.948333333    ","452206.390333333    ","서울특별시 종로구 묘동 30-1 지상1층 "
"3000000-101-2014-00389","대박포차","200876.507837051    ","452049.012002528    ","서울특별시 종로구 창신동 446-5 1층 "
"3000000-101-2014-00393","안주마을 통인점","197376.434667571    ","452907.80171012     ","서울특별시 종로구 통인동 159 지상1층 "
"3000000-101-2014-00403","킬링웨이브","197464.719321858    ","452684.632711191    ","서울특별시 종로구 내자동 2-1 "
"3000000-101-2014-00405","양캠퍼 하우스","199157.662492286    ","452612.49192722     ","서울특별시 종로구 권농동 171-6 "
"3000000-101-2014-00406","북촌손만두 삼청동점","198371.569081166    ","452916.648423418    ","서울특별시 종로구 안국동 17-19 "
"3000000-101-2014-00411","버거드 조선","197325.32844569     ","452588.988109956    ","서울특별시 종로구 내자동 147 "
"3000000-101-2014-00415","서울풍경","198403.215745169    ","453004.756340579    ","서울특별시 종로구 화동 138-6 지하1층 "
"3000000-101-2014-00416","비어바(Beer bar)","200263.639698371    ","452214.263067727    ","서울특별시 종로구 효제동 224 지상1층 "
"3000000-101-2014-00417","바나바나(대학로점)","199872.928164861    ","453390.08065254     ","서울특별시 종로구 명륜4가 176-2 지하1층 "
"3000000-101-2014-00418","오두막","197794.221091725    ","452132.978062875    ","서울특별시 종로구 도렴동 150-6 "
"3000000-101-2014-00421","이삭토스트 광화문점","197819.103697275    ","452139.237844695    ","서울특별시 종로구 세종로 160-2 "
"3000000-101-2014-00424","오스테리아 소띠","197479.815059093    ","452965.931943564    ","서울특별시 종로구 통의동 91-38 "
"3000000-101-2014-00427","연극","199039.650890169    ","452598.730508313    ","서울특별시 종로구 운니동 48-2 "
"3000000-101-2014-00429","효제 김밥","200280.66191168     ","452221.452047984    ","서울특별시 종로구 효제동 206 지상1층 "
"3000000-101-2014-00430","자문밖 커피문","196605.666055315    ","455051.380274349    ","서울특별시 종로구 부암동 185-5 지상1층 "
"3000000-101-2014-00432","호로록","201278.512468384    ","452419.305695907    ","서울특별시 종로구 창신동 242 "
"3000000-101-2014-00433","북촌한식뷔페","198669.79988375     ","452764.298886964    ","서울특별시 종로구 재동 107-1 "
"3000000-101-2014-00435","더퀸카페 종로관정점","198284.392181266    ","451901.406014861    ","서울특별시 종로구 서린동 88 "
"3000000-101-2014-00437","킹스빈 경복궁점","197567.849954354    ","452567.159554494    ","서울특별시 종로구 적선동 80 "
"3000000-101-2014-00439","마로화적","199802.646898582    ","454153.34130675     ","서울특별시 종로구 명륜1가 31-7 "
"3000000-101-2014-00442","봉숙이 조개수산 6","198737.712476986    ","451849.035148545    ","서울특별시 종로구 관철동 12-6 지상6층 "
"3000000-101-2014-00443","봉숙이 조개수산 5","198737.712476986    ","451849.035148545    ","서울특별시 종로구 관철동 12-6 지상5층 "
"3000000-101-2014-00446","후후 라운지","196953.610223774    ","453169.412862807    ","서울특별시 종로구 누상동 27 지상1층 "
"3000000-101-2014-00448","체부동만두","197310.743652874    ","453153.716710244    ","서울특별시 종로구 통인동 95-1 "
"3000000-101-2014-00450","효제옥","200481.420167741    ","452265.819368326    ","서울특별시 종로구 종로6가 241-7 "
"3000000-101-2014-00452","반주","199073.492946336    ","452375.916120684    ","서울특별시 종로구 익선동 166-21 1층 "
"3000000-101-2014-00453","쿠킹앤모어","197330.09435785     ","452974.150986401    ","서울특별시 종로구 통인동 150-1 "
"3000000-101-2014-00454","호프47번가","201284.051565876    ","452460.21454992     ","서울특별시 종로구 창신동 81-9 "
"3000000-101-2014-00455","진 1926 종로3가점","199190.851137928    ","452155.029925614    ","서울특별시 종로구 묘동 190-1 "
"3000000-101-2015-00001","온더그라운드(ONTHEGROUND)","198380.481975305    ","453645.661691726    ","서울특별시 종로구 삼청동 69 지상1,2층 "
"3000000-101-2015-00004","마돌","199646.735551872    ","453924.24004175     ","서울특별시 종로구 명륜1가 16-56 지상2층 "
"3000000-101-2015-00007","나주곰탕","199695.44437244     ","452315.032342992    ","서울특별시 종로구 인의동 101-1 지상1층 "
"3000000-101-2015-00010","부암동 명태마을","196895.969356173    ","454499.037672171    ","서울특별시 종로구 부암동 258-4 "
"3000000-101-2015-00011","명륜건강원","199954.044722095    ","453701.572334399    ","서울특별시 종로구 명륜2가 237 명륜동주상복합아남아파트 301동 103호"
"3000000-101-2015-00014","레썸 피리리","200914.119316982    ","452378.770113967    ","서울특별시 종로구 창신동 583-14 지하1층 "
"3000000-101-2015-00028","태영식당","200411.610227861    ","452506.342679601    ","서울특별시 종로구 충신동 35-8 "
"3000000-101-2015-00029","자매집","199920.493510457    ","452031.129171537    ","서울특별시 종로구 종로4가 177 "
"3000000-101-2015-00030","광희칼국수","198758.698435007    ","451832.627163341    ","서울특별시 종로구 관철동 11-1 "
"3000000-101-2015-00032","빅바","198977.174329225    ","452072.834746916    ","서울특별시 종로구 낙원동 204 "
"3000000-101-2015-00035","명동찌개마을","199087.784498032    ","451955.057778345    ","서울특별시 종로구 관수동 38-2 지상1층 "
"3000000-101-2015-00036","스코프케이크하우스","197057.688607606    ","453118.563596917    ","서울특별시 종로구 누하동 90-2 지상1.2층 "
"3000000-101-2015-00038","복숭아꽃살구꽃","198722.372834327    ","452368.49379014     ","서울특별시 종로구 관훈동 2-2 "
"3000000-101-2015-00039","진주육회 4호점","199757.358879598    ","451965.794604164    ","서울특별시 종로구 예지동 25-2 새마을상가 1층 "
"3000000-101-2015-00043","코피티암(KOPITIAM))","197513.343649975    ","452790.127495389    ","서울특별시 종로구 통의동 35-29 "
"3000000-101-2015-00046","해온 heon","198323.881948429    ","453293.188364372    ","서울특별시 종로구 화동 45 "
"3000000-101-2015-00048","명동도면","199954.044722095    ","453701.572334399    ","서울특별시 종로구 명륜2가 237 "
"3000000-101-2015-00051","새물맞이 빈대떡","200381.425149709    ","452032.840004616    ","서울특별시 종로구 종로5가 246-2 1층 "
"3000000-101-2015-00052","파리바게뜨 종로구기","196291.961272358    ","456042.126827596    ","서울특별시 종로구 구기동 56-1 1층 "
"3000000-101-2015-00055","송추가마골 광화문지점","197660.370711237    ","452306.635808312    ","서울특별시 종로구 도렴동 65 2층 203호 "
"3000000-101-2015-00056","재팔이네 닭발","199988.664225384    ","453350.7038605      ","서울특별시 종로구 명륜4가 72-2 지상2층 "
"3000000-101-2015-00058","커피온리 종로3가점","199012.803737401    ","451961.523461766    ","서울특별시 종로구 종로3가 103-2 "
"3000000-101-2015-00062","범민족광장 새마을회관","199155.544853099    ","452083.125538906    ","서울특별시 종로구 돈의동 137 지상6층 28호 "
"3000000-101-2015-00065","앤디컵(Andy cup)","200870.566628979    ","452606.347142763    ","서울특별시 종로구 창신동 593-37 "
"3000000-101-2015-00074","도토미","197281.408438249    ","452982.476638494    ","서울특별시 종로구 체부동 5 "
"3000000-101-2015-00075","건배","200265.939725719    ","452194.473113773    ","서울특별시 종로구 효제동 227-1 2층 "
"3000000-101-2015-00076","이라운지","198731.246361041    ","451962.63614134     ","서울특별시 종로구 종로2가 75-6 "
"3000000-101-2015-00078","미나리하우스","200482.728517547    ","452818.429750536    ","서울특별시 종로구 이화동 9-14 1층 "
"3000000-101-2015-00080","쇼라쬬마라탕","199476.769253646    ","454067.453621229    ","서울특별시 종로구 명륜3가 1-7 1층 "
"3000000-101-2015-00083","촌북1","198342.156491745    ","452939.521265312    ","서울특별시 종로구 소격동 153 1층 "
"3000000-101-2015-00084","촌북2","198342.156491745    ","452939.521265312    ","서울특별시 종로구 소격동 153 1-2층 "
"3000000-101-2015-00087","주식회사 거복이식당","200164.118698435    ","453411.433110841    ","서울특별시 종로구 동숭동 1-48 지상1층 "
"3000000-101-2015-00091","오토김밥 대학로점","200240.881673889    ","453113.662949511    ","서울특별시 종로구 동숭동 1-133 1층 "
"3000000-101-2015-00094","텐퍼센트커피 종로점","198201.313264422    ","452221.134403171    ","서울특별시 종로구 청진동 2-2 "
"3000000-101-2015-00095","다락방 구구","198624.30053624     ","453119.989341318    ","서울특별시 종로구 가회동 206 "
"3000000-101-2015-00098","테리스 620","197043.532200356    ","455924.182911529    ",""
"3000000-101-2015-00099","종로김밥","201402.899478818    ","452312.274371831    ","서울특별시 종로구 숭인동 287-1 "
"3000000-101-2015-00101","The 달콩달콩데이 대학로점","199892.787366454    ","453322.159403991    ","서울특별시 종로구 명륜4가 162-3 1층 "
"3000000-101-2015-00102","풍금","197412.049158037    ","452671.677725159    ","서울특별시 종로구 내자동 11-1 지상 1,2층 "
"3000000-101-2015-00104","짝 비어&포차","201876.354761613    ","452681.538290942    ","서울특별시 종로구 숭인동 1081 "
"3000000-101-2015-00105","국일 식당","199045.043602772    ","451939.677286976    ","서울특별시 종로구 관수동 20 지하2층 국일관 사우나 내 "
"3000000-101-2015-00107","장수식당","200344.53838586     ","452023.625020056    ","서울특별시 종로구 종로5가 231-40 1층 "
"3000000-101-2015-00117","바스타(Basta)","199973.926381035    ","452217.916237568    ","서울특별시 종로구 연지동 258-5 "
"3000000-101-2015-00119","카페 아이엠티","198744.856118564    ","452882.816531599    ","서울특별시 종로구 계동 143-1 1층 "
"3000000-101-2015-00121","쿠퍼(CUPPER)","201302.883783666    ","451982.388503793    ","서울특별시 종로구 창신동 436-73 지상2층 "
"3000000-101-2015-00122","원조 큰맘할매 순대국","201726.968400331    ","452489.553601855    ","서울특별시 종로구 숭인동 183-22 "
"3000000-101-2015-00123","고봉삼계탕 광화문점","197680.780080175    ","452016.543891352    ","서울특별시 종로구 신문로1가 25 지상2층 "
"3000000-101-2015-00124","비하인드미","199716.33793479     ","452685.639262724    ","서울특별시 종로구 원남동 118-1 1층 "
"3000000-101-2015-00127","동묘가라지(동묘 Garage)","201210.658998252    ","452164.594278352    ","서울특별시 종로구 창신동 330-53 지하1층 "
"3000000-101-2015-00129","엔빵","199076.079256135    ","452112.074785736    ","서울특별시 종로구 낙원동 159 지상1층 "
"3000000-101-2015-00130","호호미역 경희궁 직영점","197469.959024858    ","452033.989111749    ","서울특별시 종로구 신문로1가 58-18 1층 "
"3000000-101-2015-00132","주주","197189.090583383    ","453132.685151756    ","서울특별시 종로구 누하동 3 "
"3000000-101-2015-00138","호로록 꼬치","199262.538284638    ","452246.93145594     ","서울특별시 종로구 봉익동 18-3 지상1층 "
"3000000-101-2015-00140","산펠리체","197094.60945963     ","453148.201843842    ","서울특별시 종로구 옥인동 146 "
"3000000-101-2015-00146","진원조 닭한마리","200454.683986458    ","452018.213157484    ","서울특별시 종로구 종로5가 265-6 "
"3000000-101-2015-00147","준수방","197349.648177062    ","453044.536805663    ","서울특별시 종로구 통인동 122 "
"3000000-101-2015-00149","울랄라파리","198992.092828014    ","452341.57100425     ","서울특별시 종로구 익선동 166-81 "
"3000000-101-2015-00151","온더보더 광화문 D타워점","198068.926781947    ","452087.030190231    ","서울특별시 종로구 청진동 246 "
"3000000-101-2015-00152","동해해물탕","200831.531156503    ","452272.418094709    ","서울특별시 종로구 창신동 651-65 1,2층 "
"3000000-101-2015-00153","365일장","200046.559959664    ","451978.256466717    ","서울특별시 종로구 종로5가 395-8 1층 "
"3000000-101-2015-00155","맛찬들왕소금구이 종로점","198645.624400564    ","451870.473288923    ","서울특별시 종로구 관철동 32-2 1,2,3,4층 "
"3000000-101-2015-00156","이모네 설렁탕","200226.553311941    ","452044.361853763    ","서울특별시 종로구 종로5가 193-14 1층 "
"3000000-101-2015-00157","일산칼국수","198797.654661402    ","451848.180035467    ","서울특별시 종로구 관철동 7-16 "
"3000000-101-2015-00159","동대문 옛날통닭","200985.850715996    ","452160.145481089    ","서울특별시 종로구 창신동 510-2 "
"3000000-101-2015-00160","갯마을횟집","198924.493311656    ","451826.54074884     ","서울특별시 종로구 관철동 35-1 지상2층 "
"3000000-101-2015-00161","치킨인더키친 경복궁역점","197478.255898966    ","452851.701628862    ","서울특별시 종로구 통의동 67-3 2층 "
"3000000-101-2015-00162","자리(주)경복궁지점","197338.222707034    ","452927.106746234    ","서울특별시 종로구 체부동 18-9 "
"3000000-101-2015-00166","가향","198908.284831214    ","451897.998907337    ","서울특별시 종로구 관철동 22 "
"3000000-101-2015-00169","익선 갈매기","199137.431757347    ","452314.965562031    ","서울특별시 종로구 돈의동 4-0 "
"3000000-101-2015-00171","집밥 한 여사","199757.358879598    ","451965.794604164    ","서울특별시 종로구 예지동 25-2 지상2층 "
"3000000-101-2015-00175","비나이다","199081.622976638    ","452385.881281062    ","서울특별시 종로구 익선동 166-19 1층 "
"3000000-101-2015-00176","혜화역 4번출구 포차","199973.899748128    ","453466.267270866    ","서울특별시 종로구 명륜2가 33-2 지상2,3층 "
"3000000-101-2015-00177","카인드 플레이트(Kind Plate)","199842.20240435     ","452602.779304374    ","서울특별시 종로구 원남동 49-18 지하1층 "
"3000000-101-2015-00179","엉클 드래곤(UNCLE DRAGON'S CHICKEN SHOP)","197237.306379738    ","452211.803556528    ","서울특별시 종로구 신문로2가 1-196 "
"3000000-101-2015-00180","비어 인 바 (BEER IN BAR)","200377.151677346    ","452216.164389023    ","서울특별시 종로구 효제동 171-23 "
"3000000-101-2015-00191","도하루 제과","196811.233466976    ","454510.338801526    ","서울특별시 종로구 부암동 261-6 지상1층 "
"3000000-101-2015-00193","오한수 우육면가","198284.392181266    ","451901.406014861    ","서울특별시 종로구 서린동 88 관정빌딩 지하1층 "
"3000000-101-2015-00194","오는정","197383.189377356    ","452694.491268921    ","서울특별시 종로구 체부동 194-1 "
"3000000-101-2015-00195","평양고깃집","198632.409968198    ","452268.941042372    ","서울특별시 종로구 관훈동 198-31 지상2층 "
"3000000-101-2015-00198","이식당(李食堂)","197413.693759225    ","456066.590030147    ","서울특별시 종로구 평창동 152-2 "
"3000000-101-2015-00200","연 목 돈","199881.097977328    ","453439.014549536    ","서울특별시 종로구 명륜2가 182-1 "
"3000000-101-2015-00202","(주)닥터로빈 광화문점","198068.926781947    ","452087.030190231    ","서울특별시 종로구 청진동 246 "
"3000000-101-2015-00205","테라스 222(terrace 222)","197195.453733499    ","452270.320774672    ","서울특별시 종로구 신문로2가 1-222 지상1층 "
"3000000-101-2015-00207","부띠끄 경성점","198267.091867825    ","453331.294711304    ","서울특별시 종로구 팔판동 89 지상1층 "
"3000000-101-2015-00209","통인스윗","198697.706712628    ","451897.834324531    ","서울특별시 종로구 관철동 13-13 "
"3000000-101-2015-00210","(주)포비아워스(광화문지점)","198068.926781947    ","452087.030190231    ","서울특별시 종로구 청진동 246 1층21호 "
"3000000-101-2015-00215","육미","198564.267926384    ","452079.873784197    ","서울특별시 종로구 인사동 255-5 1층 "
"3000000-101-2015-00224","(주)현현 노바지점","199853.450190638    ","453494.196880653    ","서울특별시 종로구 명륜2가 167-6 2층 "
"3000000-101-2015-00225","카츠카린","196065.157232057    ","455449.442660027    ","서울특별시 종로구 홍지동 60-2 홍지빌딩 1층 104호"
"3000000-101-2015-00229","홍성원","198386.829870878    ","452237.303784872    ","서울특별시 종로구 견지동 110 "
"3000000-101-2015-00230","세끼니 돈까스","200255.452642959    ","452271.17391562     ","서울특별시 종로구 효제동 267 "
"3000000-101-2015-00231","궁중육회","198564.267926384    ","452079.873784197    ","서울특별시 종로구 인사동 255-5 1층 "
"3000000-101-2015-00232","돈화문 닭한마리","199120.718341954    ","452149.209414132    ","서울특별시 종로구 돈의동 95 "
"3000000-101-2015-00233","비","197382.009650841    ","452840.804474308    ","서울특별시 종로구 체부동 95-1 지상2층 "
"3000000-101-2015-00234","롤링파스타 종로지점","198873.119206795    ","451916.121715876    ","서울특별시 종로구 관철동 5-5 효원빌딩 1층 "
"3000000-101-2015-00235","담미온(대학로점)","199879.3795772      ","453377.737326884    ","서울특별시 종로구 명륜4가 176-3 1층 "
"3000000-101-2015-00236","카르페가든(Carpe Garden)","200336.120706328    ","452715.839218815    ","서울특별시 종로구 이화동 90-5 1층 "
"3000000-101-2015-00237","그대가 꽃","198593.247508306    ","453046.221836004    ","서울특별시 종로구 가회동 162-1 "
"3000000-101-2015-00239","익선취향","199011.381233236    ","452366.606952634    ","서울특별시 종로구 익선동 166-70 "
"3000000-101-2015-00240","카페 올웨이즈(Cafe Always)","199266.459336018    ","451989.401816588    ","서울특별시 종로구 종로3가 139 지상1층 "
"3000000-101-2015-00242","692 고기포차","199698.708751424    ","453487.534406085    ","서울특별시 종로구 명륜3가 127 "
"3000000-101-2015-00249","족의한수","198979.758847796    ","451921.59918378     ","서울특별시 종로구 관수동 4-1 "
"3000000-101-2015-00250","파틱(PATIC)","196918.097134316    ","453156.673503651    ","서울특별시 종로구 누상동 29-3 "
"3000000-101-2015-00251","에머이 종로본점","198571.365583485    ","451950.606981653    ","서울특별시 종로구 관철동 16-9 지상1층 "
"3000000-101-2015-00252","숭인 호프","201591.131531121    ","452447.066533995    ","서울특별시 종로구 숭인동 72-71 "
"3000000-101-2015-00253","삼청동 스시고","198329.085433716    ","453573.920813622    ","서울특별시 종로구 삼청동 98-1 지하1층 "
"3000000-101-2015-00257","대학로 아리랑","200158.82002238     ","452691.97984761     ","서울특별시 종로구 연건동 178-1 지하1층 "
"3000000-101-2015-00260","옥이네","197490.24199476     ","452816.597229114    ","서울특별시 종로구 통의동 63 2층 2호"
"3000000-101-2015-00261","알키미아(Alkimia)","196891.244271767    ","453242.097538359    ","서울특별시 종로구 누상동 8-2 1층 101호"
"3000000-101-2015-00262","거울한옥 미러룸","198261.696425608    ","453084.145008137    ","서울특별시 종로구 소격동 88-11 1층 "
"3000000-101-2015-00266","기와탭룸","198314.34099253     ","452932.066529919    ","서울특별시 종로구 소격동 158-4 지상 1층 "
"3000000-101-2015-00269","까페 16번지","198233.420721548    ","452829.276930915    ","서울특별시 종로구 사간동 16 "
"3000000-101-2015-00274","고향","199928.447037571    ","452256.414385306    ","서울특별시 종로구 연지동 216-1 "
"3000000-101-2015-00275","장 독 대 (본점)","195754.610409148    ","456862.175077728    ","서울특별시 종로구 구기동 230-91 "
"3000000-101-2015-00278","후레쉬엎","197393.747563185    ","452408.438228843    ","서울특별시 종로구 내수동 71 경희궁의아침2단지 106호"
"3000000-101-2015-00279","에그마카슈","200163.533936465    ","453385.896458574    ","서울특별시 종로구 동숭동 1-55 "
"3000000-101-2015-00280","딴따라 포차 2","198761.229331333    ","451859.483692114    ","서울특별시 종로구 관철동 12-2 지상4층 "
"3000000-101-2015-00286","Cafe Ja(카페 자)","198928.776736747    ","451791.664335917    ","서울특별시 종로구 관철동 35-2 "
"3000000-101-2015-00289","토끼 숟가락","197650.653736722    ","452368.519288991    ","서울특별시 종로구 도렴동 60 "
"3000000-101-2015-00290","(주)엠에프지코리아 매드포갈릭 광화문디타워점","198068.926781947    ","452087.030190231    ","서울특별시 종로구 청진동 246 3층 306,307호 디타워 "
"3000000-101-2015-00292","경복궁 카페","197483.863351303    ","452845.787642226    ","서울특별시 종로구 통의동 67-2 지하1층 "
"3000000-101-2015-00295","소윤이네식당","199455.321850269    ","451983.721699126    ","서울특별시 종로구 종로3가 170 "
"3000000-101-2015-00302","열두달","199011.887907615    ","452302.767862898    ","서울특별시 종로구 익선동 166-54 1층 "
"3000000-101-2015-00303","동감","197393.747563185    ","452408.438228843    ","서울특별시 종로구 내수동 71 "
"3000000-101-2015-00306","카나르","199073.126911599    ","452582.279580829    ","서울특별시 종로구 익선동 58-1 "
"3000000-101-2015-00308","함박웃음식당","200302.068150883    ","453136.984698159    ","서울특별시 종로구 동숭동 1-147 지상1층 "
"3000000-101-2015-00311","이이돈가스","199973.075528216    ","452199.267633455    ","서울특별시 종로구 연지동 258-7 "
"3000000-101-2015-00314","아지트","198545.22241783     ","451854.820889784    ","서울특별시 종로구 관철동 43-8 "
"3000000-101-2015-00315","일품진진수라 광화문점","198213.955223154    ","452045.296742706    ","서울특별시 종로구 청진동 128 "
"3000000-101-2015-00317","독립밀방2","196445.656748824    ","452266.629324056    ","서울특별시 종로구 교북동 1-26 지상1층 "
"3000000-101-2015-00320","호반","198971.549652176    ","452334.390337151    ","서울특별시 종로구 낙원동 85-7 지상1층 "
"3000000-101-2015-00323","일미양구이","199075.804411587    ","452435.547515226    ","서울특별시 종로구 익선동 116-2 "
"3000000-101-2015-00324","일미양구이","199075.804411587    ","452435.547515226    ","서울특별시 종로구 익선동 117 "
"3000000-101-2015-00325","Forza(포르자)","198788.536133919    ","451930.151627442    ","서울특별시 종로구 관철동 6-5 "
"3000000-101-2015-00326","플라비 혜화점","200337.778669987    ","453200.150590768    ","서울특별시 종로구 동숭동 130-18 1층 "
"3000000-101-2015-00328","더솔 키친","197588.600313202    ","452991.40048157     ","서울특별시 종로구 통의동 3 1층 "
"3000000-101-2015-00329","폴리스 유한회사","198068.926781947    ","452087.030190231    ","서울특별시 종로구 청진동 246 2층 5호"
"3000000-101-2015-00331","이화 오하나(Ohana)","200636.256391967    ","452815.909842944    ","서울특별시 종로구 이화동 9-86 "
"3000000-101-2015-00334","더 마켓 키친 앤드 라더(The Market Kitchen & Larder)","197758.993026787    ","452053.420838552    ","서울특별시 종로구 당주동 30 지하1층 "
"3000000-101-2015-00335","늘솜김밥","198585.290764513    ","451888.132413651    ","서울특별시 종로구 관철동 19-19 "
"3000000-101-2015-00336","유유안(Yuyuan)","197758.993026787    ","452053.420838552    ","서울특별시 종로구 당주동 30 10층 "
"3000000-101-2015-00337","아키라 백, 서울(Akira Back, Seoul)","197758.993026787    ","452053.420838552    ","서울특별시 종로구 당주동 30 11층 "
"3000000-101-2015-00338","보칼리노&오울(Boccalino&OUL)","197758.993026787    ","452053.420838552    ","서울특별시 종로구 당주동 30 2층 "
"3000000-101-2015-00339","마루(Maru)","197758.993026787    ","452053.420838552    ","서울특별시 종로구 당주동 30 1층 "
"3000000-101-2015-00340","찰스 에이치(Charles H)","197758.993026787    ","452053.420838552    ","서울특별시 종로구 당주동 30 지하1층 "
"3000000-101-2015-00341","쥬스바(Juice Bar)","197758.993026787    ","452053.420838552    ","서울특별시 종로구 당주동 29 포시즌스호텔 7층 "
"3000000-101-2015-00342","대송참숯 광화문점","198213.955223154    ","452045.296742706    ","서울특별시 종로구 청진동 128 지하1층 B101,102,103호 "
"3000000-101-2015-00343","미로스페이스","197428.923002637    ","452041.177877529    ","서울특별시 종로구 신문로2가 1-153 3층 "
"3000000-101-2015-00344","지썸","199161.981418409    ","452119.98703864     ","서울특별시 종로구 돈의동 122-1 "
"3000000-101-2015-00346","크레파스","200637.385558984    ","452800.536279009    ","서울특별시 종로구 이화동 9-600 1, 2층 "
"3000000-101-2015-00347","신사감자탕&쭈꾸미","199745.039925794    ","452403.732064995    ","서울특별시 종로구 인의동 10 지상2층 "
"3000000-101-2015-00348","분더바 스토어","198541.198941364    ","452385.729496099    ","서울특별시 종로구 관훈동 195 지상1층 "
"3000000-101-2015-00349","어촌(생선구이)","199973.586488747    ","453814.889330448    ","서울특별시 종로구 혜화동 74-38 1층 "
"3000000-101-2015-00352","세검정 돈까스","196756.026862169    ","454807.403526642    ","서울특별시 종로구 부암동 208-37 "
"3000000-101-2015-00353","117파크","197342.144874709    ","452153.568549483    ","서울특별시 종로구 신문로2가 1-117 2층, 3층 "
"3000000-101-2015-00356","베이킹도우","198967.66219268     ","452947.103837377    ","서울특별시 종로구 원서동 156 지상1~3층 "
"3000000-101-2015-00357","공 기 식 당","197238.623866798    ","453114.215821676    ","서울특별시 종로구 통인동 46-5 "
"3000000-101-2015-00363","진서칼국수만두","197567.93800572     ","452276.454633376    ","서울특별시 종로구 내수동 167 대우빌딩 "
"3000000-101-2015-00365","차알 광화문주식회사","198068.926781947    ","452087.030190231    ","서울특별시 종로구 청진동 246 "
"3000000-101-2015-00366","동대문 허파집","198939.546796884    ","452149.966305842    ","서울특별시 종로구 낙원동 213-3 1층 "
"3000000-101-2015-00367","명참치","199016.8863453      ","452635.084966479    ","서울특별시 종로구 운니동 33 1층 "
"3000000-101-2015-00369","FLOW(플로우)","199118.329563916    ","452448.986713862    ","서울특별시 종로구 와룡동 172-2 1층 "
"3000000-101-2015-00371","운현궁설렁탕","198658.943470079    ","452604.254902527    ","서울특별시 종로구 경운동 89-4 운현궁SK허브 102동 101호"
"3000000-101-2015-00372","광화문24시감자탕","198115.258241124    ","452214.635529808    ","서울특별시 종로구 청진동 204-1 지상1층 "
"3000000-101-2015-00373","찍어떡볶이","200851.46055263     ","452370.599066604    ","서울특별시 종로구 창신동 651-3 "
"3000000-101-2015-00374","엔들리스 써머","197081.039819999    ","452831.636824096    ","서울특별시 종로구 필운동 50 1층 "
"3000000-101-2015-00375","현 닭매운탕","198745.839487019    ","452867.664266403    ","서울특별시 종로구 계동 144-1 지상1층 "
"3000000-101-2015-00378","뽀글 뚝배기 냠냠 비빔밥","199554.116133013    ","453978.179489681    ","서울특별시 종로구 명륜3가 2-24 1층 "
"3000000-101-2015-00379","이태리재","198315.679855723    ","452941.954713643    ","서울특별시 종로구 소격동 158-1 1층 "
"3000000-101-2015-00382","우드리","200008.271048271    ","452719.172976281    ","서울특별시 종로구 연건동 273-13 지상1층 "
"3000000-101-2015-00383","청국장밥","198307.121524119    ","453134.443470958    ","서울특별시 종로구 소격동 36 "
"3000000-101-2015-00385","씨커","199851.408109925    ","452271.42919572     ","서울특별시 종로구 연지동 199 1층 "
"3000000-101-2015-00386","더치앤빈 종로수송점","198271.843790307    ","452533.899674194    ","서울특별시 종로구 수송동 85 "
"3000000-101-2015-00389","당대일품","198213.955223154    ","452045.296742706    ","서울특별시 종로구 청진동 128 Tower 8 "
"3000000-101-2015-00390","복코돼지","200241.893318505    ","452052.794061278    ","서울특별시 종로구 종로5가 214-3 1층 "
"3000000-101-2015-00391","누에(neue)","200376.302485568    ","452883.23422655     ","서울특별시 종로구 동숭동 199-16 B1~1층 "
"3000000-101-2015-00394","도취","197022.482648628    ","453173.649444551    ","서울특별시 종로구 누상동 53-1 "
"3000000-101-2015-00396","익선잡방","198998.683661629    ","452343.353554976    ","서울특별시 종로구 익선동 166-80 1층 "
"3000000-101-2015-00399","시온 장터칼국수","200655.264983822    ","451987.379036287    ","서울특별시 종로구 종로6가 289-42 5층 신관동 504호"
"3000000-101-2015-00400","너랑나랑","197447.043820829    ","453007.44648503     ","서울특별시 종로구 통의동 91-47 "
"3000000-101-2015-00401","범 (Beom)","199116.939076364    ","452352.764440015    ","서울특별시 종로구 익선동 159 1층 가호"
"3000000-101-2015-00404","분더바","198552.241544432    ","452397.705935189    ","서울특별시 종로구 관훈동 192-47 1층 "
"3000000-101-2015-00405","남원추어탕","199266.622826067    ","451978.069083366    ","서울특별시 종로구 종로3가 140-2 "
"3000000-101-2015-00407","아미고그룹","197203.159353334    ","452307.865010949    ","서울특별시 종로구 신문로2가 1-251 "
"3000000-101-2015-00409","봉자씨","200655.264983822    ","451987.379036287    ","서울특별시 종로구 종로6가 289-42 5층 512호"
"3000000-101-2015-00410","뻐꾸기","200438.611234858    ","453124.447431236    ","서울특별시 종로구 동숭동 129-140 2층 "
"3000000-101-2015-00411","호호미역","198150.300374121    ","452019.212642931    ","서울특별시 종로구 종로1가 24 "
"3000000-101-2015-00415","깨비 치킨 노가리","199031.043494721    ","452432.998934808    ","서울특별시 종로구 익선동 127-4 지상1층 "
"3000000-101-2015-00416","안식당","197573.030749573    ","452175.335781858    ","서울특별시 종로구 당주동 100 세종빌딩 지하1층 139호 "
"3000000-101-2015-00419","라콜롬코리아 주식회사","200279.216755423    ","453107.344919532    ","서울특별시 종로구 동숭동 1-181 대학로 아트원씨어터 "
"3000000-101-2015-00420","전라도 맛집","200252.303686546    ","452205.707696948    ","서울특별시 종로구 효제동 226-2 1층 "
"3000000-101-2015-00421","(Moth:VO)모스보","199656.17691843     ","453747.095467237    ","서울특별시 종로구 명륜1가 98-1 2층 "
"3000000-101-2015-00422","토리고야","198611.681063148    ","451909.007503232    ","서울특별시 종로구 관철동 19-13 "
"3000000-101-2015-00425","온정옥 익선본점","199001.337063193    ","452421.814090164    ","서울특별시 종로구 익선동 130 1층 "
"3000000-101-2015-00426","나의집 찰솥밥","200354.514519487    ","452053.789292528    ","서울특별시 종로구 종로5가 231-2 지상1층 "
"3000000-101-2015-00428","신라스테이 광화문 cafe","198260.063190604    ","452262.484573124    ","서울특별시 종로구 수송동 156 G타워 8층 "
"3000000-101-2015-00429","신라스테이 광화문 bar","198260.063190604    ","452262.484573124    ","서울특별시 종로구 수송동 156 "
"3000000-101-2015-00430","자담치킨 종로1","198737.995871738    ","451900.765212592    ","서울특별시 종로구 관철동 13-8 1층 "
"3000000-101-2015-00432","카페 1993","199002.598212796    ","452432.970032547    ","서울특별시 종로구 익선동 131-2 "
"3000000-101-2015-00433","창신동 홍어집","200851.46055263     ","452370.599066604    ","서울특별시 종로구 창신동 651-3 1층 "
"3000000-101-2015-00434","주유별장 광화문점","198068.926781947    ","452087.030190231    ","서울특별시 종로구 청진동 246 D타워 4층 406호.407호 "
"3000000-101-2015-00437","산유화","198626.408471815    ","452499.386352775    ","서울특별시 종로구 관훈동 84-21 1층 "
"3000000-101-2015-00438","밀롱가(Milonga)","196764.936139847    ","454779.401631144    ","서울특별시 종로구 부암동 208-34 "
"3000000-101-2015-00442","은행골","199914.311618463    ","453283.984309084    ","서울특별시 종로구 명륜4가 146-1 "
"3000000-101-2015-00443","광화문 내커피","197595.161312175    ","452460.054621887    ","서울특별시 종로구 적선동 156 광화문 플래티넘 "
"3000000-101-2015-00446","심플리 플래터","197237.306379738    ","452211.803556528    ","서울특별시 종로구 신문로2가 1-196 "
"3000000-101-2015-00447","칠린","199874.261921666    ","453320.614535815    ","서울특별시 종로구 명륜4가 167-2 1층 "
"3000000-101-2015-00449","느낌가게 문득 창고문을 열다","199583.571185611    ","452601.043672693    ","서울특별시 종로구 원남동 206-1 1층 "
"3000000-101-2015-00450","자담치킨 종로점","198738.03566933     ","451910.389288384    ","서울특별시 종로구 관철동 13-9 1층 "
"3000000-101-2015-00452","1988 옛날통닭","198909.271958196    ","451791.439552661    ","서울특별시 종로구 관철동 37-2 지상1층 "
"3000000-101-2015-00453","헤르만의 정원","197221.528595054    ","453083.892651844    ","서울특별시 종로구 통인동 46-14 1층 "
"3000000-101-2015-00455","블루아워(BLUE HOUR)","198797.654661402    ","451848.180035467    ","서울특별시 종로구 관철동 7-16 지하1.2층 "
"3000000-101-2015-00456","서촌 치킨","196546.584901926    ","452265.703324058    ","서울특별시 종로구 행촌동 171-176 "
"3000000-101-2015-00457","최고의 맛집","200343.164289503    ","452635.961614533    ","서울특별시 종로구 이화동 97-9 1층 "
"3000000-101-2015-00459","하루에(HARUE)","197573.030749573    ","452175.335781858    ","서울특별시 종로구 당주동 100 지하1층142호 "
"3000000-101-2015-00461","오렌지나무","196301.805814445    ","456095.541459457    ","서울특별시 종로구 구기동 88-49 2층 "
"3000000-101-2015-00462","혜화랑","200175.729448833    ","453551.413797683    ","서울특별시 종로구 혜화동 163-16 "
"3000000-101-2015-00465","옛날순대","196467.975088253    ","452566.134030104    ","서울특별시 종로구 무악동 82 상가동 101호"
"3000000-101-2015-00466","이화(梨花)","197348.757046041    ","452955.492523469    ","서울특별시 종로구 통인동 149-5 "
"3000000-101-2015-00468","여수80","199198.098262011    ","452285.62338703     ","서울특별시 종로구 묘동 101 1층 "
"3000000-101-2016-00003","불백당","198600.297703408    ","451907.673521567    ","서울특별시 종로구 관철동 19-23 1층 "
"3000000-101-2016-00007","엄마손 맛집","199239.897409635    ","452168.420444872    ","서울특별시 종로구 묘동 34 B1층 "
"3000000-101-2016-00008","자담치킨 종로2호점","198737.995871738    ","451900.765212592    ","서울특별시 종로구 관철동 13-8 2.3.4층 "
"3000000-101-2016-00010","키친","197153.238151581    ","452979.787108838    ","서울특별시 종로구 누하동 146-2 지상1층 "
"3000000-101-2016-00013","베뉴지 레스토랑","199121.144814384    ","451827.704774757    ","서울특별시 종로구 관수동 124 "
"3000000-101-2016-00015","바루","198445.844184504    ","452399.701872726    ","서울특별시 종로구 견지동 71 지상5층 "
"3000000-101-2016-00017","한국통닭","198997.188081337    ","452087.352264705    ","서울특별시 종로구 낙원동 177 "
"3000000-101-2016-00019","익선동 야장 비","199006.673946375    ","452233.299150748    ","서울특별시 종로구 낙원동 132-2 지하1층 "
"3000000-101-2016-00021","쎈츄럴 부페","199302.818541341    ","451834.817165156    ","서울특별시 종로구 장사동 227-1 3층 "
"3000000-101-2016-00026","아띠 라이더스 클럽(ARTEE RIDERS CLUB)","198388.63023442     ","453004.7187222      ","서울특별시 종로구 화동 138-7 지하1층 "
"3000000-101-2016-00031","토담골","200311.852519362    ","452261.052312426    ","서울특별시 종로구 효제동 165 지상1층 "
"3000000-101-2016-00033","관훈갤러리 카페(Gallery Cafe)","198552.241544432    ","452397.705935189    ","서울특별시 종로구 관훈동 192-47 지상1층 "
"3000000-101-2016-00034","한식부페 반","197583.394691008    ","452513.612017871    ","서울특별시 종로구 적선동 122-1 지하 1층 "
"3000000-101-2016-00036","개비스 커피(GABBY'S COFFEE)","197479.822436554    ","452013.403992564    ","서울특별시 종로구 신문로1가 58-1 1층 101호"
"3000000-101-2016-00037","연빌리지Ⅱ","198760.858831985    ","451868.563344777    ","서울특별시 종로구 관철동 12-1 "
"3000000-101-2016-00041","상구비어","198737.995871738    ","451900.765212592    ","서울특별시 종로구 관철동 13-8 지층 "
"3000000-101-2016-00045","바오쯔","200054.536347119    ","453799.405797861    ",""
"3000000-101-2016-00048","6일닭강정","201301.99603031     ","452908.812363595    ","서울특별시 종로구 숭인동 53-9 "
"3000000-101-2016-00049","청진만남","199260.567888877    ","451964.457695861    ","서울특별시 종로구 장사동 1 1층 "
"3000000-101-2016-00051","브이아이피 참치 종로구청점","198260.063190604    ","452262.484573124    ","서울특별시 종로구 수송동 156 B1층 103,104호 "
"3000000-101-2016-00052","히바치광","196473.332658343    ","455808.978640669    ","서울특별시 종로구 신영동 242-2 1층 "
"3000000-101-2016-00056","아이비테라스 (IB TERRACE)","201949.270716491    ","452329.735166543    ",""
"3000000-101-2016-00057","또봉이통닭 경복궁점 & 새마을식당","197245.494046903    ","452668.607698393    ",""
"3000000-101-2016-00059","심경희라라랜드 광화문","198386.829870878    ","452237.303784872    ","서울특별시 종로구 견지동 110 1층 "
"3000000-101-2016-00060","책읽는고양이","200648.454639641    ","452832.039558424    ","서울특별시 종로구 이화동 9-70 1,2층 "
"3000000-101-2016-00061","백석, 흰 당나귀","197184.405230253    ","452920.347668983    ","서울특별시 종로구 누하동 260 2층 "
"3000000-101-2016-00062","영천생고기","196226.980999836    ","452529.725843295    ","서울특별시 종로구 무악동 45-75 1층 "
"3000000-101-2016-00064","석파랑 2.0","196318.780749808    ","455187.418978938    ","서울특별시 종로구 홍지동 133-3 1.2층 "
"3000000-101-2016-00068","올드 앤 와이즈","197411.165595466    ","452864.962932176    ","서울특별시 종로구 체부동 30 "
"3000000-101-2016-00069","쌍쌍운종가","198191.837309234    ","452118.121483934    ","서울특별시 종로구 청진동 142-3 "
"3000000-101-2016-00071","지어앤 (CHOEN)","200964.79966298     ","452280.836737877    ","서울특별시 종로구 창신동 581-30 1층 "
"3000000-101-2016-00078","곤지암소머리국밥","198901.619613483    ","452209.745850827    ","서울특별시 종로구 낙원동 233 "
"3000000-101-2016-00079","후니도니","198150.300374121    ","452019.212642931    ","서울특별시 종로구 종로1가 24 르메이에르지하1층 비113-5 "
"3000000-101-2016-00080","바흐르 서울","197372.556973049    ","452551.423991558    ","서울특별시 종로구 내자동 98 1층 "
"3000000-101-2016-00081","철문집","199652.817727188    ","453552.062000606    ","서울특별시 종로구 명륜3가 82-3 "
"3000000-101-2016-00082","싸다김밥 동묘역점","201350.473375538    ","452279.7442603      ","서울특별시 종로구 숭인동 310 1층101호 "
"3000000-101-2016-00083","서촌 백년화로","197747.60453393     ","452094.711464028    ","서울특별시 종로구 당주동 24-2 1층 "
"3000000-101-2016-00086","신승관","198150.300374121    ","452019.212642931    ","서울특별시 종로구 종로1가 24 르메이에르종로타운1  217,218호 "
"3000000-101-2016-00087","돈 불고기","199812.609633255    ","452132.648343993    ","서울특별시 종로구 인의동 48-2 효성주얼리시티 지하2층 에스에프2호"
"3000000-101-2016-00089","경성양꼬치","198624.885107842    ","451905.272637476    ","서울특별시 종로구 관철동 19-10 1-4층 "
"3000000-101-2016-00092","억조","200253.744704554    ","452198.176995861    ","서울특별시 종로구 효제동 226-1 2층 "
"3000000-101-2016-00093","자담치킨 종로5가점","199929.97630563     ","452116.030107568    ","서울특별시 종로구 인의동 46-1 1~2층 "
"3000000-101-2016-00096","청진옥","198117.379629688    ","452161.23287376     ","서울특별시 종로구 청진동 183-1 "
"3000000-101-2016-00097","오쏘파스타(OSSOPASTA)","200435.659757408    ","453138.335871769    ","서울특별시 종로구 동숭동 129-130 1층 "
"3000000-101-2016-00098","에디블","198616.555515782    ","452758.344397191    ","서울특별시 종로구 안국동 130 1층 "
"3000000-101-2016-00102","일미식당(2호점)","198921.316372634    ","452310.256279189    ","서울특별시 종로구 낙원동 93 1층 "
"3000000-101-2016-00104","썬더치킨","199930.39114687     ","452151.587658648    ","서울특별시 종로구 종로5가 116 1층 "
"3000000-101-2016-00105","수도원","200351.960931501    ","453271.004819246    ","서울특별시 종로구 동숭동 50-11 "
"3000000-101-2016-00106","후니도니","198150.300374121    ","452019.212642931    ","서울특별시 종로구 종로1가 24 B113-5 "
"3000000-101-2016-00107","경성상회","197420.220171561    ","452679.634773819    ","서울특별시 종로구 내자동 10 "
"3000000-101-2016-00109","대선 칼국수","197524.187842891    ","452766.601758852    ","서울특별시 종로구 통의동 35-41 2층 "
"3000000-101-2016-00110","서촌명가","197299.640482137    ","453744.523383122    ","서울특별시 종로구 청운동 75 "
"3000000-101-2016-00112","와인슈타인","197202.55394376     ","452763.87014477     ","서울특별시 종로구 필운동 108 3층 "
"3000000-101-2016-00115","김가네 동대문역점","200811.925354029    ","452162.569488435    ","서울특별시 종로구 창신동 696-1 1층 "
"3000000-101-2016-00117","푸드 가모스","200071.714164007    ","452436.379139978    ","서울특별시 종로구 효제동 62-4 1층 "
"3000000-101-2016-00119","크래프트루익선","198999.532203238    ","452308.806076849    ","서울특별시 종로구 익선동 166-57 1층 "
"3000000-101-2016-00123","풍농","200183.251729405    ","452714.737638122    ","서울특별시 종로구 이화동 184-3 "
"3000000-101-2016-00125","건축공방카페 휴(休)","200321.685230367    ","453416.923179047    ","서울특별시 종로구 동숭동 15 "
"3000000-101-2016-00126","목포낙지마을","201348.173077287    ","452084.029182007    ","서울특별시 종로구 창신동 394-1 1층 "
"3000000-101-2016-00127","창신육회 본점","200050.370176097    ","451998.64911811     ","서울특별시 종로구 종로5가 395-2 1층 "
"3000000-101-2016-00128","닭한마리","201757.335065238    ","452501.950505855    ","서울특별시 종로구 숭인동 183-1 1층 "
"3000000-101-2016-00129","크라운호프 종로점","198788.536133919    ","451930.151627442    ","서울특별시 종로구 관철동 6-5 1층 "
"3000000-101-2016-00134","구기동 야키토리","196229.181125586    ","456103.954032399    ","서울특별시 종로구 구기동 95-11 "
"3000000-101-2016-00135","대판","199140.959526059    ","452373.514383675    ","서울특별시 종로구 묘동 149-1 태종빌딩 202호"
"3000000-101-2016-00137","먹방스튜디오","200546.842666667    ","452819.477333333    ","서울특별시 종로구 이화동 9-151 1층 "
"3000000-101-2016-00138","양지식당","200548.26793941     ","452403.1472283      ","서울특별시 종로구 종로6가 205-1 1층 "
"3000000-101-2016-00139","양지식당 별관","200541.448869207    ","452400.618070643    ","서울특별시 종로구 종로6가 205-3 1층 "
"3000000-101-2016-00140","우르르","200569.200599787    ","452759.909244513    ","서울특별시 종로구 이화동 9-32 2층 "
"3000000-101-2016-00142","사직커피","196844.318628742    ","452392.297260663    ","서울특별시 종로구 사직동 303 1,2층 "
"3000000-101-2016-00143","나주곰탕","199070.053891487    ","451966.737050364    ","서울특별시 종로구 종로3가 110 1층 "
"3000000-101-2016-00144","나주곰탕","199073.355647227    ","451976.066371895    ","서울특별시 종로구 종로3가 112 1층 "
"3000000-101-2016-00145","夜秀(야수)","198930.116728102    ","452214.822827278    ","서울특별시 종로구 낙원동 229 2층 "
"3000000-101-2016-00150","고기꾼김춘배 종로직영점","198737.963708985    ","451864.041221302    ","서울특별시 종로구 관철동 12-23 5층 "
"3000000-101-2016-00153","책책","197414.925354227    ","452745.294998659    ","서울특별시 종로구 체부동 173 1층 "
"3000000-101-2016-00154","오마래","198975.166403081    ","452350.510321728    ","서울특별시 종로구 낙원동 82-9 1층 "
"3000000-101-2016-00155","라슈에뜨","197023.408258786    ","453197.137052233    ","서울특별시 종로구 옥인동 157-3 3층 "
"3000000-101-2016-00158","이토","200645.547961883    ","452865.29287204     ","서울특별시 종로구 이화동 9-444 1.2 "
"3000000-101-2016-00159","연흔 로스터스(YEONHEUN ROASTERS)","197306.772399566    ","452970.369825097    ","서울특별시 종로구 체부동 2-2 1층 "
"3000000-101-2016-00161","이태리총각 익선동","199021.329353161    ","452364.621974723    ","서울특별시 종로구 익선동 166-50 "
"3000000-101-2016-00163","잭아저씨족발보쌈 종로본점","198600.297703408    ","451907.673521567    ","서울특별시 종로구 관철동 19-23 1층 "
"3000000-101-2016-00166","칠돈가 광화문점","197810.870807816    ","452038.057388797    ","서울특별시 종로구 신문로1가 7-5 1층 "
"3000000-101-2016-00167","덕담","197713.264843734    ","451938.037703258    ","서울특별시 종로구 신문로1가 163 지하1층 12~14호 "
"3000000-101-2016-00168","동양백화점","197104.210590827    ","453130.050386146    ","서울특별시 종로구 누하동 77-15 1층 "
"3000000-101-2016-00170","코기토 cogito","200540.771182156    ","452829.258456123    ","서울특별시 종로구 이화동 9-721 "
"3000000-101-2016-00174","엄청 진지하게 ㅋㅋ랩","197259.211288356    ","453031.967158992    ","서울특별시 종로구 통인동 74 2층 "
"3000000-101-2016-00176","바닷가 작은 부엌 경희궁점","197258.437306384    ","451786.479083595    ","서울특별시 종로구 신문로2가 12-5 5층 "
"3000000-101-2016-00179","엘파소","199934.066943882    ","453343.711152057    ","서울특별시 종로구 명륜4가 74-1 "
"3000000-101-2016-00180","필운상회","197241.738075176    ","452730.163032747    ","서울특별시 종로구 필운동 154 1층 "
"3000000-101-2016-00183","해물데이트","197330.127993566    ","452511.399303743    ","서울특별시 종로구 내자동 174 2층 "
"3000000-101-2016-00184","스시 고메이","201359.53353905     ","452395.659064842    ","서울특별시 종로구 숭인동 76-115 롯데캐슬천지인 "
"3000000-101-2016-00188","남도식객","198516.552885717    ","452441.725643727    ","서울특별시 종로구 관훈동 165 "
"3000000-101-2016-00189","슈키","197374.605644374    ","452844.499775041    ","서울특별시 종로구 체부동 94 "
"3000000-101-2016-00194","서촌 닭갈비","197650.653736722    ","452368.519288991    ","서울특별시 종로구 도렴동 60 "
"3000000-101-2016-00198","나라회관","198316.676237511    ","452176.02542859     ","서울특별시 종로구 청진동 60 "
"3000000-101-2016-00199","즉석떡볶이 궁","198143.350695847    ","452665.870870336    ","서울특별시 종로구 사간동 126-6 광성빌딩 3층 "
"3000000-101-2016-00201","빽다방 동묘역점","201236.387180069    ","452252.944734329    ","서울특별시 종로구 창신동 315-1 1층 "
"3000000-101-2016-00202","동래일식","200820.411204476    ","452168.573383761    ","서울특별시 종로구 창신동 695-1 "
"3000000-101-2016-00203","라익선","199109.027759236    ","452420.869552965    ","서울특별시 종로구 익선동 108 1층 "
"3000000-101-2016-00207","본마켓","197181.393301659    ","452458.826651573    ","서울특별시 종로구 사직동 9 "
"3000000-101-2016-00210","플리퍼스","199057.438667705    ","452310.049868115    ","서울특별시 종로구 익선동 168-1 1층 "
"3000000-101-2016-00213","순남 시래기","198324.653631679    ","452252.812389497    ","서울특별시 종로구 수송동 58 B1층 127,129호 "
"3000000-101-2016-00219","전곱","198986.25965889     ","452271.409343949    ","서울특별시 종로구 낙원동 110 "
"3000000-101-2016-00223","남도식당","201628.577685127    ","452377.812460764    ","서울특별시 종로구 숭인동 228-4 1층 "
"3000000-101-2016-00230","구룡포 식당","198453.096462331    ","452290.70335322     ","서울특별시 종로구 견지동 95 1~3층 "
"3000000-101-2016-00231","(주)현초밥","199881.283064505    ","453331.775377779    ","서울특별시 종로구 명륜4가 166-1 1층 "
"3000000-101-2016-00232","종호네콩비지","200388.670589006    ","452023.922859399    ","서울특별시 종로구 종로5가 246-4 1층 "
"3000000-101-2016-00233","모던김밥 스페이스본","197181.393301659    ","452458.826651573    ","서울특별시 종로구 사직동 9 301동 B126호"
"3000000-101-2016-00236","종로 관북","198200.777590359    ","452212.096255702    ","서울특별시 종로구 청진동 2-4 2층 "
"3000000-101-2016-00240","주식회사 뼈탄집 2호점","197434.679306642    ","452698.531937732    ","서울특별시 종로구 체부동 57 2층 "
"3000000-101-2016-00241","몽키 꽈배기","198229.603220236    ","453242.569016769    ","서울특별시 종로구 팔판동 156 1층 "
"3000000-101-2016-00243","무무 돈까스","197713.264843734    ","451938.037703258    ","서울특별시 종로구 신문로1가 163 광화문오피시아빌딩 "
"3000000-101-2016-00245","케이에프씨(청계천점)","198284.392181266    ","451901.406014861    ","서울특별시 종로구 서린동 88 1층 "
"3000000-101-2016-00247","크러쉬버거앤펍","200211.616614499    ","452629.873057291    ","서울특별시 종로구 이화동 206-2 "
"3000000-101-2016-00248","풍년닭도리탕 종각직영점","198737.963708985    ","451864.041221302    ","서울특별시 종로구 관철동 12-23 2층 "
"3000000-101-2016-00249","코블러(cobbler)","197360.402411241    ","452557.291906648    ","서울특별시 종로구 내자동 157 "
"3000000-101-2016-00253","촌장집","197366.70449883     ","452693.006787173    ","서울특별시 종로구 체부동 195 "
"3000000-101-2016-00254","(주)마지","197350.524822771    ","452812.12914044     ","서울특별시 종로구 체부동 132-1 1층 "
"3000000-101-2016-00256","냐항인안국","198515.343537849    ","452819.060037418    ","서울특별시 종로구 안국동 65-1 "
"3000000-101-2016-00257","서촌 국시 한그릇","197133.649340442    ","453240.046555706    ","서울특별시 종로구 옥인동 41 2층 "
"3000000-101-2016-00258","FOWS (파우스)","198346.613789142    ","453434.826635785    ","서울특별시 종로구 삼청동 63-14 1,2층 "
"3000000-101-2016-00259","베테카텐(VETE CATTEN)","198279.101400481    ","453493.995343226    ","서울특별시 종로구 삼청동 147-20 1층 "
"3000000-101-2016-00261","소격동 60","198251.912892227    ","453143.282344258    ","서울특별시 종로구 소격동 60-2 1층 "
"3000000-101-2016-00262","아마스빈 상명대점","196023.58999141     ","455426.747556939    ","서울특별시 종로구 홍지동 20-9 1층 "
"3000000-101-2016-00263","씨트커피 (SYT)","199849.32604583     ","452243.759862564    ","서울특별시 종로구 인의동 48-1 1층 "
"3000000-101-2016-00264","라움","199764.69151091     ","452177.255224359    ","서울특별시 종로구 인의동 48-26 라마다호텔 "
"3000000-101-2016-00265","드림라이크 커피(Dreamlike coffee)","198087.676780206    ","451911.201334206    ","서울특별시 종로구 서린동 145-1 1층 "
"3000000-101-2016-00267","빅블루(Big Blue)","197374.347630839    ","452611.452584222    ","서울특별시 종로구 내자동 125-3 2층 "
"3000000-101-2016-00268","케이에프씨 대학로점","200133.133550839    ","453286.360943071    ","서울특별시 종로구 동숭동 1-27 1.2층 "
"3000000-101-2016-00269","고운돈","199046.311928779    ","452308.031813856    ","서울특별시 종로구 익선동 171-1 1,2층 "
"3000000-101-2016-00271","광희칼국수","198519.017603949    ","452279.039139375    ","서울특별시 종로구 견지동 88-8 1층 "
"3000000-101-2016-00279","고씨네 동해막국수","198579.418638382    ","452473.867891827    ","서울특별시 종로구 관훈동 67 1층 "
"3000000-101-2016-00282","스모어마켓","198375.209152133    ","452969.444014607    ","서울특별시 종로구 화동 137-5 1층 "
"3000000-101-2016-00284","클레볼브 랩 (Clevolve Lab)","198992.304767453    ","452333.439962073    ","서울특별시 종로구 익선동 166-83 1층 "
"3000000-101-2016-00285","커피랩35","200096.698367455    ","453849.994901788    ","서울특별시 종로구 혜화동 26-57 1층 "
"3000000-101-2016-00287","루드블랑","198176.159239663    ","452574.67151361     ","서울특별시 종로구 중학동 14 지하3층 A동 "
"3000000-101-2016-00289","홍콩반점0410 동묘역점","201350.473375538    ","452279.7442603      ","서울특별시 종로구 숭인동 310 대우디오빌2층206호 "
"3000000-101-2016-00290","더킹스커피","199846.281369735    ","453407.602954105    ","서울특별시 종로구 명륜2가 188 2~3층 "
"3000000-101-2016-00293","쉼","197290.642121314    ","452694.118314444    ","서울특별시 종로구 필운동 203 "
"3000000-101-2016-00294","혜화동 버거","200347.130977066    ","453203.269596973    ","서울특별시 종로구 동숭동 130-63 지하1층 "
"3000000-101-2016-00296","다리치커피","199188.053786637    ","452165.595789756    ","서울특별시 종로구 묘동 189-1 지층 "
"3000000-101-2016-00297","테라핀","198915.104663914    ","451816.181205183    ","서울특별시 종로구 관철동 35-6 "
"3000000-101-2016-00298","왕가토요닭","199681.666960379    ","453557.343195278    ","서울특별시 종로구 명륜2가 140-2 "
"3000000-101-2016-00299","어게인 리프레쉬 종각점","198815.887065267    ","451844.385687968    ","서울특별시 종로구 관철동 7-20 2.3층 "
"3000000-101-2016-00300","헬로 HeLLo(부성)","200430.611063622    ","452770.582175509    ","서울특별시 종로구 이화동 28-21 1층 "
"3000000-101-2016-00302","착한 불고기","199812.609633255    ","452132.648343993    ","서울특별시 종로구 인의동 48-2 효성주얼리시티 "
"3000000-101-2016-00304","체부동 수제비와 보리밥","197372.505011556    ","452833.081332047    ","서울특별시 종로구 체부동 99 "
"3000000-101-2016-00305","춘리(CHUN-LI)","197713.264843734    ","451938.037703258    ","서울특별시 종로구 신문로1가 163 제비층 제15호, 제16호 "
"3000000-101-2016-00309","몽블랑솜 익선동카페","199067.123784612    ","452360.809436814    ","서울특별시 종로구 익선동 166-24 1층 "
"3000000-101-2016-00310","신전떡볶이 상명대점","196122.808439736    ","455300.121740948    ","서울특별시 종로구 홍지동 47-4 1층 "
"3000000-101-2016-00313","팀트(TIMT)","197420.136968837    ","452292.168378997    ","서울특별시 종로구 내수동 110-33 지하1층 B01~B02 "
"3000000-101-2016-00314","포차어게인","198568.77792237     ","451891.299622979    ","서울특별시 종로구 관철동 19-20 3층 "
"3000000-101-2016-00316","국수의신","199337.49154311     ","452217.269232692    ","서울특별시 종로구 봉익동 38-9 1층 "
"3000000-101-2016-00317","체부동 잔치집 돼지갈비","197374.479784783    ","452693.525977988    ","서울특별시 종로구 체부동 194-2 1층 "
"3000000-101-2016-00323","보리마루 탭하우스","197615.185883684    ","452674.892856312    ","서울특별시 종로구 적선동 19 2층 "
"3000000-101-2016-00327","아트 트레블 에이치","199403.446367462    ","454141.946433936    ","서울특별시 종로구 명륜3가 1-121 1층 "
"3000000-101-2016-00328","반구정 민물장어","201282.378349367    ","452249.643664396    ","서울특별시 종로구 창신동 327-2 금호팔레스 "
"3000000-101-2016-00331","사미커피 동대문점","200506.17786848     ","452186.76584026     ","서울특별시 종로구 종로6가 150-3 "
"3000000-101-2016-00334","한국수 경복궁역점","197382.170939402    ","452947.546312792    ","서울특별시 종로구 통인동 148 1층 "
"3000000-101-2016-00337","한옥랑솜 익선동카페","199037.064570952    ","452324.773511861    ","서울특별시 종로구 익선동 166-40 1층 "
"3000000-101-2016-00339","익선돈까스","199104.937606422    ","452439.218433275    ","서울특별시 종로구 익선동 105 1층 "
"3000000-101-2016-00340","서촌시우식당","197242.564658723    ","452823.909525045    ","서울특별시 종로구 필운동 171 1층 "
"3000000-101-2016-00344","찜 콩","201133.324713812    ","452039.548429178    ","서울특별시 종로구 창신동 419-2 1층 "
"3000000-101-2016-00346","깡장집","198310.975117898    ","452198.549623196    ","서울특별시 종로구 청진동 50-2 2층 "
"3000000-101-2016-00349","조쉬윌로우커피","199791.558137093    ","452086.010385627    ","서울특별시 종로구 종로4가 14-1 2,3층 "
"3000000-101-2016-00350","장수삼계탕","199853.729688939    ","452290.671889771    ","서울특별시 종로구 연지동 177-3 1층 "
"3000000-101-2016-00351","제이스 킹커피 창덕궁점","198994.113864545    ","452721.733676362    ","서울특별시 종로구 운니동 14 1층 "
"3000000-101-2016-00352","꼬꼬순이","200269.360372491    ","452145.668143021    ","서울특별시 종로구 효제동 233-2 1층 "
"3000000-101-2016-00353","스톤케이크","199103.631938264    ","452511.104378954    ","서울특별시 종로구 와룡동 164-2 1층 "
"3000000-101-2016-00359","에일당","199052.911006349    ","452361.961917578    ","서울특별시 종로구 익선동 166-34 "
"3000000-101-2016-00361","산스","199066.659853381    ","452289.552977875    ","서울특별시 종로구 돈의동 26 1층 "
"3000000-101-2016-00362","청운토속집","196756.026862169    ","454807.403526642    ","서울특별시 종로구 부암동 208-37 "
"3000000-101-2016-00363","세운커피숍","199467.888632647    ","451999.860095289    ","서울특별시 종로구 종로3가 171 2층 "
"3000000-101-2016-00372","광화문 한옥집","197637.6027446      ","452274.751389446    ","서울특별시 종로구 내수동 1 지층 "
"3000000-101-2016-00374","모녀김밥","200029.636219586    ","451999.145161609    ","서울특별시 종로구 종로5가 395-4 1~2층 "
"3000000-101-2016-00375","질할브로스","198068.926781947    ","452087.030190231    ","서울특별시 종로구 청진동 246 D타워 1층 106호 "
"3000000-101-2016-00377","혜화 달 손만두,만두전골","199997.299849296    ","453770.207439777    ","서울특별시 종로구 혜화동 109-4 1층 101호 "
"3000000-101-2016-00378","메이탄","196804.965767041    ","451807.148330909    ","서울특별시 종로구 교남동 50-1 1.2층 "
"3000000-101-2016-00382","금용문","197637.6027446      ","452274.751389446    ","서울특별시 종로구 내수동 1 2층 "
"3000000-101-2016-00384","잘빠진 메밀 서순라길점","199179.478610773    ","452415.604027834    ","서울특별시 종로구 묘동 3-1 1층 "
"3000000-101-2016-00385","인도차이나","198992.985172674    ","452291.887375875    ","서울특별시 종로구 익선동 166-60 1층 "
"3000000-101-2016-00386","서촌오뎅","197333.625719471    ","452679.331110185    ","서울특별시 종로구 내자동 30 1층 "
"3000000-101-2016-00387","일품당 프리미엄","197637.6027446      ","452274.751389446    ","서울특별시 종로구 내수동 1 3층 "
"3000000-101-2016-00388","오렌지룸","198738.03566933     ","451910.389288384    ","서울특별시 종로구 관철동 13-9 3층 "
"3000000-101-2016-00389","그리드인","199166.406978371    ","451929.95817823     ","서울특별시 종로구 관수동 54-2 "
"3000000-101-2016-00390","빅파이브 종로점","198963.61017739     ","452139.796865021    ","서울특별시 종로구 낙원동 210 "
"3000000-101-2016-00395","10 막창","199101.118949447    ","452160.768847924    ","서울특별시 종로구 돈의동 102 1층 "
"3000000-101-2016-00397","미분당","199799.941178077    ","453354.639847989    ","서울특별시 종로구 명륜4가 188-4 1층 "
"3000000-101-2016-00399","그라피","198640.296304407    ","451931.65829484     ","서울특별시 종로구 관철동 18-3 3층 "
"3000000-101-2016-00400","힐링 유후","200243.327275344    ","453354.557438023    ","서울특별시 종로구 동숭동 1-74 3층 "
"3000000-101-2016-00401","나주소 나주곰탕","197554.291691975    ","452675.194665419    ","서울특별시 종로구 적선동 98 1층 "
"3000000-101-2016-00406","고가빈 커리하우스","197365.685131225    ","452287.468345713    ","서울특별시 종로구 내수동 110-48 3층 "
"3000000-101-2016-00409","일미육개장","198907.08738938     ","452323.295327367    ","서울특별시 종로구 낙원동 73 "
"3000000-101-2016-00410","아스펜","197380.795291083    ","452865.964683339    ","서울특별시 종로구 체부동 91-4 "
"3000000-101-2016-00411","7.8(칠점팔)","199006.213581503    ","452642.865447078    ","서울특별시 종로구 운니동 40 "
"3000000-101-2016-00413","쌍다리돼지불백(원남점)","199652.158338949    ","452437.931220509    ","서울특별시 종로구 원남동 270-2 1.2층 "
"3000000-101-2016-00415","스미스가 좋아하는 테라스","198283.125090365    ","453924.014455788    ","서울특별시 종로구 삼청동 11 B1층 "
"3000000-101-2016-00416","맘스터치","198549.377397696    ","451960.972726138    ","서울특별시 종로구 종로2가 102-1 2층 "
"3000000-101-2016-00421","광화문등심","198219.863095959    ","452170.272383646    ","서울특별시 종로구 청진동 18 2층 "
"3000000-101-2016-00424","스펙터","197251.420389585    ","453108.118552137    ","서울특별시 종로구 통인동 48-2 1층 "
"3000000-101-2016-00427","나미시부키","198213.955223154    ","452045.296742706    ","서울특별시 종로구 청진동 128 타워8 지층104-1 "
"3000000-101-2016-00433","옹끌르방 (ONCLE LEVAIN)","199065.347457685    ","452396.624967972    ","서울특별시 종로구 익선동 151 "
"3000000-101-2016-00436","곤드레밥(bob-gondre)","197256.964408066    ","452604.22294214     ","서울특별시 종로구 필운동 283 1층 "
"3000000-101-2016-00437","아바","200915.402674797    ","452361.925281768    ","서울특별시 종로구 창신동 582-6 1층 "
"3000000-101-2016-00438","순라길비비","199312.675333107    ","452297.562884056    ","서울특별시 종로구 봉익동 12-4 1층 "
"3000000-101-2016-00441","사발 한그릇","197465.223921125    ","452366.613899898    ","서울특별시 종로구 내수동 72 지하2층 경희궁의아침 3단지 B152호"
"3000000-101-2016-00443","기러기둥지","199050.316651706    ","452277.356571135    ","서울특별시 종로구 돈의동 33 "
"3000000-101-2016-00444","국수명가","198623.182915566    ","453097.169047215    ","서울특별시 종로구 가회동 208-7 "
"3000000-101-2016-00449","들다방","200240.29796585     ","453068.977048844    ","서울특별시 종로구 동숭동 1-131 3층 2호, 4층 "
"3000000-101-2016-00453","쿄코코 별관","199969.369133337    ","453364.634567483    ","서울특별시 종로구 명륜4가 70-3 "
"3000000-101-2016-00454","콩두부(KONG TOFU)","197181.393301659    ","452458.826651573    ","서울특별시 종로구 사직동 9 광화문 스페이스본 "
"3000000-101-2016-00455","평창육칼","197024.455731125    ","456775.899204411    ","서울특별시 종로구 평창동 533-4 "
"3000000-101-2016-00456","101번지 남산돈까스 종로타워점","198504.772723631    ","452018.161511911    ","서울특별시 종로구 종로2가 6 종로타워 지하1층 B104호"
"3000000-101-2016-00458","일인용( ) 1P( )","197164.566981172    ","452973.084528125    ","서울특별시 종로구 누하동 184-2 "
"3000000-101-2016-00459","소설(유랑소설)","198395.156821687    ","453634.812572776    ","서울특별시 종로구 삼청동 56 과수원 "
"3000000-101-2017-00002","혜화도담","199969.982103647    ","453413.359499158    ","서울특별시 종로구 명륜4가 48-2 "
"3000000-101-2017-00004","게이샤 커피","198598.893944447    ","452362.721076172    ","서울특별시 종로구 관훈동 192-15 "
"3000000-101-2017-00005","교남식당","196578.438801188    ","452129.33094623     ","서울특별시 종로구 교북동 101 동아아파트상가 1층110호 "
"3000000-101-2017-00006","창의문 뜰","196941.594044297    ","454495.763787326    ","서울특별시 종로구 부암동 247-1 1층 "
"3000000-101-2017-00011","사노(Sano)","201249.388154821    ","453112.292235688    ","서울특별시 종로구 창신동 1-83 1층 "
"3000000-101-2017-00012","만짱카츠","198150.300374121    ","452019.212642931    ","서울특별시 종로구 종로1가 24 르메이르종로타운 지하1층비101에이2호 "
"3000000-101-2017-00017","주식회사 현현 오무사지점","197065.264288018    ","453319.262839888    ","서울특별시 종로구 옥인동 47-56 1층 "
"3000000-101-2017-00018","이이엄","197057.826572613    ","453319.485082681    ","서울특별시 종로구 옥인동 47-57 1~2층 "
"3000000-101-2017-00020","프리시즌(preseason)","197512.308550363    ","452877.954565433    ","서울특별시 종로구 통의동 25-3 1~2층 "
"3000000-101-2017-00022","납짝갈비","199068.636616538    ","452579.07001134     ","서울특별시 종로구 익선동 58-2 1층 "
"3000000-101-2017-00024","서양집 혜화대학로본점","199971.079884139    ","453243.242818281    ","서울특별시 종로구 명륜4가 129 2층 "
"3000000-101-2017-00025","미스타교자 혜화점","199862.163691463    ","453488.80469015     ","서울특별시 종로구 명륜2가 168-1 1층 "
"3000000-101-2017-00026","고다","197713.264843734    ","451938.037703258    ","서울특별시 종로구 신문로1가 163 오피시아빌딩 지하1층 B020호"
"3000000-101-2017-00029","로쿠지","197342.707217976    ","452917.132522162    ","서울특별시 종로구 체부동 19-1 1층 "
"3000000-101-2017-00034","아도레 쿠치나","199866.528482001    ","453791.548022303    ","서울특별시 종로구 명륜1가 49 1층 "
"3000000-101-2017-00035","미도인 종로","198504.772723631    ","452018.161511911    ","서울특별시 종로구 종로2가 6 B2층 "
"3000000-101-2017-00036","통영항바다생협 종로점","199109.01162996     ","452037.164239488    ","서울특별시 종로구 종로3가 12-1 2층 "
"3000000-101-2017-00039","빠리가옥","199068.885595637    ","452336.412583991    ","서울특별시 종로구 익선동 166-26 1층 "
"3000000-101-2017-00040","원조 창신육회","200059.518840305    ","452020.795806521    ","서울특별시 종로구 종로5가 138-17 1층 "
"3000000-101-2017-00042","커피살롱","198360.548238973    ","452168.842960879    ","서울특별시 종로구 공평동 144 1층106호 "
"3000000-101-2017-00043","반포식스 대학로점","200178.262552147    ","453484.642323703    ","서울특별시 종로구 동숭동 1-11 "
"3000000-101-2017-00046","커피만 대학로점","200105.38591638     ","453452.370607054    ","서울특별시 종로구 혜화동 178-1 "
"3000000-101-2017-00047","히타토제면소","197050.157490246    ","453147.507814538    ","서울특별시 종로구 누상동 55-3 102호 "
"3000000-101-2017-00050","청진해물","198277.599730607    ","452200.56645835     ","서울특별시 종로구 청진동 41-2 "
"3000000-101-2017-00052","스시(海)해","196931.854196185    ","451813.489945391    ","서울특별시 종로구 평동 233 경희궁자이 3단지 3141호"
"3000000-101-2017-00053","해천어부","198968.833935967    ","452292.900090672    ","서울특별시 종로구 낙원동 111-2 청자빌딩 "
"3000000-101-2017-00054","알로로","198326.737278676    ","452940.08238074     ","서울특별시 종로구 소격동 157-3 "
"3000000-101-2017-00055","닥터푸드","201247.162300766    ","453053.668944479    ","서울특별시 종로구 창신동 20-3 1층 "
"3000000-101-2017-00056","이화수 전통육개장(정동점)","197258.437306384    ","451786.479083595    ","서울특별시 종로구 신문로2가 12-5 "
"3000000-101-2017-00057","신진 황소곱창","200367.091101753    ","452003.366332975    ","서울특별시 종로구 종로5가 225-1 "
"3000000-101-2017-00058","(주)브로젝스","198696.792161159    ","451962.68240104     ","서울특별시 종로구 종로2가 75-9 지하1층 2호"
"3000000-101-2017-00059","커피나인 종로구청","198230.844668726    ","452213.132146719    ","서울특별시 종로구 청진동 4-3 "
"3000000-101-2017-00060","키테","198924.493311656    ","451826.54074884     ","서울특별시 종로구 관철동 35-1 지하1층 "
"3000000-101-2017-00061","시그니처알(R)","199078.817887207    ","452349.807659336    ","서울특별시 종로구 익선동 166-6 1층 "
"3000000-101-2017-00064","한우 야시장","200190.538428257    ","452671.105770472    ","서울특별시 종로구 이화동 192-2 1.2층 "
"3000000-101-2017-00066","크리스탈제이드 서머셋점","198271.843790307    ","452533.899674194    ","서울특별시 종로구 수송동 85 1층103호 서머셋팰리스서울 "
"3000000-101-2017-00070","아비꼬 대학로점","200203.382555669    ","453354.538289057    ","서울특별시 종로구 동숭동 1-66 1층 "
"3000000-101-2017-00074","부산아구찜","199190.851137928    ","452155.029925614    ","서울특별시 종로구 묘동 190-1 "
"3000000-101-2017-00075","서촌두에 뜨라또리아","197354.849096499    ","453031.706909146    ","서울특별시 종로구 통인동 138-1 "
"3000000-101-2017-00077","효제금마루","200092.446768854    ","452436.011597811    ","서울특별시 종로구 효제동 65-2 "
"3000000-101-2017-00078","함박집","197573.030749573    ","452175.335781858    ","서울특별시 종로구 당주동 100 "
"3000000-101-2017-00080","서울깍두기 종로타워점","198504.772723631    ","452018.161511911    ","서울특별시 종로구 종로2가 6 "
"3000000-101-2017-00081","선데이아보 혜화","200185.106552273    ","452693.905087566    ","서울특별시 종로구 이화동 191 "
"3000000-101-2017-00082","치킨매니아(종로3가점)","198966.805968344    ","452027.574753972    ","서울특별시 종로구 종로2가 40 1층 "
"3000000-101-2017-00083","마이헝크(My Hunk)","199040.145439641    ","452451.842202561    ","서울특별시 종로구 익선동 94-3 지층1 "
"3000000-101-2017-00084","천년동안도","198921.316372634    ","452310.256279189    ","서울특별시 종로구 낙원동 93 "
"3000000-101-2017-00090","리드아트","199874.2506401      ","452642.073759724    ","서울특별시 종로구 원남동 52-2 "
"3000000-101-2017-00093","젠틀맨(gentlemen)","199143.468550812    ","452126.618963452    ","서울특별시 종로구 돈의동 119 1층 "
"3000000-101-2017-00094","가장맛있는 족발(동묘점)","201380.152505008    ","452291.856970378    ","서울특별시 종로구 숭인동 298-1 "
"3000000-101-2017-00100","KFC 광화문매장","197806.301584651    ","452135.395386305    ","서울특별시 종로구 세종로 161-1 1~2층 "
"3000000-101-2017-00106","명랑시대쌀핫도그","199045.298838868    ","451973.905769526    ","서울특별시 종로구 종로3가 108 "
"3000000-101-2017-00111","일품당","196964.992825522    ","455922.411907113    ","서울특별시 종로구 평창동 312-2 1층 "
"3000000-101-2017-00116","늑대식당","198205.80432382     ","452201.132641096    ","서울특별시 종로구 청진동 3-3 "
"3000000-101-2017-00123","데일리셔스(Dailicious)","197215.990057317    ","452256.378094949    ","서울특별시 종로구 신문로2가 1-104 2층202-3호 "
"3000000-101-2017-00125","또보겠지떡볶이집 파란파랑점","199914.311618463    ","453283.984309084    ","서울특별시 종로구 명륜4가 146-1 2층 "
"3000000-101-2017-00126","종가만두","199022.330295105    ","451854.267451877    ","서울특별시 종로구 관수동 145-1 1층 "
"3000000-101-2017-00127","어탕국수","201388.568961119    ","452079.728598704    ","서울특별시 종로구 창신동 395-19 1층 "
"3000000-101-2017-00129","케밥샵","198150.300374121    ","452019.212642931    ","서울특별시 종로구 종로1가 24 "
"3000000-101-2017-00130","신의주 부대찌개","198953.459354045    ","452978.997843711    ","서울특별시 종로구 원서동 159 "
"3000000-101-2017-00131","주식회사 테지움서울","201273.887781838    ","452163.292543039    ","서울특별시 종로구 창신동 328-18 "
"3000000-101-2017-00132","목원의 서촌가락","197209.465572475    ","453064.806226503    ","서울특별시 종로구 누하동 31 1층 "
"3000000-101-2017-00133","꾸까 광화문점","198151.921398354    ","452668.314186977    ","서울특별시 종로구 사간동 126-3 2층 "
"3000000-101-2017-00135","샤브#","197363.408326875    ","452676.899936912    ","서울특별시 종로구 내자동 24 1.2층 "
"3000000-101-2017-00137","보안1942","197600.253902222    ","452972.011758725    ","서울특별시 종로구 통의동 2-1 2층 "
"3000000-101-2017-00139","칼리가리 박사의 밀실","197363.408326875    ","452676.899936912    ","서울특별시 종로구 내자동 24 "
"3000000-101-2017-00140","빈티지","199293.450042176    ","452212.104968954    ","서울특별시 종로구 봉익동 118-1 1층 "
"3000000-101-2017-00143","와인이지","198742.659391924    ","452814.32796848     ","서울특별시 종로구 계동 146-1 2층1호 "
"3000000-101-2017-00145","여수서대","200615.750419465    ","452719.474159051    ","서울특별시 종로구 이화동 9-333 2층 "
"3000000-101-2017-00147","종로쭈꾸미","198952.543333654    ","451799.52172004     ","서울특별시 종로구 관수동 162 1층 "
"3000000-101-2017-00149","주식회사 한옥서울커피 익선점","199053.478766065    ","452333.471463119    ","서울특별시 종로구 익선동 166-31 1층 "
"3000000-101-2017-00150","슈뢰딩거","200424.69292314     ","453139.19222903     ","서울특별시 종로구 동숭동 129-133 1층 "
"3000000-101-2017-00151","공공재 커피클럽(OOJ.coffee.club)","198485.540338314    ","452807.400458672    ","서울특별시 종로구 안국동 45 1층102호 "
"3000000-101-2017-00152","어도어맨션","198329.68241387     ","453972.680107212    ","서울특별시 종로구 삼청동 26-4 1층 "
"3000000-101-2017-00155","백채김치찌개","196931.854196185    ","451813.489945391    ","서울특별시 종로구 평동 233 경희궁자이 3단지 "
"3000000-101-2017-00156","익선동 코다리맛집","199010.420526474    ","452533.297046941    ","서울특별시 종로구 익선동 29 1층 "
"3000000-101-2017-00157","온혜화","200257.983038037    ","453135.478054806    ","서울특별시 종로구 동숭동 1-137 "
"3000000-101-2017-00164","(주)농심 코코이찌방야 종로타워점","198504.772723631    ","452018.161511911    ","서울특별시 종로구 종로2가 6 지하2층213호 "
"3000000-101-2017-00165","데이지 익선","199070.180582941    ","452389.496485528    ","서울특별시 종로구 익선동 166-18 "
"3000000-101-2017-00166","피얼스(PEERS)","199663.829710877    ","453982.923342797    ","서울특별시 종로구 명륜1가 16-13 지하1층 "
"3000000-101-2017-00168","라플란드","198300.082625241    ","453406.588268007    ","서울특별시 종로구 팔판동 35-1 지하1층~1층 "
"3000000-101-2017-00169","역전포장마차 종각종로점","198749.18491262     ","451866.558647435    ","서울특별시 종로구 관철동 12-24 "
"3000000-101-2017-00174","매스커피 종각점","198297.181642525    ","452163.607689873    ","서울특별시 종로구 청진동 63-1 "
"3000000-101-2017-00175","솔솥 익선점","199063.924702653    ","452436.026382605    ","서울특별시 종로구 익선동 123-2 1층 "
"3000000-101-2017-00177","라밥 LABAB(종로점)","199080.706102448    ","451977.412087769    ","서울특별시 종로구 종로3가 113 "
"3000000-101-2017-00178","국일관호프","199082.022059717    ","451968.347036919    ","서울특별시 종로구 종로3가 114-1 "
"3000000-101-2017-00183","대장금 2호점","197559.791065754    ","452388.315239125    ","서울특별시 종로구 내수동 74 B106호"
"3000000-101-2017-00184","생활맥주 서대문경희궁자이점","196931.854196185    ","451813.489945391    ","서울특별시 종로구 평동 233 경희궁자이 3단지 "
"3000000-101-2017-00186","클럽 한국빌딩 을지","197013.975581299    ","454061.071977177    ","서울특별시 종로구 청운동 8-4 101호 "
"3000000-101-2017-00190","에이에이 (aa)","198357.454368302    ","453050.044343109    ","서울특별시 종로구 소격동 143 3층 "
"3000000-101-2017-00191","벌교 영양추어탕","199554.116133013    ","453978.179489681    ","서울특별시 종로구 명륜3가 2-24 1층 "
"3000000-101-2017-00192","오늘그대와 익선","199021.486954911    ","452342.888328069    ","서울특별시 종로구 익선동 166-48 "
"3000000-101-2017-00193","포로이 대학로","200285.112514425    ","453351.681389588    ","서울특별시 종로구 동숭동 1-83 2층 "
"3000000-101-2017-00196","뜨거울때 꽃이핀다","197070.00180299     ","453136.904792767    ","서울특별시 종로구 누하동 77-7 2층 "
"3000000-101-2017-00199","루스카(Ruska)","199068.541741225    ","452324.311791525    ","서울특별시 종로구 익선동 166-28 "
"3000000-101-2017-00203","때때롯 살롱","199037.105715332    ","452348.847141403    ","서울특별시 종로구 익선동 166-38 "
"3000000-101-2017-00207","오베르쥬(I'Auberge)","197385.718916251    ","452813.21115948     ","서울특별시 종로구 체부동 136 "
"3000000-101-2017-00210","서촌 금상고로케","197259.211288356    ","453031.967158992    ","서울특별시 종로구 통인동 74 1층 "
"3000000-101-2017-00216","핀란드프로젝트","196908.815100613    ","453116.505723017    ","서울특별시 종로구 누상동 32-2 "
"3000000-101-2017-00218","경복궁학교 협동조합","197288.633145983    ","453473.855293794    ","서울특별시 종로구 신교동 58-1 "
"3000000-101-2017-00221","VIP초밥","198260.063190604    ","452262.484573124    ","서울특별시 종로구 수송동 156 B1층 105호"
"3000000-101-2017-00222","대학로 칼국수","200105.38591638     ","453452.370607054    ","서울특별시 종로구 혜화동 178-1 "
"3000000-101-2017-00225","봉평옹심이막국수 메밀칼국수","197013.490218964    ","451678.787536538    ","서울특별시 종로구 평동 164 서울적십자병원 "
"3000000-101-2017-00226","익선동 고기집","199120.56228675     ","452342.34713168     ","서울특별시 종로구 익선동 160-2 1층 "
"3000000-101-2017-00228","비어하우스","198614.61995563     ","451842.501561085    ","서울특별시 종로구 관철동 155 1층 102호"
"3000000-101-2017-00232","광화문연가","196983.705226707    ","455934.241906515    ","서울특별시 종로구 평창동 310-3 "
"3000000-101-2017-00235","소울빌 챠오바","197382.885315081    ","452557.726266647    ","서울특별시 종로구 내자동 94 "
"3000000-101-2017-00237","시카노이에","197215.990057317    ","452256.378094949    ","서울특별시 종로구 신문로2가 1-104 신문로하우스 101호"
"3000000-101-2017-00238","수수커피 디타워","198068.926781947    ","452087.030190231    ","서울특별시 종로구 청진동 246 "
"3000000-101-2017-00240","검향각","197413.260397461    ","451896.027279239    ","서울특별시 종로구 신문로2가 92 "
"3000000-101-2017-00242","포브라더스 종로점","198504.772723631    ","452018.161511911    ","서울특별시 종로구 종로2가 6 종로타워 지하2층 210호"
"3000000-101-2017-00243","서울앤호텔","201770.687981914    ","452337.690748925    ","서울특별시 종로구 숭인동 202-13 "
"3000000-101-2017-00244","주식회사 티시스 엘꾸비또, 버거링맨","197482.205329945    ","451938.30792481     ","서울특별시 종로구 신문로1가 226 흥국생명빌딩 지하2층 "
"3000000-101-2017-00248","여유당둘 라이브카페(문화센터)","199002.58665583     ","452595.792877995    ","서울특별시 종로구 운니동 62-1 "
"3000000-101-2017-00250","소하염전","199021.349191781    ","452314.664714116    ","서울특별시 종로구 익선동 166-45 "
"3000000-101-2017-00252","상인정신","197695.669525769    ","452110.487747195    ","서울특별시 종로구 당주동 41 "
"3000000-101-2017-00253","난쏘공","196637.263724786    ","452294.301176883    ","서울특별시 종로구 행촌동 171-42 "
"3000000-101-2017-00254","셰프팝업 레스토랑","198068.926781947    ","452087.030190231    ","서울특별시 종로구 청진동 246 "
"3000000-101-2017-00256","오이지","199943.188785176    ","453280.835210603    ","서울특별시 종로구 명륜4가 142 1층 "
"3000000-101-2017-00257","극단예술마루","198659.155041999    ","452394.672702179    ","서울특별시 종로구 관훈동 21 인사아트플라자 "
"3000000-101-2017-00264","오는정 쪽갈비","197385.478858353    ","452676.050178151    ","서울특별시 종로구 내자동 20 "
"3000000-101-2017-00266","에브리데이 토스트","201681.545520946    ","452204.06673224     ","서울특별시 종로구 숭인동 232-29 동일상가, 1층 103호"
"3000000-101-2017-00268","스시조아 종로점","198575.614557683    ","451869.596952219    ","서울특별시 종로구 관철동 180 2층 "
"3000000-101-2017-00269","47번가 찻집","198557.921714355    ","452473.339473184    ","서울특별시 종로구 관훈동 72 "
"3000000-101-2017-00270","골든데이 & 카페","200100.301859185    ","452546.02892552     ","서울특별시 종로구 연건동 195-11 "
"3000000-101-2017-00273","반포식스 광화문점","197810.870807816    ","452038.057388797    ","서울특별시 종로구 신문로1가 7-5 "
"3000000-101-2017-00277","루프탑 어반가든","197637.6027446      ","452274.751389446    ","서울특별시 종로구 내수동 1 "
"3000000-101-2017-00278","정글","199063.924702653    ","452436.026382605    ","서울특별시 종로구 익선동 123-2 "
"3000000-101-2017-00282","광화문 고기집","197618.459740824    ","452311.285166273    ","서울특별시 종로구 내수동 4 "
"3000000-101-2017-00283","제주향토음식점 야우","198615.744403062    ","452351.438381875    ","서울특별시 종로구 관훈동 196-10 "
"3000000-101-2017-00284","고씨네 대학로점","200285.865437991    ","453215.079141585    ","서울특별시 종로구 동숭동 1-89 "
"3000000-101-2017-00285","느낌가게 문득 창고문을 열다","199839.728093534    ","453504.272575838    ","서울특별시 종로구 명륜2가 165 "
"3000000-101-2017-00288","엘 샌드위치(EL SANDWICH)","198213.955223154    ","452045.296742706    ","서울특별시 종로구 청진동 128 "
"3000000-101-2017-00289","니코키친","199223.360805413    ","452397.40818341     ","서울특별시 종로구 권농동 187-21 "
"3000000-101-2017-00290","삼포","199938.394948321    ","453805.179643767    ","서울특별시 종로구 명륜1가 46-9 "
"3000000-101-2017-00291","광화문고기집","197618.459740824    ","452311.285166273    ","서울특별시 종로구 내수동 4 "
"3000000-101-2017-00293","파스타 마켓","200042.35164953     ","453308.881613121    ","서울특별시 종로구 명륜4가 103-6 "
"3000000-101-2017-00294","호아드","198271.370804423    ","452879.509724726    ","서울특별시 종로구 사간동 5-1 "
"3000000-101-2017-00297","스시키마에","198324.653631679    ","452252.812389497    ","서울특별시 종로구 수송동 58 두산파빌리온 141호"
"3000000-101-2017-00298","때때로 고기","198922.059962012    ","451864.177215981    ","서울특별시 종로구 관철동 25 "
"3000000-101-2017-00300","가츠몽 경희궁자이점","196711.256846666    ","452060.860508565    ","서울특별시 종로구 홍파동 42-13 "
"3000000-101-2017-00301","신라당 익선","199040.468845126    ","452389.901947416    ","서울특별시 종로구 익선동 166-16 "
"3000000-101-2017-00302","수수붕","199084.54209296     ","452377.658602515    ","서울특별시 종로구 익선동 166-20 "
"3000000-101-2017-00304","쿠르가즈크릴 레스토랑(GURKHASGRILL RESTAURANT)","201134.476457497    ","452301.792729907    ","서울특별시 종로구 창신동 197-8 1,2층 "
"3000000-101-2017-00305","화로담","197702.267650695    ","452084.947931056    ","서울특별시 종로구 당주동 39-2 "
"3000000-101-2017-00306","동묘 양갈비&양꼬치","201350.473375538    ","452279.7442603      ","서울특별시 종로구 숭인동 310 종로대우디오빌 "
"3000000-101-2017-00309","핏제리아 파르코 (Pizzeria Parco)","200237.152864343    ","453428.860683713    ","서울특별시 종로구 동숭동 1-43 "
"3000000-101-2017-00311","한우공방","198549.410568112    ","452047.028312118    ","서울특별시 종로구 인사동 263 1층 "
"3000000-101-2017-00312","한성 본가","199879.052211717    ","454155.740224287    ","서울특별시 종로구 혜화동 10-17 "
"3000000-101-2017-00314","요쪽갈비찜","199103.558023629    ","452337.006772335    ","서울특별시 종로구 익선동 162 "
"3000000-101-2017-00316","함남집","200387.544613004    ","452016.784453428    ","서울특별시 종로구 종로5가 246-5 1층 "
"3000000-101-2017-00317","차이치","197372.217128012    ","452886.434978142    ","서울특별시 종로구 체부동 26 "
"3000000-101-2017-00321","시래기국밥","199903.450529938    ","452166.781168531    ","서울특별시 종로구 인의동 38 "
"3000000-101-2017-00322","엘 샌드위치(EL Sandwich)","198319.530651029    ","452529.361860205    ","서울특별시 종로구 수송동 36-2 "
"3000000-101-2017-00328","옥인다실","197328.740700267    ","453276.078990209    ","서울특별시 종로구 옥인동 19-30 "
"3000000-101-2017-00333","만족숯불갈비","201114.53353067     ","452295.485713102    ","서울특별시 종로구 창신동 197-6 "
"3000000-101-2017-00335","알로이막막(ALOEY-MAGMAG)","197330.09435785     ","452974.150986401    ","서울특별시 종로구 통인동 150-1 이솝어린이집 "
"3000000-101-2017-00336","착한코다리","196828.257138074    ","451745.290050169    ","서울특별시 종로구 교남동 29-2 "
"3000000-101-2017-00338","안나프르나산","201176.422969756    ","452198.434426133    ","서울특별시 종로구 창신동 330-5 "
"3000000-101-2017-00340","디큐 대학로점","200160.843138865    ","453254.952830343    ","서울특별시 종로구 동숭동 1-114 "
"3000000-101-2017-00341","리틀 스패로우","198322.290576514    ","453165.691441936    ","서울특별시 종로구 화동 83-2 "
"3000000-101-2017-00344","서울집시","199183.440906153    ","452526.662559034    ","서울특별시 종로구 권농동 182-6 "
"3000000-101-2017-00346","두드림","197348.44253811     ","452671.549044338    ","서울특별시 종로구 내자동 26 한빛빌딩 "
"3000000-101-2017-00347","아트몬스터 익선동점","199088.456645382    ","452367.268250263    ","서울특별시 종로구 익선동 165 "
"3000000-101-2017-00348","까치화방 종로점","198504.772723631    ","452018.161511911    ","서울특별시 종로구 종로2가 6 종로타워 "
"3000000-101-2017-00352","어비스","197392.616206275    ","452560.35790822     ","서울특별시 종로구 내자동 95-1 "
"3000000-101-2017-00353","아델라베일리Ⅱ","197305.91333191     ","454754.761079298    ","서울특별시 종로구 부암동 23-3 "
"3000000-101-2017-00354","돈돈정 그랑서울점","198286.311784052    ","452091.444332546    ","서울특별시 종로구 청진동 70 그랑서울 "
"3000000-101-2017-00355","사랑채","198991.002784609    ","451828.222399025    ","서울특별시 종로구 관수동 154-1 에덴빌딩 "
"3000000-101-2017-00359","포레 Foret","197412.671231253    ","453183.88002656     ","서울특별시 종로구 창성동 154 "
"3000000-101-2017-00360","20세기떡볶이충전소","201304.875567171    ","452063.594021632    ","서울특별시 종로구 창신동 393-18 "
"3000000-101-2017-00363","오키드35","198969.681051498    ","452982.307706215    ","서울특별시 종로구 원서동 152 "
"3000000-101-2017-00364","더구십사(THE 94)","197454.329462764    ","452965.551915803    ","서울특별시 종로구 통의동 94 "
"3000000-101-2017-00365","숙성의 미 껍데기 익선점","199147.630790112    ","452328.510227175    ","서울특별시 종로구 묘동 159-1 "
"3000000-101-2017-00367","란저우 우육면","196862.121060835    ","454499.818989199    ","서울특별시 종로구 부암동 260-1 "
"3000000-101-2017-00370","우연화","199078.030458352    ","452290.824588215    ","서울특별시 종로구 돈의동 23 "
"3000000-101-2017-00375","나무새","198521.967726622    ","452424.934702514    ","서울특별시 종로구 관훈동 182-1 "
"3000000-101-2017-00376","담은부엌","196931.854196185    ","451813.489945391    ","서울특별시 종로구 평동 43 경희궁자이 3단지 "
"3000000-101-2017-00378","이채","198685.822760707    ","452930.556806169    ","서울특별시 종로구 재동 54-8 "
"3000000-101-2017-00379","고려디자인(주)부미지점","199049.890948927    ","452735.876763711    ","서울특별시 종로구 와룡동 131 "
"3000000-101-2017-00382","김진목삼2호점","197446.341622811    ","452739.197617636    ","서울특별시 종로구 체부동 68 "
"3000000-101-2017-00384","살롱순라","199195.918873079    ","452429.562610159    ","서울특별시 종로구 권농동 187-7 "
"3000000-101-2017-00385","안주마을","200880.902193107    ","452363.783949934    ","서울특별시 종로구 창신동 582-3 1층 "
"3000000-101-2017-00386","베이징","201627.475436833    ","452363.525911978    ","서울특별시 종로구 숭인동 228-5 "
"3000000-101-2017-00393","행촌 7-1","196824.095413205    ","452230.078012339    ","서울특별시 종로구 행촌동 7-1 "
"3000000-101-2017-00396","덴고의 커피","197312.506231291    ","453674.225651611    ","서울특별시 종로구 청운동 113-3 "
"3000000-101-2017-00399","효제루","200126.766304313    ","452265.173517838    ","서울특별시 종로구 효제동 301-2 "
"3000000-101-2017-00408","대학로 흑백다방 CAFE","199972.881431778    ","453308.674806807    ","서울특별시 종로구 명륜4가 113-1 대학로스타시티빌딩 "
"3000000-101-2017-00409","빽돈 종로3가점","198886.422686721    ","452324.514879443    ","서울특별시 종로구 낙원동 65-1 "
"3000000-101-2017-00410","종로수제비","198150.300374121    ","452019.212642931    ","서울특별시 종로구 종로1가 24 르메이에르종로타운 "
"3000000-101-2017-00412","북촌칼국수","198557.921714355    ","452473.339473184    ","서울특별시 종로구 관훈동 72 "
"3000000-101-2017-00415","원창식당","197185.628198282    ","452711.970321829    ","서울특별시 종로구 필운동 120 "
"3000000-101-2017-00416","413프로젝트(413project)","197567.849954354    ","452567.159554494    ","서울특별시 종로구 적선동 80 적선현대빌딩 지하1층 57,58호"
"3000000-101-2017-00418","부암 곱창","196304.97547401     ","455356.958687957    ","서울특별시 종로구 홍지동 92-6 "
"3000000-101-2017-00419","트레바리 슈퍼마켙 안국","199119.675907849    ","452732.545380767    ","서울특별시 종로구 와룡동 21 창덕이십일 "
"3000000-101-2017-00420","더그릭(The Greek)","198143.350695847    ","452665.870870336    ","서울특별시 종로구 사간동 126-6 광성빌딩 "
"3000000-101-2017-00423","스타벅스종로R","198504.772723631    ","452018.161511911    ","서울특별시 종로구 종로2가 6 종로타워 "
"3000000-101-2017-00425","돈존 참나무 장작구이 2","198549.410568112    ","452047.028312118    ","서울특별시 종로구 인사동 263 2층 "
"3000000-101-2017-00432","미러볼커피스탠드","199721.821480628    ","452523.521449445    ","서울특별시 종로구 원남동 84-2 "
"3000000-101-2017-00434","등촌샤브칼국수","198150.300374121    ","452019.212642931    ","서울특별시 종로구 종로1가 24 르메이에르종로타운1 "
"3000000-101-2017-00435","문할로커피(Moonhalo coffee)","197330.175508538    ","453004.302910966    ","서울특별시 종로구 통인동 137-7 1층 에이동 "
"3000000-101-2017-00437","인생소머리국밥","197595.161312175    ","452460.054621887    ","서울특별시 종로구 적선동 156 광화문 플래티넘 제지1층 제비 104호"
"3000000-101-2017-00438","녁","198469.569673223    ","451906.222979073    ","서울특별시 종로구 관철동 260 "
"3000000-101-2017-00439","룸파이브 로스트웍스(room5 roastworks)","197052.674990435    ","452500.13557172     ","서울특별시 종로구 사직동 228 "
"3000000-101-2018-00004","평창동 칼국수","196718.947490682    ","455820.451681163    ","서울특별시 종로구 평창동 595 갑을아파트 "
"3000000-101-2018-00005","코나헤이븐","199751.041966644    ","454122.599146847    ","서울특별시 종로구 명륜1가 26-3 도광루미네스트 "
"3000000-101-2018-00006","팔마(PALMA)","197250.98501201     ","452823.11477994     ","서울특별시 종로구 필운동 170 "
"3000000-101-2018-00007","제이블랑","197465.223921125    ","452366.613899898    ","서울특별시 종로구 내수동 72 경희궁의아침 3단지 "
"3000000-101-2018-00010","롤링파스타 대학로점","200242.359769282    ","453256.488951828    ","서울특별시 종로구 동숭동 1-97 스타리움빌딩 "
"3000000-101-2018-00011","리베르","198347.099198651    ","453007.48617176     ","서울특별시 종로구 소격동 144-6 "
"3000000-101-2018-00012","루미아 D&P카페","201895.419403144    ","452395.129773561    ","서울특별시 종로구 숭인동 1405 "
"3000000-101-2018-00016","펠트 광화문점","198068.926781947    ","452087.030190231    ","서울특별시 종로구 청진동 246 D타워 "
"3000000-101-2018-00018","매머드 익스프레스 종로구청북부점","198082.271192221    ","452431.827349994    ","서울특별시 종로구 수송동 130 "
"3000000-101-2018-00019","아구일번지","198852.146482137    ","452439.240277837    ","서울특별시 종로구 낙원동 14 긍정빌딩 "
"3000000-101-2018-00021","무사히 (MUSAHI)","196923.827647903    ","453242.589002419    ","서울특별시 종로구 누상동 1-1 이원명가 지층 B01호 "
"3000000-101-2018-00022","빌라 피렌체","199021.663798712    ","452325.070841778    ","서울특별시 종로구 익선동 166-46 "
"3000000-101-2018-00024","아뻬서울","200037.301779363    ","453888.244142593    ","서울특별시 종로구 혜화동 71-10 "
"3000000-101-2018-00025","모브","197255.055395451    ","452553.656279032    ","서울특별시 종로구 필운동 292 "
"3000000-101-2018-00026","박가네 빈대떡","200047.252375315    ","452019.978642717    ","서울특별시 종로구 종로5가 138-16 "
"3000000-101-2018-00032","스시쿠니","196931.854196185    ","451813.489945391    ","서울특별시 종로구 평동 43 경희궁자이 3단지 3133호"
"3000000-101-2018-00034","익선칼라","199021.414240923    ","452353.201505922    ","서울특별시 종로구 익선동 166-49 "
"3000000-101-2018-00036","싸움의 고수","199700.315648683    ","453556.088443391    ","서울특별시 종로구 명륜2가 142-2 "
"3000000-101-2018-00037","카페 호미","198153.04455191     ","452851.204245035    ","서울특별시 종로구 사간동 66 영정빌딩 "
"3000000-101-2018-00038","브루클린 더 버거 조인트 광화문 디타워점","198068.926781947    ","452087.030190231    ","서울특별시 종로구 청진동 246 D타워 123,124,125호 "
"3000000-101-2018-00040","유도리야(屋)","198651.119766996    ","451931.50837289     ","서울특별시 종로구 관철동 18-13 "
"3000000-101-2018-00044","바다수심 3미터 신설동역점","201875.544322501    ","452573.552798587    ","서울특별시 종로구 숭인동 1063 수도학원 "
"3000000-101-2018-00046","광화문 우육면","198150.300374121    ","452019.212642931    ","서울특별시 종로구 종로1가 24 르메이에르종로타운 "
"3000000-101-2018-00050","수자네","196335.544501195    ","456022.062837541    ","서울특별시 종로구 구기동 60 "
"3000000-101-2018-00054","봉추찜닭 종로타워점","198504.772723631    ","452018.161511911    ","서울특별시 종로구 종로2가 6 종로타워 "
"3000000-101-2018-00058","공사공삼(0403) 광화문점","197650.653736722    ","452368.519288991    ","서울특별시 종로구 도렴동 60 도렴빌딩 "
"3000000-101-2018-00060","제이","198758.698435007    ","451832.627163341    ","서울특별시 종로구 관철동 11-1 "
"3000000-101-2018-00061","익선크림","198996.722503186    ","452369.119330566    ","서울특별시 종로구 익선동 166-77 "
"3000000-101-2018-00063","산젠","199926.828242584    ","453390.233294943    ","서울특별시 종로구 명륜4가 64-5 "
"3000000-101-2018-00071","이층양옥","199082.688011461    ","452406.849323163    ","서울특별시 종로구 익선동 110-4 "
"3000000-101-2018-00072","무위낙원","198989.37881794     ","452351.192689099    ","서울특별시 종로구 낙원동 82-6 "
"3000000-101-2018-00073","온스(OUNCE)","198939.041792385    ","452351.066116052    ","서울특별시 종로구 낙원동 59-1 "
"3000000-101-2018-00074","아리디(R.ed)","197194.763165678    ","454683.560689533    ","서울특별시 종로구 부암동 29-16 "
"3000000-101-2018-00075","서대문곰탕","196820.633485131    ","451754.845934195    ","서울특별시 종로구 교남동 30 "
"3000000-101-2018-00077","숙달돼지 종각점","198527.201079961    ","451901.155059874    ","서울특별시 종로구 관철동 43-15 "
"3000000-101-2018-00078","돈까스 광장","200156.418976973    ","452051.431532975    ","서울특별시 종로구 종로5가 182-2 "
"3000000-101-2018-00079","파주감악산대학로점","200123.437670579    ","453357.294678965    ","서울특별시 종로구 동숭동 1-31 동덕빌딩 "
"3000000-101-2018-00080","크래프트88","198296.878758885    ","453881.315042773    ","서울특별시 종로구 삼청동 127 "
"3000000-101-2018-00082","왕십리황소곱창","199128.184294304    ","452344.232711213    ","서울특별시 종로구 익선동 160-1 "
"3000000-101-2018-00083","파티오33 (PATIO33)","199862.935606468    ","453551.082167922    ","서울특별시 종로구 명륜2가 8-34 "
"3000000-101-2018-00086","홍스비어(HONG'S BEER)","198624.969926753    ","451912.533960269    ","서울특별시 종로구 관철동 19-12 "
"3000000-101-2018-00087","라무진 서대문역점","196931.854196185    ","451813.489945391    ","서울특별시 종로구 평동 43 경희궁자이 3단지 "
"3000000-101-2018-00093","탁트인","198143.350695847    ","452665.870870336    ","서울특별시 종로구 사간동 126-6 광성빌딩 "
"3000000-101-2018-00094","가부","199923.202328713    ","453965.35836165     ","서울특별시 종로구 혜화동 16-8 "
"3000000-101-2018-00097","종로은행나무집","198876.665113194    ","451823.693512537    ","서울특별시 종로구 관철동 33-3 신영빌딩 "
"3000000-101-2018-00098","종로은행나무집","198876.665113194    ","451823.693512537    ","서울특별시 종로구 관철동 33-3 신영빌딩 "
"3000000-101-2018-00099","진심","197179.89834258     ","453062.348736479    ","서울특별시 종로구 누하동 44 누하동주택 "
"3000000-101-2018-00101","생활맥주 대학로 좁은골목점","199904.561030606    ","453378.897328719    ","서울특별시 종로구 명륜4가 61-3 "
"3000000-101-2018-00102","백소정 종각점","198686.19085244     ","451852.05285101     ","서울특별시 종로구 관철동 12-13 동출빌딩 "
"3000000-101-2018-00103","스시소라 광화문점","198150.300374121    ","452019.212642931    ","서울특별시 종로구 종로1가 24 르메이에르종로타운 "
"3000000-101-2018-00106","황태해장국","198901.619613483    ","452209.745850827    ","서울특별시 종로구 낙원동 233 "
"3000000-101-2018-00110","맘스키친(mom's kitchen)","196791.150993539    ","454517.364202652    ","서울특별시 종로구 부암동 274-1 "
"3000000-101-2018-00111","랭스터디카페 대학로점","200176.862281115    ","453332.098907046    ","서울특별시 종로구 동숭동 1-63 "
"3000000-101-2018-00114","옛날통닭 별관","200976.072317154    ","452158.429262147    ","서울특별시 종로구 창신동 510-3 "
"3000000-101-2018-00115","마님","199645.953967131    ","453917.307778429    ","서울특별시 종로구 명륜1가 16-57 "
"3000000-101-2018-00117","자스(jass)","198347.274105116    ","452536.876742889    ","서울특별시 종로구 수송동 16-1 "
"3000000-101-2018-00119","제이제이(JJ)","197465.223921125    ","452366.613899898    ","서울특별시 종로구 내수동 72 경희궁의아침 3단지 "
"3000000-101-2018-00122","청수당","199028.135551197    ","452400.396035344    ","서울특별시 종로구 익선동 144 "
"3000000-101-2018-00124","마타","198774.481597379    ","452142.579476567    ","서울특별시 종로구 인사동 133 "
"3000000-101-2018-00126","종로 보양","200377.050247078    ","452113.377466427    ","서울특별시 종로구 종로5가 17-1 "
"3000000-101-2018-00128","라프레 서촌점","197100.758115245    ","453166.422580396    ","서울특별시 종로구 옥인동 108 "
"3000000-101-2018-00130","홍금식당","201276.672713985    ","452735.604634862    ","서울특별시 종로구 창신동 23-74 "
"3000000-101-2018-00132","김밥친구국수","199812.609633255    ","452132.648343993    ","서울특별시 종로구 인의동 48-2 효성주얼리시티 "
"3000000-101-2018-00134","하영슈퍼","200266.289327676    ","452029.342611169    ","서울특별시 종로구 종로5가 214-6 "
"3000000-101-2018-00136","헤비스테이크 종로구청점","198125.617854915    ","452230.431619674    ","서울특별시 종로구 청진동 216-1 "
"3000000-101-2018-00137","경성치킨","198363.890705374    ","452545.905369754    ","서울특별시 종로구 수송동 14 "
"3000000-101-2018-00138","앨리스 김밥","199003.460155451    ","452574.992954032    ","서울특별시 종로구 익선동 24 "
"3000000-101-2018-00141","더스트 인터내셔널","201307.765780409    ","452966.328296684    ","서울특별시 종로구 숭인동 10-14 "
"3000000-101-2018-00142","마홍","199067.782082659    ","452347.196372121    ","서울특별시 종로구 익선동 166-25 "
"3000000-101-2018-00143","호아드","198262.870311426    ","452877.847798238    ","서울특별시 종로구 사간동 7 "
"3000000-101-2018-00144","자하1993 (ZAHA1993)","196926.363797891    ","454514.685517186    ","서울특별시 종로구 부암동 245-5 "
"3000000-101-2018-00145","전주밥차","198176.159239663    ","452574.67151361     ","서울특별시 종로구 중학동 14 트윈 트리 빌딩 "
"3000000-101-2018-00147","한옥달","197446.341622811    ","452739.197617636    ","서울특별시 종로구 체부동 68 "
"3000000-101-2018-00149","봉쥬떡볶이","200034.413690705    ","453500.615534808    ","서울특별시 종로구 명륜2가 24-4 "
"3000000-101-2018-00151","우직","197240.089222657    ","452719.37032371     ","서울특별시 종로구 필운동 153-1 "
"3000000-101-2018-00152","곧은","198575.614557683    ","451869.596952219    ","서울특별시 종로구 관철동 180 스타골드빌딩 "
"3000000-101-2018-00153","마미청국장","200306.150067478    ","453430.169402628    ","서울특별시 종로구 동숭동 18-2 "
"3000000-101-2018-00154","콘텍스트","198278.223050226    ","453425.071361931    ","서울특별시 종로구 팔판동 23-1 "
"3000000-101-2018-00156","주식회사 갈다","198344.466561993    ","453925.32032015     ","서울특별시 종로구 삼청동 25-9 "
"3000000-101-2018-00158","종로 스테이크 더 안심","198977.635837313    ","452421.764220421    ","서울특별시 종로구 익선동 137-2 "
"3000000-101-2018-00160","텐바","200506.17786848     ","452186.76584026     ","서울특별시 종로구 종로6가 150-3 "
"3000000-101-2018-00162","명륜 진사갈비 동묘점","201098.949399884    ","452257.884478624    ","서울특별시 종로구 창신동 170-1 "
"3000000-101-2018-00163","명륜 진사갈비 동묘점","201104.485941484    ","452249.32466596     ","서울특별시 종로구 창신동 173 "
"3000000-101-2018-00164","하타고(HATAGO)","198797.815432789    ","452231.193562946    ","서울특별시 종로구 인사동 34-2 "
"3000000-101-2018-00165","고수 초밥","197181.393301659    ","452458.826651573    ","서울특별시 종로구 사직동 9 광화문 풍림스페이스본 "
"3000000-101-2018-00166","아크","199075.804411587    ","452435.547515226    ","서울특별시 종로구 익선동 117 "
"3000000-101-2018-00167","교남김밥","196931.854196185    ","451813.489945391    ","서울특별시 종로구 평동 233 경희궁자이 3단지 "
"3000000-101-2018-00168","123젤라또 광장시장점","200074.303850157    ","452018.123081293    ","서울특별시 종로구 종로5가 138-23 "
"3000000-101-2018-00169","양탄집","197447.213277721    ","452719.388550378    ","서울특별시 종로구 체부동 60-2 "
"3000000-101-2018-00170","단물곤물 광화문점","198176.159239663    ","452574.67151361     ","서울특별시 종로구 중학동 14 트윈 트리 빌딩 "
"3000000-101-2018-00174","브롱스","199870.454151688    ","453349.678047111    ","서울특별시 종로구 명륜4가 171 "
"3000000-101-2018-00175","위워크코리아 유한회사 위워크 광화문","198101.593328721    ","452496.362099822    ","서울특별시 종로구 중학동 19 더케이트윈타워 "
"3000000-101-2018-00176","무청 감자탕","198542.419445333    ","451889.984737622    ","서울특별시 종로구 관철동 43-6 "
"3000000-101-2018-00182","주식회사 오이시이","201248.735320167    ","452724.31039233     ","서울특별시 종로구 창신동 23-51 "
"3000000-101-2018-00184","밀 토스트","199081.376565795    ","452311.819869077    ","서울특별시 종로구 돈의동 21-3 "
"3000000-101-2018-00185","플럼피 브런치 (Plumpy Brunch)","200359.681770425    ","453142.843100253    ","서울특별시 종로구 동숭동 130-43 "
"3000000-101-2018-00186","벌툰","200259.173497292    ","453256.205840375    ","서울특별시 종로구 동숭동 1-96 "
"3000000-101-2018-00188","(주)보돌에프엔비 보돌미역 종로타워점","198504.772723631    ","452018.161511911    ","서울특별시 종로구 종로2가 6 종로타워 "
"3000000-101-2018-00190","월(WOL)","198332.202811754    ","453303.843372451    ","서울특별시 종로구 화동 48 "
"3000000-101-2018-00191","오한수 우육면가 르메이에르점","198150.300374121    ","452019.212642931    ","서울특별시 종로구 종로1가 24 르메이에르종로타운 "
"3000000-101-2018-00193","옛날통닭","200478.252513573    ","452115.877229288    ","서울특별시 종로구 종로5가 2-5 "
"3000000-101-2018-00194","메밀란","198506.595992919    ","452417.781152616    ","서울특별시 종로구 관훈동 176 "
"3000000-101-2018-00196","부암동 테리야끼","196754.269078578    ","454949.133993455    ","서울특별시 종로구 부암동 148-25 "
"3000000-101-2018-00198","(주)지오쿠치나 익선","199052.605517429    ","452375.407574126    ","서울특별시 종로구 익선동 166-35 "
"3000000-101-2018-00199","통인스윗팩토리","197190.006530926    ","452977.797821543    ","서울특별시 종로구 누하동 187 "
"3000000-101-2018-00200","연지돈","199936.25115352     ","452244.057842132    ","서울특별시 종로구 연지동 239-2 "
"3000000-101-2018-00205","스윗샐러드","198101.593328721    ","452496.362099822    ","서울특별시 종로구 중학동 19 더케이트윈타워 "
"3000000-101-2018-00206","이나닭강정 안국","198690.658978281    ","452665.844737685    ","서울특별시 종로구 경운동 91-1 서원빌딩 "
"3000000-101-2018-00209","마칸틴","198262.536925811    ","453435.382335985    ","서울특별시 종로구 팔판동 105-2 "
"3000000-101-2018-00210","통식당","199303.949211195    ","452160.847076944    ","서울특별시 종로구 봉익동 136 "
"3000000-101-2018-00211","오한수 우육면가 광화문 본점","198076.878950513    ","452402.195269511    ","서울특별시 종로구 수송동 146-1 이마빌딩 "
"3000000-101-2018-00212","창신반찬","200979.578498126    ","452254.887579445    ","서울특별시 종로구 창신동 580-7 "
"3000000-101-2018-00213","도량","197501.789671463    ","452853.269214081    ","서울특별시 종로구 통의동 35-12 백송빌딩 "
"3000000-101-2018-00215","크레이지후라이 광화문점","198101.593328721    ","452496.362099822    ","서울특별시 종로구 중학동 19 더케이트윈타워 "
"3000000-101-2018-00216","눈치 닭발","199975.209783706    ","452150.879648724    ","서울특별시 종로구 종로5가 104-12 "
"3000000-101-2018-00217","체부동잔치집 감자탕 보쌈","197426.508971549    ","452664.098271486    ","서울특별시 종로구 내자동 13 1층 "
"3000000-101-2018-00218","(주)헤비스테이크 안국역점","198742.659391924    ","452814.32796848     ","서울특별시 종로구 계동 146-1 "
"3000000-101-2018-00220","엄마밥더줘","196444.558512343    ","455996.128787691    ","서울특별시 종로구 신영동 249-6 1층 "
"3000000-101-2018-00221","서로재","198741.559669653    ","453098.066228174    ","서울특별시 종로구 계동 81 "
"3000000-101-2018-00222","육미쭈꾸미","198564.267926384    ","452079.873784197    ","서울특별시 종로구 인사동 255-5 "
"3000000-101-2018-00223","브알라 대학로점","200219.241557773    ","453384.373630273    ","서울특별시 종로구 동숭동 1-52 "
"3000000-101-2018-00226","하이디라오 대학로점","200113.874740135    ","453549.526436303    ","서울특별시 종로구 혜화동 90-18 석정홀딩스 빌딩 "
"3000000-101-2018-00227","죽이야기 경희궁자이점","196522.366959975    ","452140.273047242    ","서울특별시 종로구 교북동 12-1 경희궁자이 4단지 "
"3000000-101-2018-00232","아키비스트(Archivist)","197517.008955782    ","453324.317111648    ","서울특별시 종로구 효자동 164-7 "
"3000000-101-2018-00234","뱅(Bang)","198758.210751266    ","452341.861197754    ","서울특별시 종로구 인사동 8-6 "
"3000000-101-2018-00236","베스트웨스턴 종로(인사동)","199006.673946375    ","452233.299150748    ","서울특별시 종로구 낙원동 132-2 "
"3000000-101-2018-00237","온지음","197579.120246448    ","453134.579956081    ","서울특별시 종로구 창성동 17-1 온지음 "
"3000000-101-2018-00238","오뎅사케","197724.940203039    ","452106.79376039     ","서울특별시 종로구 당주동 42-2 "
"3000000-101-2018-00239","틴(tiiin)","197360.45048834     ","452811.257763924    ","서울특별시 종로구 체부동 133 "
"3000000-101-2018-00240","기꾸스시","199808.230393945    ","453442.176969848    ","서울특별시 종로구 명륜2가 199-7 "
"3000000-101-2018-00241","이차돌 신설동점","201875.544322501    ","452573.552798587    ","서울특별시 종로구 숭인동 1063 수도학원 "
"3000000-101-2018-00242","모랑 광화문 종로구청점","198276.429901345    ","452324.901026642    ","서울특별시 종로구 수송동 46-19 원당빌딩 "
"3000000-101-2018-00244","영화루","197186.620602992    ","453090.992554458    ","서울특별시 종로구 누하동 25 "
"3000000-101-2018-00245","통인초록","197228.828008117    ","453156.52865019     ","서울특별시 종로구 통인동 31-25 "
"3000000-101-2018-00247","천수만횟집","200155.942281441    ","452585.147783332    ","서울특별시 종로구 연건동 190-16 "
"3000000-101-2018-00248","제이 히든 하우스(j. Hidden House)","200636.198562987    ","452126.457612499    ","서울특별시 종로구 종로6가 94 "
"3000000-101-2018-00249","차우타리(CHAUTARI)","201104.485941484    ","452249.32466596     ","서울특별시 종로구 창신동 173 "
"3000000-101-2018-00250","안도(ANDO)","201030.556815186    ","452559.663448523    ","서울특별시 종로구 창신동 130-64 "
"3000000-101-2018-00254","명동분식","200138.581414375    ","452625.879430202    ","서울특별시 종로구 연건동 188-3 "
"3000000-101-2018-00258","정원에서","200354.626625299    ","453338.374168902    ","서울특별시 종로구 동숭동 25-25 "
"3000000-101-2018-00261","오봉집 서대문역점","196881.585998335    ","451682.368379486    ","서울특별시 종로구 교남동 10 "
"3000000-101-2018-00263","명동할머니국수 청계광장점","198087.676780206    ","451911.201334206    ","서울특별시 종로구 서린동 145-1 "
"3000000-101-2018-00266","우와","200309.223239593    ","453272.967210795    ","서울특별시 종로구 동숭동 50-24 "
"3000000-101-2018-00268","폴 바셋 종각역점","198375.290383028    ","452091.983666703    ","서울특별시 종로구 공평동 100 한국스탠다드차타드은행 빌딩 "
"3000000-101-2018-00270","제주도란다 광장시장맛집","200064.981474247    ","451993.690077258    ","서울특별시 종로구 종로5가 398-13 "
"3000000-101-2018-00271","브라이트 사이드(BRIGHT SIDE)","201952.144470289    ","452820.093426909    ","서울특별시 종로구 숭인동 326 이화장여관 "
"3000000-101-2018-00272","지미 스모크하우스","199170.25270006     ","452580.451286353    ","서울특별시 종로구 권농동 171-15 "
"3000000-101-2018-00273","코토코토 식당","199085.800561063    ","452331.509491438    ","서울특별시 종로구 익선동 166-9 "
"3000000-101-2018-00274","호호식당 익선","199092.99246717     ","452300.402817685    ","서울특별시 종로구 돈의동 18 "
"3000000-101-2018-00276","익선애뜻","199100.400533617    ","452341.992588145    ","서울특별시 종로구 익선동 163 "
"3000000-101-2018-00277","쁘띠호텔 통통","199211.481051       ","452357.035757879    ","서울특별시 종로구 봉익동 6 "
"3000000-101-2018-00278","혜성","198727.105989728    ","452440.498021464    ","서울특별시 종로구 경운동 64-20 "
"3000000-101-2018-00282","와이엔(yn)","198453.963007733    ","452988.596157775    ","서울특별시 종로구 화동 126 "
"3000000-101-2018-00284","벌새","197541.418168655    ","452115.300046799    ","서울특별시 종로구 신문로1가 238 신문로빌딩 "
"3000000-101-2018-00285","향음","198280.754830239    ","453851.682911598    ","서울특별시 종로구 삼청동 134-6 "
"3000000-101-2018-00289","장 앤 페이스트","199055.964260112    ","452389.486615691    ","서울특별시 종로구 익선동 166-17 "
"3000000-101-2018-00291","배수사","199089.837500522    ","452490.245926701    ","서울특별시 종로구 익선동 81 "
"3000000-101-2018-00293","서촌만두","197321.692900929    ","452983.082800229    ","서울특별시 종로구 통인동 136-8 "
"3000000-101-2018-00294","노란대문","198964.955339874    ","452346.801291578    ","서울특별시 종로구 낙원동 80-1 "
"3000000-101-2018-00295","리본 윈도우","200147.653703237    ","453563.350445875    ","서울특별시 종로구 혜화동 163-27 윤서빌딩 "
"3000000-101-2018-00299","오제도바","199976.827469476    ","452170.378097251    ","서울특별시 종로구 종로5가 104-1 "
"3000000-101-2018-00301","일월일일(一月一日)","199756.021302256    ","453372.926197056    ","서울특별시 종로구 명륜4가 196-11 "
"3000000-101-2018-00302","남도분식 본점","199055.451831637    ","452317.958010545    ","서울특별시 종로구 익선동 166-29 "
"3000000-101-2018-00303","호돌이네","198991.832240646    ","452427.078344628    ","서울특별시 종로구 익선동 132-2 "
"3000000-101-2018-00311","숙달돼지 종각2호점","198527.201079961    ","451901.155059874    ","서울특별시 종로구 관철동 43-15 "
"3000000-101-2018-00312","오제도 카페","199976.827469476    ","452170.378097251    ","서울특별시 종로구 종로5가 104-1 "
"3000000-101-2018-00316","북촌손만두 동대문종합시장점","200655.264983822    ","451987.379036287    ","서울특별시 종로구 종로6가 289-42 "
"3000000-101-2018-00317","대학로#55","200012.604277742    ","452993.281697632    ","서울특별시 종로구 연건동 55 "
"3000000-101-2018-00318","인사동 숯불갈비","198796.562629933    ","452035.640740755    ","서울특별시 종로구 인사동 79 "
"3000000-101-2018-00319","인사동해물아구찜","198796.562629933    ","452035.640740755    ","서울특별시 종로구 인사동 79 "
"3000000-101-2018-00320","인사동수산시장","198796.562629933    ","452035.640740755    ","서울특별시 종로구 인사동 79 "
"3000000-101-2018-00321","인사동설렁탕","198796.562629933    ","452035.640740755    ","서울특별시 종로구 인사동 79 "
"3000000-101-2018-00323","콩나물장수","200314.460005252    ","453348.91678333     ","서울특별시 종로구 동숭동 25-11 "
"3000000-101-2018-00324","보안1942","197600.253902222    ","452972.011758725    ","서울특별시 종로구 통의동 2-1 "
"3000000-101-2018-00325","한국피자헛 창신점","201327.450053313    ","452662.43069933     ","서울특별시 종로구 숭인동 61-61 애니카랜드 "
"3000000-101-2018-00326","애즈라이크(AS Like)","197574.856996253    ","452903.385959921    ","서울특별시 종로구 통의동 7-33 "
"3000000-101-2018-00327","혼다라멘","200542.258243379    ","452057.126859583    ","서울특별시 종로구 종로6가 262-1 동대문종합시장 "
"3000000-101-2018-00329","엠알디(mrd)","199558.093996885    ","453950.236255355    ","서울특별시 종로구 명륜3가 2-14 레드브릭214 "
"3000000-101-2018-00330","지중해","199046.642686956    ","452408.871971018    ","서울특별시 종로구 익선동 146 "
"3000000-101-2018-00332","박학다식","199109.739839997    ","452382.012778922    ","서울특별시 종로구 익선동 157 "
"3000000-101-2018-00333","등촌샤브칼국수 광화문점","197618.459740824    ","452311.285166273    ","서울특별시 종로구 내수동 4 옥빌딩 "
"3000000-101-2018-00334","새서울","199032.184941363    ","452280.659364163    ","서울특별시 종로구 낙원동 122 쎄느장여관 "
"3000000-101-2018-00335","커넥트 컬쳐","199032.184941363    ","452280.659364163    ","서울특별시 종로구 낙원동 122 쎄느장여관 "
"3000000-101-2018-00336","현미네","200367.542970484    ","451993.392422812    ","서울특별시 종로구 종로5가 225-21 "
"3000000-101-2018-00337","하루익선","199030.705350717    ","452313.535333227    ","서울특별시 종로구 익선동 166-41 "
"3000000-101-2018-00338","마라","197209.990776505    ","452300.695406158    ","서울특별시 종로구 신문로2가 1-162 "
"3000000-101-2018-00339","러반로제(동대문종합시장지점)","200542.258243379    ","452057.126859583    ","서울특별시 종로구 종로6가 262-1 동대문종합시장 6층 B동 16호"
"3000000-101-2018-00340","불타는 양대창","200288.591352868    ","452138.824175077    ","서울특별시 종로구 효제동 191 백제한의원 "
"3000000-101-2018-00343","봉할매 김치찌개 불백전문점","200542.258243379    ","452057.126859583    ","서울특별시 종로구 종로6가 262-1 동대문종합시장 "
"3000000-101-2018-00344","마틸다(Matilda)","197567.747824202    ","452347.973860449    ","서울특별시 종로구 내수동 75 용비어천가 "
"3000000-101-2018-00345","포베이 동대문종합시장점","200542.258243379    ","452057.126859583    ","서울특별시 종로구 종로6가 262-1 동대문종합시장 "
"3000000-101-2018-00346","서촌온당","196765.827128832    ","453292.804652839    ","서울특별시 종로구 누상동 166-127 "
"3000000-101-2018-00349","서촌밥집","197241.802096646    ","452804.667309149    ","서울특별시 종로구 필운동 168 "
"3000000-101-2018-00351","카페 루아","198797.815432789    ","452231.193562946    ","서울특별시 종로구 인사동 34-2 "
"3000000-101-2018-00352","일백하노이","197650.653736722    ","452368.519288991    ","서울특별시 종로구 도렴동 60 도렴빌딩 "
"3000000-101-2018-00353","꽃의온도","196931.854196185    ","451813.489945391    ","서울특별시 종로구 평동 43 경희궁자이 3단지 "
"3000000-101-2018-00355","아리노마마","200655.264983822    ","451987.379036287    ","서울특별시 종로구 종로6가 289-42 동대문종합시장 B동 18호"
"3000000-101-2018-00357","맛의 정원","199835.179461812    ","454150.259586815    ","서울특별시 종로구 명륜1가 31-3 "
"3000000-101-2018-00358","종로도담","198287.580268321    ","452196.500267802    ","서울특별시 종로구 청진동 46 "
"3000000-101-2018-00360","스태픽스(staff picks)","197095.722850724    ","452798.163688949    ","서울특별시 종로구 필운동 32-1 "
"3000000-101-2018-00361","돈통마늘보쌈","201265.62395431     ","452901.531111392    ","서울특별시 종로구 창신동 17-36 "
"3000000-101-2018-00362","소문난 백반","200936.666544724    ","452508.242509848    ","서울특별시 종로구 창신동 595-245 1층 "
"3000000-101-2018-00363","벳남미식 경희궁 직영점","197365.685131225    ","452287.468345713    ","서울특별시 종로구 내수동 110-48 "
"3000000-101-2018-00374","오레노 라멘안국","198567.772113851    ","452698.199649608    ","서울특별시 종로구 안국동 159 사비나미술관 "
"3000000-101-2018-00376","마라공방","198150.300374121    ","452019.212642931    ","서울특별시 종로구 종로1가 24 르메이에르종로타운1 "
"3000000-101-2018-00379","광화문아침","198645.697765627    ","452775.350660658    ","서울특별시 종로구 재동 110-1 "
"3000000-101-2018-00380","(주)커피빈코리아 종로센트로폴리스점","198493.358663851    ","452139.024770523    ","서울특별시 종로구 공평동 17 "
"3000000-101-2018-00381","(주)커피빈코리아 종로구청앞점","198127.421580952    ","452175.453719092    ","서울특별시 종로구 청진동 184-1 삼송빌딩 "
"3000000-101-2018-00384","결","198493.358663851    ","452139.024770523    ","서울특별시 종로구 공평동 17 "
"3000000-101-2018-00385","나인티나인","200121.813720325    ","453518.007319338    ","서울특별시 종로구 혜화동 185 중원빌딩 "
"3000000-101-2018-00387","노윤","198768.345806315    ","453022.506181486    ","서울특별시 종로구 계동 140-41 "
"3000000-101-2018-00388","금룡","200159.216163575    ","452029.782798601    ","서울특별시 종로구 종로5가 182-8 "
"3000000-101-2018-00389","스튜디오 이여로","196207.046866422    ","455991.116123933    ","서울특별시 종로구 구기동 54-13 "
"3000000-101-2018-00392","(주)이춘복참치종각","198630.79627088     ","452035.412646906    ","서울특별시 종로구 종로2가 9 서울 YMCA "
"3000000-101-2018-00393","참맛푸드김밥","201798.834918812    ","452637.556986205    ","서울특별시 종로구 숭인동 766 종로청계힐스테이트 "
"3000000-101-2018-00395","진해","200365.00557887     ","452022.459456021    ","서울특별시 종로구 종로5가 231-26 "
"3000000-101-2018-00399","미요시","197181.393301659    ","452458.826651573    ","서울특별시 종로구 사직동 9 광화문 풍림스페이스본 "
"3000000-101-2018-00400","아담집","199095.487845292    ","452380.537138323    ","서울특별시 종로구 익선동 154-17 "
"3000000-101-2018-00401","온지심","199092.332005359    ","452314.732543766    ","서울특별시 종로구 돈의동 21 "
"3000000-101-2018-00404","옥인23","197135.912683868    ","453208.186097386    ","서울특별시 종로구 옥인동 93 "
"3000000-101-2018-00406","(주)커피빈코리아 경희궁의 아침","197478.53747014     ","452259.334813912    ","서울특별시 종로구 내수동 73 경희궁의 아침 4단지 "
"3000000-101-2018-00407","(주)커피빈코리아 광화문점","198062.887604585    ","451944.499629593    ","서울특별시 종로구 서린동 136 한국무역보험공사빌딩 "
"3000000-101-2018-00408","암돼지 오양식관","198645.975019691    ","452069.03389068     ","서울특별시 종로구 인사동 235 YMCA별관 "
"3000000-101-2018-00411","퀴진 라끌레(Cuisine La cle)","197306.226780223    ","452991.132227692    ","서울특별시 종로구 통인동 135-2 "
"3000000-101-2018-00412","부산아지매국밥 동대문종합시장점","200542.258243379    ","452057.126859583    ","서울특별시 종로구 종로6가 262-1 동대문종합시장 "
"3000000-101-2018-00413","청계천휴","198635.688914101    ","451847.282077868    ","서울특별시 종로구 관철동 32-4 계원빌딩 "
"3000000-101-2018-00414","하루온도 2호점","199434.689238647    ","454100.069159722    ","서울특별시 종로구 명륜3가 1-1145 "
"3000000-101-2018-00415","굽네치킨 신설동역점","201910.682856985    ","452582.664279719    ","서울특별시 종로구 숭인동 1263 수도회화전문확원 "
"3000000-101-2018-00416","가정식양푼이","199898.871607902    ","452149.795144856    ","서울특별시 종로구 인의동 41 "
"3000000-101-2018-00419","동대문육개장","200655.264983822    ","451987.379036287    ","서울특별시 종로구 종로6가 289-42 "
"3000000-101-2018-00420","둥지포차","200547.309487973    ","452173.474148807    ","서울특별시 종로구 종로6가 33-2 코리아빌딩 "
"3000000-101-2018-00421","광화문 라면","197195.453733499    ","452270.320774672    ","서울특별시 종로구 신문로2가 1-222 마리빌딩 "
"3000000-101-2018-00424","회화나무","198969.681051498    ","452982.307706215    ","서울특별시 종로구 원서동 152 "
"3000000-101-2018-00429","버텍스","199074.670635062    ","452648.894407231    ","서울특별시 종로구 와룡동 140 "
"3000000-101-2018-00430","노말키친 혜화","199710.442557187    ","453695.09169181     ","서울특별시 종로구 명륜2가 81-1 "
"3000000-101-2018-00432","한일당구장","200419.30517573     ","452018.608545014    ","서울특별시 종로구 종로5가 249 "
"3000000-101-2018-00433","풍류","197055.221190691    ","453108.511090886    ","서울특별시 종로구 누하동 90-1 "
"3000000-101-2018-00435","전주집","198324.653631679    ","452252.812389497    ","서울특별시 종로구 수송동 58 두산위브파빌리온 "
"3000000-101-2018-00437","필운동주","197213.435908362    ","452817.552681335    ","서울특별시 종로구 필운동 97 "
"3000000-101-2018-00443","아트만","197375.129755783    ","452578.980782844    ","서울특별시 종로구 내자동 101 "
"3000000-101-2018-00444","두채(doochae)","199965.308384335    ","452672.742198337    ","서울특별시 종로구 연건동 269 "
"3000000-101-2018-00445","온도","198715.307244471    ","451832.724564774    ","서울특별시 종로구 관철동 11-18 "
"3000000-101-2019-00001","히메시야","199922.658205431    ","453289.177659126    ","서울특별시 종로구 명륜4가 145 "
"3000000-101-2019-00004","백주년기념관 네오트로","199971.13084478     ","452459.227509915    ","서울특별시 종로구 연지동 135 "
"3000000-101-2019-00006","길운구락부 삼청점","198299.398784814    ","453754.877720017    ","서울특별시 종로구 삼청동 118-3 용수산 "
"3000000-101-2019-00010","경희궁","197630.867253078    ","452228.403106043    ","서울특별시 종로구 당주동 119 "
"3000000-101-2019-00013","꼬소한 부뚜막 광화문광장점","197780.239943419    ","452135.200711555    ","서울특별시 종로구 도렴동 150-1 "
"3000000-101-2019-00014","소소한행복","198365.07670802     ","452980.522330265    ","서울특별시 종로구 화동 138-23 "
"3000000-101-2019-00019","다락","200660.745045261    ","452659.742827451    ","서울특별시 종로구 충신동 1-134 "
"3000000-101-2019-00020","마이기어 종로점","200285.121746197    ","452008.568285596    ","서울특별시 종로구 종로5가 225-18 "
"3000000-101-2019-00021","상구네백반","196467.975088253    ","452566.134030104    ","서울특별시 종로구 무악동 82 무악현대아파트 "
"3000000-101-2019-00022","스쿨푸드 종로 청계천","200166.698489642    ","452471.409491609    ","서울특별시 종로구 효제동 15-1 대건빌딩 "
"3000000-101-2019-00023","서울대병원 델라코트","199824.095974723    ","452984.360451452    ","서울특별시 종로구 연건동 28-21 서울대학교 의과대학 "
"3000000-101-2019-00024","서울대병원 가화원","199824.095974723    ","452984.360451452    ","서울특별시 종로구 연건동 28-21 서울대학교 의과대학 "
"3000000-101-2019-00025","여인천하","199012.888943294    ","452269.475445512    ","서울특별시 종로구 낙원동 127-3 "
"3000000-101-2019-00026","세검정 구영산포 홍어","196294.257031037    ","455351.580623551    ","서울특별시 종로구 홍지동 91-3 "
"3000000-101-2019-00028","구이 전문점","200158.143530618    ","453508.944559312    ","서울특별시 종로구 혜화동 198-1 "
"3000000-101-2019-00029","가배도 삼청점","198354.804074691    ","453067.997122312    ","서울특별시 종로구 소격동 142-2 "
"3000000-101-2019-00032","압구정하루(종로 직영점)","199093.442613321    ","452385.547041308    ","서울특별시 종로구 익선동 154-10 익선당 "
"3000000-101-2019-00036","맷돌로만 숭인점","201687.573879734    ","452408.346754198    ","서울특별시 종로구 숭인동 200-33 엘리시앙오피스텔 1층 "
"3000000-101-2019-00038","로열네팔레스토랑&바르Ⅱ","201026.029022076    ","452239.228209515    ","서울특별시 종로구 창신동 151-1 지하1층 "
"3000000-101-2019-00039","삼형제김밥 종로점","200276.400690561    ","452295.927464242    ","서울특별시 종로구 효제동 145 오양항공화물 1층 101호 "
"3000000-101-2019-00044","자가제빵선명희피자종로점","201678.080908225    ","452465.856627902    ","서울특별시 종로구 숭인동 178-143 "
"3000000-101-2019-00046","스윗소사이어티","197385.242515478    ","452898.862703149    ","서울특별시 종로구 통인동 158 "
"3000000-101-2019-00049","태성골뱅이","196173.938452451    ","456154.897669827    ",""
"3000000-101-2019-00052","오부장 보쌈족발","198150.300374121    ","452019.212642931    ","서울특별시 종로구 종로1가 24 르메이에르종로타운1 지하2층 B216-1호 "
"3000000-101-2019-00053","그렘(GREM)","200077.675205825    ","453794.660005568    ","서울특별시 종로구 혜화동 85-3 "
"3000000-101-2019-00055","통통","199211.481051       ","452357.035757879    ","서울특별시 종로구 봉익동 6 "
"3000000-101-2019-00059","종로호프","198150.300374121    ","452019.212642931    ","서울특별시 종로구 종로1가 24 르메이에르종로타운1 "
"3000000-101-2019-00060","전라도 밥상","198991.002784609    ","451828.222399025    ","서울특별시 종로구 관수동 154-1 에덴빌딩 "
"3000000-101-2019-00064","장수분식","198204.837322667    ","452293.432531176    ","서울특별시 종로구 수송동 80-6 석탄회관빌딩 "
"3000000-101-2019-00065","호센","197181.393301659    ","452458.826651573    ","서울특별시 종로구 사직동 9 광화문 풍림스페이스본 "
"3000000-101-2019-00067","모도우 광화문점","198176.159239663    ","452574.67151361     ","서울특별시 종로구 중학동 14 트윈 트리 빌딩 "
"3000000-101-2019-00068","예은","197306.226780223    ","452991.132227692    ","서울특별시 종로구 통인동 135-2 "
"3000000-101-2019-00069","백억커피 동묘앞역점","201341.677424554    ","452471.587514595    ","서울특별시 종로구 숭인동 81-15 필빌딩 "
"3000000-101-2019-00070","조우(Jo Woo)","197385.642934595    ","452116.01107605     ","서울특별시 종로구 신문로2가 1-147 "
"3000000-101-2019-00073","인왕산 대충유원지","197177.094008182    ","453088.63077869     ","서울특별시 종로구 누하동 22 "
"3000000-101-2019-00076","일심","198360.548238973    ","452168.842960879    ","서울특별시 종로구 공평동 139 94빌딩 "
"3000000-101-2019-00078","현궁","198076.878950513    ","452402.195269511    ","서울특별시 종로구 수송동 146-1 이마빌딩 "
"3000000-101-2019-00079","백년가 짬뽕","198076.878950513    ","452402.195269511    ","서울특별시 종로구 수송동 146-1 이마빌딩 "
"3000000-101-2019-00093","강원맛코다리","201634.495008952    ","452395.479894776    ","서울특별시 종로구 숭인동 212-1 "
"3000000-101-2019-00094","이화돈까스","198567.772113851    ","452698.199649608    ","서울특별시 종로구 안국동 159 사비나미술관 "
"3000000-101-2019-00095","능라도 광화문점","197484.983910622    ","452162.304535024    ","서울특별시 종로구 당주동 128-27 동원빌딩 "
"3000000-101-2019-00098","북촌호떡","198306.272079949    ","453203.721329897    ","서울특별시 종로구 화동 72 "
"3000000-101-2019-00099","깊·골(SHEN XIANG)","199874.787633442    ","453425.076273073    ","서울특별시 종로구 명륜2가 184 "
"3000000-101-2019-00103","청춘일번지","199004.15226816     ","452067.89327956     ","서울특별시 종로구 낙원동 198 금강빌딩 "
"3000000-101-2019-00110","진가와","198101.593328721    ","452496.362099822    ","서울특별시 종로구 중학동 19 더케이트윈타워 "
"3000000-101-2019-00111","이다","199197.693015404    ","452748.184214708    ","서울특별시 종로구 권농동 141-5 "
"3000000-101-2019-00112","카페 윙클","197428.923002637    ","452041.177877529    ","서울특별시 종로구 신문로2가 1-153 주식회사 투바앤 "
"3000000-101-2019-00114","경성","197420.220171561    ","452679.634773819    ","서울특별시 종로구 내자동 10 "
"3000000-101-2019-00121","랄랄라클럽","198504.772723631    ","452018.161511911    ","서울특별시 종로구 종로2가 6 종로타워 "
"3000000-101-2019-00122","외할머니 해장국","201587.51520264     ","452184.851481356    ","서울특별시 종로구 숭인동 237-9 "
"3000000-101-2019-00123","성우육회","199924.494646103    ","452009.911234394    ","서울특별시 종로구 종로4가 165-11 "
"3000000-101-2019-00125","또봉이 통닭","199925.280326729    ","453956.180926468    ","서울특별시 종로구 혜화동 16-9 "
"3000000-101-2019-00126","낫 컴플리트(not complete)","199763.589254359    ","453545.69699307     ","서울특별시 종로구 명륜2가 150-2 "
"3000000-101-2019-00127","라밥(LABAB)종각점","198630.79627088     ","452035.412646906    ","서울특별시 종로구 종로2가 9 서울 YMCA "
"3000000-101-2019-00128","이프타르","197251.143466314    ","452746.559267639    ","서울특별시 종로구 필운동 185 "
"3000000-101-2019-00130","통큰 누이네 육회 빈대떡","200047.252375315    ","452019.978642717    ","서울특별시 종로구 종로5가 138-16 "
"3000000-101-2019-00131","통큰 누이네 육회 빈대떡","200047.252375315    ","452019.978642717    ","서울특별시 종로구 종로5가 138-16 "
"3000000-101-2019-00132","더블 식스 버거","200497.57023261     ","452130.338214652    ","서울특별시 종로구 종로6가 246-1 "
"3000000-101-2019-00134","버켄문화센터(스페이스코르)","200072.378101828    ","452291.689518232    ","서울특별시 종로구 연지동 136-46 한국기독교회관 "
"3000000-101-2019-00135","아리가또맘마 상명대점","195998.140762432    ","455442.479107974    ","서울특별시 종로구 홍지동 20-1 "
"3000000-101-2019-00136","부티크","198150.300374121    ","452019.212642931    ","서울특별시 종로구 종로1가 24 르메이에르종로타운1 "
"3000000-101-2019-00138","안암(ANAM)","198555.857022995    ","453016.179598413    ","서울특별시 종로구 재동 32-4 "
"3000000-101-2019-00139","삼성치킨골뱅이","199022.330295105    ","451854.267451877    ","서울특별시 종로구 관수동 145-1 "
"3000000-101-2019-00142","꽃(KKOT)","201587.957781575    ","452163.217047335    ","서울특별시 종로구 숭인동 234-15 "
"3000000-101-2019-00145","비엣콴","198709.470348408    ","452773.623102963    ","서울특별시 종로구 재동 92 "
"3000000-101-2019-00153","오목집 광화문점","198390.802804951    ","452176.233368799    ","서울특별시 종로구 공평동 125-1 "
"3000000-101-2019-00160","커피한상","201416.64430679     ","452371.758065602    ","서울특별시 종로구 숭인동 99-2 GJ HOUSE "
"3000000-101-2019-00166","익선동 부산오뎅","199024.157836526    ","452271.413337643    ","서울특별시 종로구 낙원동 121-1 "
"3000000-101-2019-00169","히말라야","201050.954275275    ","452236.389190676    ","서울특별시 종로구 창신동 155-3 1층 "
"3000000-101-2019-00170","오하이(OH,HI)","199186.332517621    ","452466.222574498    ","서울특별시 종로구 권농동 185-6 "
"3000000-101-2019-00171","오드 투 디저트","200314.460005252    ","453348.91678333     ","서울특별시 종로구 동숭동 25-11 "
"3000000-101-2019-00172","궁궐가는길 찌개","198640.079735013    ","452660.293046982    ","서울특별시 종로구 경운동 96-21 지하1층, 지상1층 "
"3000000-101-2019-00173","부촌육회","199920.493510457    ","452031.129171537    ","서울특별시 종로구 종로4가 177 제우빌딩 "
"3000000-101-2019-00174","상아국시 광화문점","198150.300374121    ","452019.212642931    ","서울특별시 종로구 종로1가 24 르메이에르종로타운1 "
"3000000-101-2019-00175","옥김치","196972.026197851    ","455945.078364159    ","서울특별시 종로구 평창동 334-1 "
"3000000-101-2019-00177","내자상회","197324.346131806    ","452611.08612452     ","서울특별시 종로구 내자동 142 1층 "
"3000000-101-2019-00179","평가옥","198438.30320151     ","451875.016948882    ","서울특별시 종로구 관철동 288 광교빌딩 "
"3000000-101-2019-00181","랩 (WRAP)","199045.274745586    ","452435.570696403    ","서울특별시 종로구 익선동 125-2 "
"3000000-101-2019-00184","창경궁 150","199717.412615969    ","452594.980541022    ","서울특별시 종로구 원남동 96-9 "
"3000000-101-2019-00187","이모네 산장","196211.715789016    ","456182.408467218    ","서울특별시 종로구 구기동 85-2 "
"3000000-101-2019-00188","카페 아에 종로점","196931.854196185    ","451813.489945391    ","서울특별시 종로구 평동 233 경희궁자이 3단지 "
"3000000-101-2019-00191","육수당 동대문종합시장점","200647.01325068     ","452054.764927519    ","서울특별시 종로구 종로6가 289-57 동대문종합시장 신관 "
"3000000-101-2019-00193","동혁이네","197185.499128833    ","452781.52941228     ","서울특별시 종로구 필운동 106 "
"3000000-101-2019-00194","꽃담","198722.22861812     ","452263.841373726    ","서울특별시 종로구 인사동 168 "
"3000000-101-2019-00198","샤니웨니","197667.920919806    ","452089.180289621    ","서울특별시 종로구 당주동 167-3 "
"3000000-101-2019-00199","푸드카페","199938.394948321    ","453805.179643767    ","서울특별시 종로구 명륜1가 46-9 "
"3000000-101-2019-00200","동묘마케트","201210.658998252    ","452164.594278352    ","서울특별시 종로구 창신동 330-53 "
"3000000-101-2019-00204","에스빠스","199796.15151504     ","453622.505839652    ","서울특별시 종로구 명륜2가 96 "
"3000000-101-2019-00205","단골손님 대학로점","200163.910704146    ","453355.106177986    ","서울특별시 종로구 동숭동 1-64 "
"3000000-101-2019-00207","구르메","197003.781912524    ","456039.184014175    ","서울특별시 종로구 평창동 182-6 1층 "
"3000000-101-2019-00209","대독장(종로구청점)","198231.45513357     ","452285.135018594    ","서울특별시 종로구 수송동 71-1 삼성빌딩 "
"3000000-101-2019-00210","하루","197162.936027212    ","452693.524321734    ","서울특별시 종로구 필운동 137-5 "
"3000000-101-2019-00212","종로1번지","200461.387165193    ","452038.096259678    ","서울특별시 종로구 종로5가 265-1 지하1층 "
"3000000-101-2019-00213","도트 블랭킷","198525.99915662     ","452748.003903966    ","서울특별시 종로구 안국동 83 태양빌딩 "
"3000000-101-2019-00215","메이가든","197478.53747014     ","452259.334813912    ","서울특별시 종로구 내수동 73 경희궁의 아침 4단지 "
"3000000-101-2019-00216","59-5","197223.986197813    ","453768.406867438    ","서울특별시 종로구 청운동 59-5 "
"3000000-101-2019-00223","소풍","196829.734168058    ","452380.332078197    ","서울특별시 종로구 사직동 304-15 "
"3000000-101-2019-00226","여왕곱창","200855.902563892    ","452248.430453421    ","서울특별시 종로구 창신동 687-43 1층 "
"3000000-101-2019-00228","온천집","199022.013344802    ","452419.196156084    ","서울특별시 종로구 익선동 128-2 "
"3000000-101-2019-00234","우리집","200269.360372491    ","452145.668143021    ","서울특별시 종로구 효제동 233-2 1층 "
"3000000-101-2019-00235","두끼 대학로점","200157.647836124    ","453287.901840153    ","서울특별시 종로구 동숭동 1-60 바탕골소극장 3층 "
"3000000-101-2019-00236","이누(INU)","199107.15761281     ","452416.116220121    ","서울특별시 종로구 익선동 109 "
"3000000-101-2019-00238","성가백암순대","198324.653631679    ","452252.812389497    ","서울특별시 종로구 수송동 58 두산위브파빌리온 "
"3000000-101-2019-00239","이베리코 흑돼지 종로점","198700.020467887    ","451827.999539602    ","서울특별시 종로구 관철동 11-13 "
"3000000-101-2019-00240","서기맥주 동대문점","200804.085979863    ","452188.400799108    ","서울특별시 종로구 창신동 676-1 "
"3000000-101-2019-00241","블루보틀커피코리아 삼청","198238.224612852    ","453089.245090659    ","서울특별시 종로구 소격동 86 "
"3000000-101-2019-00242","블루보틀커피코리아 삼청","198249.447085566    ","453087.746691971    ","서울특별시 종로구 소격동 88-18 "
"3000000-101-2019-00243","창신당","201288.506471156    ","452633.013441519    ","서울특별시 종로구 창신동 128-34 "
"3000000-101-2019-00244","써카 1950","199825.907051823    ","453568.952374604    ","서울특별시 종로구 명륜2가 160-2 "
"3000000-101-2019-00246","순애","199055.237302587    ","452227.007535654    ","서울특별시 종로구 돈의동 41-1 "
"3000000-101-2019-00247","아마츄어작업실","198901.302417207    ","451827.179097237    ","서울특별시 종로구 관철동 35-9 1층 "
"3000000-101-2019-00248","더트커피","197347.75500091     ","452831.10011016     ","서울특별시 종로구 체부동 122 "
"3000000-101-2019-00249","꾸움과자점","200120.54634178     ","453378.347646612    ","서울특별시 종로구 동숭동 1-33 "
"3000000-101-2019-00250","(주)고메드갤러리아 SK서린본사 더 비스트로","198195.965392583    ","451925.63111828     ","서울특별시 종로구 서린동 99 SK서린동빌딩 "
"3000000-101-2019-00253","예찬김밥","196068.647882438    ","456301.660405803    ","서울특별시 종로구 구기동 125-5 마운틴 뷰 지하1층 "
"3000000-101-2019-00254","해빔 광화문점","197493.366694342    ","452050.840656381    ","서울특별시 종로구 신문로1가 58-15 내일신문 "
"3000000-101-2019-00255","익선하다","197363.025335591    ","452920.711139124    ","서울특별시 종로구 통인동 154-8 통인동근린생활시설/다세대 "
"3000000-101-2019-00259","쿄식당","200483.25632266     ","452010.99376447     ","서울특별시 종로구 종로5가 280-6 "
"3000000-101-2019-00260","하노이피움","198150.300374121    ","452019.212642931    ","서울특별시 종로구 종로1가 24 르메이에르종로타운1 "
"3000000-101-2019-00261","참괜찮소","197204.705775026    ","453152.208647498    ","서울특별시 종로구 통인동 46-25 문화빌라 "
"3000000-101-2019-00265","루트(LUT)","197384.113140098    ","452583.585521691    ","서울특별시 종로구 내자동 97 "
"3000000-101-2019-00266","핏어팻","199954.044722095    ","453701.572334399    ","서울특별시 종로구 명륜2가 237 명륜동주상복합아남아파트 "
"3000000-101-2019-00268","꿈떡꿈떡","198150.300374121    ","452019.212642931    ","서울특별시 종로구 종로1가 24 르메이에르종로타운1 "
"3000000-101-2019-00269","스쿠퍼(Scooper)","197385.242515478    ","452898.862703149    ","서울특별시 종로구 통인동 158 "
"3000000-101-2019-00271","맛단","200175.036044361    ","452455.910794486    ","서울특별시 종로구 효제동 100-11 영빌딩 "
"3000000-101-2019-00272","흥청이네 감자탕","196840.86597744     ","451727.374746801    ","서울특별시 종로구 교남동 26 "
"3000000-101-2019-00275","메르시(merci)","199045.043602772    ","451939.677286976    ","서울특별시 종로구 관수동 20 국일관드림펠리스 "
"3000000-101-2019-00276","리김밥 케이트윈타워점","198101.593328721    ","452496.362099822    ","서울특별시 종로구 중학동 19 더케이트윈타워 "
"3000000-101-2019-00278","종로 쉘부르","198908.817954963    ","452231.432531648    ","서울특별시 종로구 낙원동 235 조양빌딩 "
"3000000-101-2019-00279","식물A","199013.955300165    ","452392.763289212    ","서울특별시 종로구 익선동 142-4 "
"3000000-101-2019-00280","키즈나","198308.335648543    ","452945.490097957    ","서울특별시 종로구 소격동 159 "
"3000000-101-2019-00281","NUIT (이층양옥)","199094.116178779    ","452399.110608747    ","서울특별시 종로구 익선동 154-3 "
"3000000-101-2019-00282","레종데트르","197182.791697292    ","453099.238615779    ","서울특별시 종로구 누하동 21-1 "
"3000000-101-2019-00283","낙산길 20","200423.195805379    ","453122.183281313    ","서울특별시 종로구 동숭동 129-144 "
"3000000-101-2019-00285","미치루","198076.878950513    ","452402.195269511    ","서울특별시 종로구 수송동 146-1 이마빌딩 "
"3000000-101-2019-00288","퀸즈가드(the Queen's Guard)","199174.696485108    ","452568.035473408    ","서울특별시 종로구 권농동 172 "
"3000000-101-2019-00291","주식회사 빅바이트컴퍼니 쉐이크쉑 종각","198286.311784052    ","452091.444332546    ","서울특별시 종로구 청진동 70 그랑서울 "
"3000000-101-2019-00292","천향록3","199723.347794924    ","453565.897387933    ","서울특별시 종로구 명륜2가 143-9 "
"3000000-101-2019-00293","교촌치킨 종로 1호점","198697.706712628    ","451897.834324531    ","서울특별시 종로구 관철동 13-13 코아빌딩 1층 "
"3000000-101-2019-00294","따띠삼겹 성균관대점","199782.710862359    ","453446.7681469      ","서울특별시 종로구 명륜2가 228 "
"3000000-101-2019-00297","청화원","199890.575552855    ","453424.280667952    ","서울특별시 종로구 명륜2가 183 "
"3000000-101-2019-00298","어담익선","199062.370649752    ","452410.474751105    ","서울특별시 종로구 익선동 148 "
"3000000-101-2019-00300","언더라인","199768.273124817    ","452358.8932537      ","서울특별시 종로구 인의동 25 "
"3000000-101-2019-00301","우리집반찬도시락","199893.873582888    ","453955.349593049    ","서울특별시 종로구 명륜1가 33-5 "
"3000000-101-2019-00302","등선재","199053.950763102    ","452184.611587713    ","서울특별시 종로구 돈의동 75-2 "
"3000000-101-2019-00303","등선재","199070.112443472    ","452182.769907387    ","서울특별시 종로구 돈의동 77-1 "
"3000000-101-2019-00304","더쌍화종로3가","199432.267704901    ","451996.974912951    ","서울특별시 종로구 종로3가 166 "
"3000000-101-2019-00308","넓은마당","199090.839065583    ","452224.707344198    ","서울특별시 종로구 돈의동 68 동의빌딩 "
"3000000-101-2019-00309","센트로폴리스 입주사 전용 라운지(Tenant Exclusive Lounge)","198493.358663851    ","452139.024770523    ","서울특별시 종로구 공평동 5-1 3층 "
"3000000-101-2019-00310","탕초루","199821.363678095    ","452603.475535058    ","서울특별시 종로구 원남동 49-17 "
"3000000-101-2019-00311","일리카페(Illy Caffe)","199821.363678095    ","452603.475535058    ","서울특별시 종로구 원남동 49-17 "
"3000000-101-2019-00312","낙산칼국수","200302.068150883    ","453136.984698159    ","서울특별시 종로구 동숭동 1-147 1층 "
"3000000-101-2019-00313","카페 운니","199061.020220248    ","452595.888890011    ","서울특별시 종로구 운니동 57 "
"3000000-101-2019-00321","니지라멘","199972.565844948    ","452190.291618256    ","서울특별시 종로구 연지동 258-8 "
"3000000-101-2019-00322","아오렌","199972.565844948    ","452190.291618256    ","서울특별시 종로구 연지동 258-8 "
"3000000-101-2019-00323","고치비","197186.69924978     ","453004.246121973    ","서울특별시 종로구 누하동 195-2 "
"3000000-101-2019-00332","태성 골뱅이","197270.122931152    ","452690.4358954      ","서울특별시 종로구 필운동 197-1 필운프라자 "
"3000000-101-2019-00336","카페게더 광화문","197493.366694342    ","452050.840656381    ","서울특별시 종로구 신문로1가 58-15 내일신문 "
"3000000-101-2019-00337","브루다커피 경희궁의아침점","197465.223921125    ","452366.613899898    ","서울특별시 종로구 내수동 72 경희궁의아침 3단지 "
"3000000-101-2019-00338","우정양꼬치","200309.223239593    ","453272.967210795    ","서울특별시 종로구 동숭동 50-24 "
"3000000-101-2019-00339","동묘문","201235.277092883    ","452157.837693456    ","서울특별시 종로구 창신동 330-49 "
"3000000-101-2019-00343","(주)소금집 안국지점","198715.850567472    ","453015.939806197    ","서울특별시 종로구 계동 101-12 신영빌딩 "
"3000000-101-2019-00345","경희궁 참치집","197484.983910622    ","452162.304535024    ","서울특별시 종로구 당주동 128-27 동원빌딩 "
"3000000-101-2019-00346","일품 양평해장국 종로3가점","198978.477657575    ","452064.152601178    ","서울특별시 종로구 낙원동 203 "
"3000000-101-2019-00347","설레는 마중","198498.918632911    ","452473.403750001    ","서울특별시 종로구 관훈동 155-2 "
"3000000-101-2019-00349","한남북엇국 안녕인사동점","198498.918632911    ","452473.403750001    ","서울특별시 종로구 관훈동 155-2 "
"3000000-101-2019-00351","압구정 샌드위치 광화문점","196931.854196185    ","451813.489945391    ","서울특별시 종로구 평동 233 경희궁자이 3단지 "
"3000000-101-2019-00352","덕이나루","197180.277195551    ","453077.910848765    ","서울특별시 종로구 누하동 27 "
"3000000-101-2019-00354","101번지 남산돈까스 안녕인사동점","198498.918632911    ","452473.403750001    ","서울특별시 종로구 관훈동 155-2 "
"3000000-101-2019-00356","효제동 조림집","200255.452642959    ","452271.17391562     ","서울특별시 종로구 효제동 267 "
"3000000-101-2019-00357","효자카페","197141.501469167    ","453172.66423519     ","서울특별시 종로구 옥인동 98-3 "
"3000000-101-2019-00358","노모(NOMO)","200434.410557529    ","452844.613877923    ","서울특별시 종로구 이화동 6-10 "
"3000000-101-2019-00360","라라(LALA)","197478.53747014     ","452259.334813912    ","서울특별시 종로구 내수동 73 경희궁의 아침 4단지 "
"3000000-101-2019-00364","크레이지 후라이 안녕인사동점","198498.918632911    ","452473.403750001    ","서울특별시 종로구 관훈동 155-2 "
"3000000-101-2019-00365","담장옆에국화꽃ccot 안녕인사동점","198498.918632911    ","452473.403750001    ","서울특별시 종로구 관훈동 155-2 "
"3000000-101-2019-00366","오바","198718.745737683    ","451848.644950394    ","서울특별시 종로구 관철동 12-9 "
"3000000-101-2019-00367","담쟁이 집","198486.69519889     ","452401.542836453    ","서울특별시 종로구 견지동 82 "
"3000000-101-2019-00368","담쟁이 집","198493.838026858    ","452407.015339487    ","서울특별시 종로구 견지동 83 목인박물관 "
"3000000-101-2019-00372","추억커피숍","199016.856847945    ","452053.890779469    ","서울특별시 종로구 낙원동 197-1 경산빌딩 "
"3000000-101-2019-00373","어부몽","198498.918632911    ","452473.403750001    ","서울특별시 종로구 관훈동 155-2 "
"3000000-101-2019-00375","블루레인라운지","200280.218939597    ","452611.575936538    ","서울특별시 종로구 이화동 105-2 glue hotel "
"3000000-101-2019-00376","푼크툼(punctum)","197174.725654169    ","452944.783382451    ","서울특별시 종로구 누하동 175-1 "
"3000000-101-2019-00378","마농","199013.621162434    ","452566.572483184    ","서울특별시 종로구 익선동 26-1 "
"3000000-101-2019-00379","불러도","197102.594677114    ","453154.492407137    ","서울특별시 종로구 옥인동 107 "
"3000000-101-2019-00381","긴자료코","200315.525649322    ","453201.94681626     ","서울특별시 종로구 동숭동 128-16 "
"3000000-101-2019-00382","(주)오근내5닭갈비 안녕인사동점","198498.918632911    ","452473.403750001    ","서울특별시 종로구 관훈동 155-2 "
"3000000-101-2019-00383","기승전 牛(우)","197322.449525236    ","452516.967812334    ","서울특별시 종로구 내자동 172-1 "
"3000000-101-2019-00384","구공치킨 독립문점","196337.521555652    ","452392.511944476    ","서울특별시 종로구 무악동 46 경희궁 롯데캐슬 "
"3000000-101-2019-00385","바 목시(Bar Moxy)","198988.983646221    ","452223.097221066    ","서울특별시 종로구 낙원동 134-2 "
"3000000-101-2019-00386","목시 픽업스(Moxy pickups)","198988.983646221    ","452223.097221066    ","서울특별시 종로구 낙원동 134-2 "
"3000000-101-2019-00387","보로우커피(borrow coffee)","197531.992140587    ","452997.836066638    ","서울특별시 종로구 통의동 12 "
"3000000-101-2019-00390","서화커피","199932.715879933    ","453253.564137349    ","서울특별시 종로구 명륜4가 140-9 "
"3000000-101-2019-00398","서울회관","198390.802804951    ","452176.233368799    ","서울특별시 종로구 공평동 125-1 "
"3000000-101-2019-00399","발리","200288.591352868    ","452138.824175077    ","서울특별시 종로구 효제동 191 백제한의원 "
"3000000-101-2019-00401","비스트로 주라","200335.191568743    ","453143.081088781    ","서울특별시 종로구 동숭동 130-47 "
"3000000-101-2019-00405","광화문연가","197698.745044225    ","452100.51787896     ","서울특별시 종로구 당주동 40 "
"3000000-101-2019-00406","소보로식당","196337.521555652    ","452392.511944476    ","서울특별시 종로구 무악동 46 경희궁 롯데캐슬 "
"3000000-101-2019-00408","메가엠지씨커피(경복궁역점)","197462.012062658    ","452761.50288173     ","서울특별시 종로구 체부동 46 "
"3000000-101-2019-00410","광화문 미시엔","197713.264843734    ","451938.037703258    ","서울특별시 종로구 신문로1가 163 광화문오피시아빌딩 "
"3000000-101-2019-00411","숯닭칼","201856.057882339    ","452556.409322496    ","서울특별시 종로구 숭인동 1063-1 수도외국인학원 "
"3000000-101-2019-00412","춘자싸롱","198525.99915662     ","452748.003903966    ","서울특별시 종로구 안국동 83 태양빌딩 "
"3000000-101-2019-00413","만가타(MANGATA)","198250.95135298     ","453098.366691798    ","서울특별시 종로구 소격동 88-17 "
"3000000-101-2019-00414","루프탑 스페이스 오","198498.918632911    ","452473.403750001    ","서울특별시 종로구 관훈동 155-2 "
"3000000-101-2019-00416","아브와","198986.767487162    ","452588.520197868    ","서울특별시 종로구 운니동 64-2 "
"3000000-101-2019-00418","야후커피호프","198524.8093622      ","451942.366626947    ","서울특별시 종로구 관철동 45-2 "
"3000000-101-2019-00419","처갓집양념치킨 독립문점","196546.584901926    ","452265.703324058    ","서울특별시 종로구 행촌동 171-176 "
"3000000-101-2019-00420","식껍 종로익선점","198986.25965889     ","452271.409343949    ","서울특별시 종로구 낙원동 110 경한빌딩 "
"3000000-101-2019-00422","빈티지0422","198150.300374121    ","452019.212642931    ","서울특별시 종로구 종로1가 24 르메이에르종로타운1 "
"3000000-101-2019-00423","만나식당","196365.70846737     ","456017.55617339     ","서울특별시 종로구 구기동 62-2 466가 "
"3000000-101-2019-00424","안녕키친","198857.428469219    ","452429.845433023    ","서울특별시 종로구 낙원동 13 긍정빌딩 "
"3000000-101-2019-00425","큔","197480.037012408    ","453603.532851489    ","서울특별시 종로구 궁정동 3-18 "
"3000000-101-2019-00426","사리원안녕인사동점","198498.918632911    ","452473.403750001    ","서울특별시 종로구 관훈동 155-2 "
"3000000-101-2019-00427","오스테리아고스마","196931.854196185    ","451813.489945391    ","서울특별시 종로구 평동 233 경희궁자이 3단지 "
"3000000-101-2019-00428","권사부순대국 삼청점(삼청식품)","198397.040485528    ","453851.505979345    ","서울특별시 종로구 삼청동 27-26 "
"3000000-101-2019-00429","툴(TOOL)","198986.25965889     ","452271.409343949    ","서울특별시 종로구 낙원동 110 경한빌딩 "
"3000000-101-2019-00433","청와 설렁탕","196126.424137344    ","455293.865287454    ","서울특별시 종로구 홍지동 47-5 "
"3000000-101-2019-00437","자연새싹","198994.48584677     ","452101.151699707    ","서울특별시 종로구 낙원동 176 "
"3000000-101-2019-00441","너구리 소굴","198733.285573381    ","451930.893444745    ","서울특별시 종로구 관철동 14-5 "
"3000000-101-2019-00442","위펀 광화문점","197542.319572426    ","452039.262262313    ","서울특별시 종로구 신문로1가 57 KC Tower(케이씨타워) "
"3000000-101-2019-00443","제빈(JEBIN)","201038.054251039    ","452238.219197074    ","서울특별시 종로구 창신동 150 "
"3000000-101-2019-00445","광장싸롱1961","200077.847935192    ","452002.812207075    ","서울특별시 종로구 종로5가 398-15 "
"3000000-101-2019-00451","세광양대창 광화문점","198242.368587188    ","452205.540538623    ","서울특별시 종로구 청진동 6 신영빌딩 "
"3000000-101-2019-00452","로우파이브 안국","198654.952252312    ","452927.837575128    ","서울특별시 종로구 재동 60 "
"3000000-101-2019-00455","이서진의 맛집","200956.626483264    ","452294.176680139    ","서울특별시 종로구 창신동 581-21 "
"3000000-101-2019-00457","홈보이 서울","197556.594758177    ","452661.493033148    ","서울특별시 종로구 적선동 94 다자연빌딩 1층 "
"3000000-101-2019-00458","크라운커피","198886.944446027    ","452419.42955676     ","서울특별시 종로구 낙원동 25 종로 크라운 호텔 1층 "
"3000000-101-2019-00459","샵 힘이나는 커피생활 1호점","200542.258243379    ","452057.126859583    ","서울특별시 종로구 종로6가 262-1 동대문종합시장 B동 16호"
"3000000-101-2019-00460","도화림","192828.053794717    ","457530.757592514    ","서울특별시 은평구 갈현동 395-9 2층 "
"3000000-101-2019-00461","사랑의불고기","197181.393301659    ","452458.826651573    ","서울특별시 종로구 사직동 9 광화문 스페이스본 "
"3000000-101-2019-00462","논현커피","199468.471431127    ","454095.81456093     ","서울특별시 종로구 명륜3가 1-187 "
"3000000-101-2020-00001","강석종","196888.985335137    ","454488.84419758     ","서울특별시 종로구 부암동 254-1 "
"3000000-101-2020-00002","종로 57길","201386.967733625    ","452471.493564506    ","서울특별시 종로구 숭인동 72-61 1층 "
"3000000-101-2020-00003","어시장","198596.089308222    ","451932.131774449    ","서울특별시 종로구 관철동 18-8 "
"3000000-101-2020-00005","서울상회","198524.413386701    ","451929.432640046    ","서울특별시 종로구 관철동 45-8 "
"3000000-101-2020-00007","라테라세(LA TERRASSE)","197842.557986375    ","452132.318856498    ","서울특별시 종로구 세종로 155-4 삼보빌딩 7층 "
"3000000-101-2020-00008","와글와글베이크샵 익선","199082.525996554    ","452338.960606834    ","서울특별시 종로구 익선동 166-8 1층 "
"3000000-101-2020-00009","앵글(angle)340","199475.787468684    ","451841.154156291    ","서울특별시 종로구 장사동 182-2 "
"3000000-101-2020-00011","즐거운 찻집","198479.900450692    ","452517.114760959    ","서울특별시 종로구 관훈동 146-2 "
"3000000-101-2020-00012","슬로우캘리 대학로점","199759.34462915     ","453474.720131285    ","서울특별시 종로구 명륜2가 227-1 "
"3000000-101-2020-00014","평해옥","198956.117516993    ","452345.501855288    ","서울특별시 종로구 낙원동 80-2 "
"3000000-101-2020-00016","왕례식당","199689.625099954    ","452469.533263178    ","서울특별시 종로구 원남동 278 "
"3000000-101-2020-00017","미트볼라운지 삼청점","198312.280549362    ","453449.728124635    ","서울특별시 종로구 팔판동 27-5 "
"3000000-101-2020-00018","백스트리트 피자(backstreet pizza)","199037.521712802    ","452199.288242714    ","서울특별시 종로구 돈의동 75-4 "
"3000000-101-2020-00021","종로abc","198710.153417715    ","451865.017554518    ","서울특별시 종로구 관철동 12-16 "
"3000000-101-2020-00022","김김포차","200889.235593711    ","452343.761223391    ","서울특별시 종로구 창신동 582-15 1층 옥외영업 창신동 582-16(4.8제곱) "
"3000000-101-2020-00023","서울구경","198313.935161906    ","453472.053996002    ","서울특별시 종로구 삼청동 80-6 "
"3000000-101-2020-00025","위찜 종로 직영점","198697.706712628    ","451897.834324531    ","서울특별시 종로구 관철동 13-13 코아빌딩1 "
"3000000-101-2020-00026","청진식당","198876.665113194    ","451823.693512537    ","서울특별시 종로구 관철동 33-3 신영빌딩 "
"3000000-101-2020-00027","광화문 스시","197662.503910553    ","452189.09236786     ","서울특별시 종로구 당주동 5 로얄빌딩 "
"3000000-101-2020-00034","정준호스시","197573.030749573    ","452175.335781858    ","서울특별시 종로구 당주동 100 세종빌딩, 세종아파트 "
"3000000-101-2020-00035","신 한국통닭","198918.099510597    ","452235.88369074     ","서울특별시 종로구 낙원동 236-1 낙원빌딩 "
"3000000-101-2020-00036","서울가야밀면","199704.398041522    ","453449.357695397    ","서울특별시 종로구 명륜3가 135 "
"3000000-101-2020-00038","공릉동 원조 멸치국수","199662.326296787    ","452612.668744524    ","서울특별시 종로구 원남동 166-2 "
"3000000-101-2020-00040","인생 횟집","198581.07505765     ","451932.290554746    ","서울특별시 종로구 관철동 18-10 "
"3000000-101-2020-00044","스시와","198271.843790307    ","452533.899674194    ","서울특별시 종로구 수송동 85 서머셋팰리스서울 "
"3000000-101-2020-00045","종로교자 칼국수","199041.009248479    ","452032.239570663    ","서울특별시 종로구 종로3가 6 "
"3000000-101-2020-00046","진주육회 3호점","200077.144414946    ","452023.159595412    ","서울특별시 종로구 종로5가 138-19 동서약국 "
"3000000-101-2020-00049","가마치통닭","200864.341849771    ","452314.350455062    ","서울특별시 종로구 창신동 651-26 "
"3000000-101-2020-00050","동카츠","197650.653736722    ","452368.519288991    ","서울특별시 종로구 도렴동 60 도렴빌딩 "
"3000000-101-2020-00052","해물점 종각","198575.600313909    ","451837.414951367    ","서울특별시 종로구 관철동 157-1 "
"3000000-101-2020-00053","유앤피","196882.773871214    ","452590.055897837    ","서울특별시 종로구 사직동 262-1 "
"3000000-101-2020-00054","헤리티지 클럽","199260.332077354    ","452386.757107966    ","서울특별시 종로구 봉익동 1-2 "
"3000000-101-2020-00055","에프엔커피(FN COFFEE)","197380.688297862    ","453260.251877709    ","서울특별시 종로구 효자동 25 "
"3000000-101-2020-00057","시장곱창","200901.361052883    ","452364.396259576    ","서울특별시 종로구 창신동 582-5 "
"3000000-101-2020-00059","먹자골일번지","200008.823540225    ","452014.74438525     ","서울특별시 종로구 종로5가 138-12 "
"3000000-101-2020-00060","그루(GREW)","200251.517803689    ","453331.83675612     ","서울특별시 종로구 동숭동 1-80 대학로문화공간 "
"3000000-101-2020-00061","후라토식당","197662.503910553    ","452189.09236786     ","서울특별시 종로구 당주동 5 로얄빌딩 "
"3000000-101-2020-00062","스시누하","197161.34683725     ","452981.259362807    ","서울특별시 종로구 누하동 146-3 "
"3000000-101-2020-00063","달콩","201666.244566776    ","452283.710424382    ","서울특별시 종로구 숭인동 217-16 블루카운티 숭인Ⅰ "
"3000000-101-2020-00065","폴키(FOLKI)","197173.80667321     ","452691.564015693    ","서울특별시 종로구 필운동 137-3 1층 옥외 영업 사직동 1-64(1.08제곱) "
"3000000-101-2020-00066","보드게임카페 레드버튼 대학로","200013.660313627    ","453450.695152508    ","서울특별시 종로구 명륜4가 8-1 "
"3000000-101-2020-00067","익선동 1717","198998.820562613    ","452334.577224162    ","서울특별시 종로구 익선동 166-82 "
"3000000-101-2020-00069","헤리티지 클럽 1","199265.642409752    ","452388.197046733    ","서울특별시 종로구 봉익동 1-1 "
"3000000-101-2020-00071","뵈르뵈르 안국점","198747.920038889    ","452993.770562257    ","서울특별시 종로구 계동 109 "
"3000000-101-2020-00075","파파푸드 종로점","201258.062657124    ","452787.132831042    ","서울특별시 종로구 창신동 23-76 브라운스톤 창신 "
"3000000-101-2020-00076","생기원","198740.984088585    ","452352.012336827    ","서울특별시 종로구 인사동 5 "
"3000000-101-2020-00077","경양카츠 동대문점","201070.348359468    ","452184.871706596    ","서울특별시 종로구 창신동 373 "
"3000000-101-2020-00079","와플대학 경희궁자이캠퍼스","196711.256846666    ","452060.860508565    ","서울특별시 종로구 홍파동 199 경희궁자이 2단지 "
"3000000-101-2020-00081","대접 광화문 만두","197393.747563185    ","452408.438228843    ","서울특별시 종로구 내수동 71 경희궁의아침 2단지 "
"3000000-101-2020-00082","파인콘","198296.002101146    ","453234.146566916    ","서울특별시 종로구 화동 65-4 "
"3000000-101-2020-00084","마라중독(마라탕, 훠궈)","198816.493844918    ","451913.950189702    ","서울특별시 종로구 관철동 7-1 "
"3000000-101-2020-00085","우육면관","198273.2672488      ","452194.170906436    ","서울특별시 종로구 청진동 39 "
"3000000-101-2020-00089","서촌장어가","197202.55394376     ","452763.87014477     ","서울특별시 종로구 필운동 108 인왕빌딩 "
"3000000-101-2020-00092","르피노 베이크 하우스(LePino Bake Haus)","198683.857881081    ","452979.340338063    ","서울특별시 종로구 재동 46-1 "
"3000000-101-2020-00093","장수하늘소 인사점","198659.155041999    ","452394.672702179    ","서울특별시 종로구 관훈동 21 인사아트플라자 "
"3000000-101-2020-00094","꽃피공","197085.823054671    ","453166.054914351    ","서울특별시 종로구 옥인동 143 "
"3000000-101-2020-00095","고기하다","200032.077557822    ","453403.914545343    ","서울특별시 종로구 명륜4가 26 "
"3000000-101-2020-00097","내가 사는 세상","199729.166628284    ","452422.017803289    ","서울특별시 종로구 인의동 5-2 "
"3000000-101-2020-00099","만연채","199613.90958988     ","453566.614142082    ","서울특별시 종로구 명륜3가 77-1 "
"3000000-101-2020-00100","명륜진사갈비(관철점)","198761.229331333    ","451859.483692114    ","서울특별시 종로구 관철동 12-2 "
"3000000-101-2020-00101","플랫(plat)커피","197493.338179843    ","452799.998585924    ","서울특별시 종로구 통의동 61-1 "
"3000000-101-2020-00102","인덱스카라멜 광화문","198068.926781947    ","452087.030190231    ","서울특별시 종로구 청진동 246 D타워 "
"3000000-101-2020-00103","부뚜막 한상차림","200219.204004343    ","452672.446484792    ","서울특별시 종로구 이화동 197-1 동산의원 "
"3000000-101-2020-00107","달항아리 스튜 & 와인","198498.918632911    ","452473.403750001    ","서울특별시 종로구 관훈동 155-2 "
"3000000-101-2020-00108","개나리아구찜종로","198760.858831985    ","451868.563344777    ","서울특별시 종로구 관철동 12-1 "
"3000000-101-2020-00109","효제주물럭","200276.604452969    ","452312.9605079      ","서울특별시 종로구 효제동 140 "
"3000000-101-2020-00111","몬스터 샐러드","199812.609633255    ","452132.648343993    ","서울특별시 종로구 인의동 48-2 효성주얼리시티 "
"3000000-101-2020-00113","개나리종로","198760.858831985    ","451868.563344777    ","서울특별시 종로구 관철동 12-1 "
"3000000-101-2020-00116","호미당 홍콩빵 태국커피","197233.511341605    ","452734.425654957    ","서울특별시 종로구 필운동 155-2 "
"3000000-101-2020-00117","서궁","197205.763683981    ","451824.914267478    ","서울특별시 종로구 신문로2가 25 "
"3000000-101-2020-00118","피제리아 호키포키 광화문점","197656.177872742    ","452014.977175148    ","서울특별시 종로구 신문로1가 31 "
"3000000-101-2020-00119","엄마손 돼지불백","200259.173497292    ","453256.205840375    ","서울특별시 종로구 동숭동 1-96 "
"3000000-101-2020-00120","오니로(ONIRO)","196711.256846666    ","452060.860508565    ","서울특별시 종로구 홍파동 199 경희궁자이 2단지 "
"3000000-101-2020-00121","베이스캠프 (Basecamp)","198968.833935967    ","452292.900090672    ","서울특별시 종로구 낙원동 111-2 청자빌딩 "
"3000000-101-2020-00122","리틀 버틀러","198690.45655811     ","452811.72508298     ","서울특별시 종로구 재동 87-1 "
"3000000-101-2020-00123","조선생 양지국밥&국수","200123.829835387    ","452255.299080051    ","서울특별시 종로구 효제동 301-5 "
"3000000-101-2020-00126","어퍼스트로피","197193.168348059    ","452963.974597156    ","서울특별시 종로구 누하동 230 "
"3000000-101-2020-00127","김가네","198572.839145325    ","452022.373156033    ","서울특별시 종로구 종로2가 8-4 "
"3000000-101-2020-00128","잘빠진메밀 서촌본점","197367.454959719    ","453041.252026922    ","서울특별시 종로구 통인동 120 "
"3000000-101-2020-00133","일일향 광화문점","197484.983910622    ","452162.304535024    ","서울특별시 종로구 당주동 128-27 동원빌딩 "
"3000000-101-2020-00134","역전할머니맥주 종각역점","198656.933623902    ","451906.850293023    ","서울특별시 종로구 관철동 19-1 해덕빌딩 "
"3000000-101-2020-00136","낙원","198923.793253119    ","452283.017174035    ","서울특별시 종로구 낙원동 99-1 503,506호"
"3000000-101-2020-00137","카페 이공이공","197016.358933851    ","456027.024165155    ","서울특별시 종로구 평창동 182-17 동주빌딩 1층 "
"3000000-101-2020-00138","사직터널 그집","196830.908450135    ","452370.451487175    ","서울특별시 종로구 사직동 304-16 "
"3000000-101-2020-00139","블루보틀커피코리아 광화문","198057.201456751    ","451911.789172214    ","서울특별시 종로구 서린동 149 청계 한국빌딩 "
"3000000-101-2020-00140","연남토마 북촌점","198403.215745169    ","453004.756340579    ","서울특별시 종로구 화동 138-6 "
"3000000-101-2020-00144","법원","198814.852977728    ","452995.885146635    ","서울특별시 종로구 계동 140-51 "
"3000000-101-2020-00146","종로살롱","197615.185883684    ","452674.892856312    ","서울특별시 종로구 적선동 19 하늘빌딩 "
"3000000-101-2020-00147","정담은 보쌈 북촌점","198703.737385746    ","452950.645622898    ","서울특별시 종로구 계동 104-4 "
"3000000-101-2020-00150","미은당","196862.121060835    ","454499.818989199    ","서울특별시 종로구 부암동 260-1 "
"3000000-101-2020-00151","추억만들기 포차","198950.532059637    ","452139.853746964    ","서울특별시 종로구 낙원동 213-2 낙원동 빌딩 "
"3000000-101-2020-00154","꽃보담 플라워&보자기아트","198543.855947632    ","452971.189650617    ","서울특별시 종로구 재동 32-8 "
"3000000-101-2020-00155","테르트르[T(ER)T(RE)]","200909.314483453    ","452884.159030619    ","서울특별시 종로구 창신동 23-448 "
"3000000-101-2020-00157","온그라운드","197526.666707982    ","453025.278440738    ","서울특별시 종로구 창성동 117-12 "
"3000000-101-2020-00158","쿠아타이푸드(KUA THAI FOOD)","198150.300374121    ","452019.212642931    ","서울특별시 종로구 종로1가 24 르메이에르종로타운1 "
"3000000-101-2020-00159","선술집 4번출구","199035.365798345    ","452223.87544057     ","서울특별시 종로구 돈의동 39-2 낙원오피스텔 "
"3000000-101-2020-00161","옥상","199145.804228514    ","452272.621682645    ","서울특별시 종로구 돈의동 55 "
"3000000-101-2020-00162","한양중식","198504.772723631    ","452018.161511911    ","서울특별시 종로구 종로2가 6 종로타워 "
"3000000-101-2020-00164","종로정","198150.300374121    ","452019.212642931    ","서울특별시 종로구 종로1가 24 르메이에르종로타운1 "
"3000000-101-2020-00165","종로쭈꾸미2","198952.543333654    ","451799.52172004     ","서울특별시 종로구 관수동 162 "
"3000000-101-2020-00167","플렉스(FLEX)보드게임카페","199120.571734839    ","452038.034949856    ","서울특별시 종로구 종로3가 13-4 "
"3000000-101-2020-00168","인사동 양조장","198561.914036994    ","452549.109248067    ","서울특별시 종로구 관훈동 108 "
"3000000-101-2020-00170","빛과 식물","199922.163147375    ","452094.77765856     ","서울특별시 종로구 종로4가 3 "
"3000000-101-2020-00171","세이지핀치(sage finch)","197188.37499845     ","452798.011196976    ","서울특별시 종로구 필운동 82-1 "
"3000000-101-2020-00172","비건인사","198921.824811066    ","452498.961159393    ","서울특별시 종로구 익선동 33-18 "
"3000000-101-2020-00173","여기인가","197360.490729048    ","452949.783996499    ","서울특별시 종로구 통인동 149-11 "
"3000000-101-2020-00174","짱구 떡볶이","196337.521555652    ","452392.511944476    ","서울특별시 종로구 무악동 89 경희궁 롯데캐슬 "
"3000000-101-2020-00175","컴파니","199074.830588093    ","452095.549787281    ","서울특별시 종로구 낙원동 187 대한빌딩 "
"3000000-101-2020-00176","셰익스비어","198784.791796861    ","451903.50532849     ","서울특별시 종로구 관철동 7-21 "
"3000000-101-2020-00177","(주) 에스티엑스에프앤씨 롯데카드","197557.974849131    ","451938.115260325    ","서울특별시 종로구 신문로1가 115 콘코디언(concordian) "
"3000000-101-2020-00179","막걸리 한잔","201742.998482025    ","452496.336088655    ","서울특별시 종로구 숭인동 183-9 정우빌딩 "
"3000000-101-2020-00182","땡스오트 안국","198570.308394451    ","452943.68855428     ","서울특별시 종로구 재동 36-2 "
"3000000-101-2020-00183","굽네치킨(동대문역점)","201166.750150846    ","452223.968412735    ","서울특별시 종로구 창신동 330-2 "
"3000000-101-2020-00184","미쉬매쉬 (MISHMASH)","198971.096314131    ","453039.982362246    ","서울특별시 종로구 원서동 134-1 "
"3000000-101-2020-00186","쁘띠몽드 경희궁자이점","196578.438801188    ","452129.33094623     ","서울특별시 종로구 교북동 101 동아아파트 "
"3000000-101-2020-00188","무교동 유정낙지","200067.017241362    ","453326.962181069    ","서울특별시 종로구 명륜4가 90 "
"3000000-101-2020-00189","르메이에르 분식","198150.300374121    ","452019.212642931    ","서울특별시 종로구 종로1가 24 르메이에르종로타운1 "
"3000000-101-2020-00191","육방고기집","200291.374084556    ","452163.083270761    ","서울특별시 종로구 효제동 193-1 BS타워 "
"3000000-101-2020-00192","률(RYUL)","198374.109070619    ","453010.227457278    ","서울특별시 종로구 화동 138-12 "
"3000000-101-2020-00194","메이드","198549.377397696    ","451960.972726138    ","서울특별시 종로구 종로2가 102-1 "
"3000000-101-2020-00197","오픈북","197362.573917089    ","453128.396827068    ","서울특별시 종로구 통인동 112 "
"3000000-101-2020-00200","(주)스코프케이크하우스","197236.775683545    ","453053.607483716    ","서울특별시 종로구 통인동 69 "
"3000000-101-2020-00203","대성성","199155.594170235    ","452684.206529766    ","서울특별시 종로구 권농동 160 "
"3000000-101-2020-00206","본죽앤비빔밥카페 종로5가","199922.163147375    ","452094.77765856     ","서울특별시 종로구 종로4가 3 1~2층 "
"3000000-101-2020-00209","샬롬(SHALOM)","200361.48547762     ","452704.203898179    ","서울특별시 종로구 이화동 27-21 "
"3000000-101-2020-00211","다온","197671.949789231    ","452077.545593565    ","서울특별시 종로구 당주동 167-2 "
"3000000-101-2020-00212","서평옥 광화문본점","198076.878950513    ","452402.195269511    ","서울특별시 종로구 수송동 146-1 이마빌딩 "
"3000000-101-2020-00213","선비꼬마김밥 종각직영점","198652.145786171    ","451962.651382427    ","서울특별시 종로구 종로2가 84-2 "
"3000000-101-2020-00215","쎄비 스튜디오(SEVY STUDIO)","200205.248493487    ","452025.447882078    ","서울특별시 종로구 종로5가 193-9 "
"3000000-101-2020-00216","도미니칸조 피자","196456.424517224    ","452291.407136223    ","서울특별시 종로구 행촌동 209-44 "
"3000000-101-2020-00217","종로육가","199101.130321378    ","452277.316878936    ","서울특별시 종로구 돈의동 47 "
"3000000-101-2020-00218","루나소사이어티(LUNAR SOCIETY)","199009.405845208    ","452608.678899215    ","서울특별시 종로구 운니동 45-5 "
"3000000-101-2020-00219","뽐(pomme)","197312.229373757    ","453002.787711363    ","서울특별시 종로구 통인동 135-4 서촌애벌레135 "
"3000000-101-2020-00220","동화","199969.982103647    ","453413.359499158    ","서울특별시 종로구 명륜4가 48-2 "
"3000000-101-2020-00222","맛있는 초밥(맛초)","200843.273224923    ","452254.412077173    ","서울특별시 종로구 창신동 687-9 "
"3000000-101-2020-00223","시노라(SINOLA)","197290.673609199    ","453771.210074248    ","서울특별시 종로구 청운동 72 "
"3000000-101-2020-00224","시월생커피","201496.049834905    ","453031.310856471    ","서울특별시 종로구 숭인동 31-1 "
"3000000-101-2020-00225","알레그리아 덕수궁 디팰리스점","197458.838227559    ","451820.889548579    ","서울특별시 종로구 신문로2가 171 "
"3000000-101-2020-00226","담소 누룽지 백숙","198324.653631679    ","452252.812389497    ","서울특별시 종로구 수송동 58 두산위브파빌리온 "
"3000000-101-2020-00227","소풍가는날","197380.26633585     ","452991.015172256    ","서울특별시 종로구 통인동 147-2 "
"3000000-101-2020-00228","함박식당","197196.72845494     ","452791.523785196    ","서울특별시 종로구 필운동 101-2 "
"3000000-101-2020-00229","동래푸드","200820.411204476    ","452168.573383761    ","서울특별시 종로구 창신동 695-1 "
"3000000-101-2020-00230","약속커피숍","201771.34601802     ","452506.122321753    ","서울특별시 종로구 숭인동 192 "
"3000000-101-2020-00233","갈로팡(galopin)","198695.6889495      ","452985.079684981    ","서울특별시 종로구 계동 99-12 광성스페이스빌딩 "
"3000000-101-2020-00236","푸라닭 대학로점","200285.865437991    ","453215.079141585    ","서울특별시 종로구 동숭동 1-89 석마빌딩 "
"3000000-101-2020-00237","라이언 바 (Lion Bar)","200269.615352697    ","452159.955202738    ","서울특별시 종로구 효제동 232 동성빌딩 5층 "
"3000000-101-2020-00238","이탄","198721.736311226    ","451887.446228292    ","서울특별시 종로구 관철동 13-12 우덕빌딩 "
"3000000-101-2020-00239","상감치킨","200855.674096419    ","452749.189408169    ","서울특별시 종로구 창신동 130-70 동광그린빌라 "
"3000000-101-2020-00242","어텐디 북촌점","198695.6889495      ","452985.079684981    ","서울특별시 종로구 계동 99-12 광성스페이스빌딩 "
"3000000-101-2020-00243","동문호프","201124.409566197    ","452260.805371908    ","서울특별시 종로구 창신동 176 1,2층 "
"3000000-101-2020-00245","로코페페","196931.854196185    ","451813.489945391    ","서울특별시 종로구 평동 233 경희궁자이 3단지 "
"3000000-101-2020-00247","총각김밥","198150.300374121    ","452019.212642931    ","서울특별시 종로구 종로1가 24 르메이에르종로타운1 "
"3000000-101-2020-00248","효도치킨 광화문점","197373.940334387    ","452482.928454327    ","서울특별시 종로구 내자동 197 "
"3000000-101-2020-00250","시골밥상","200600.786631082    ","452125.097830911    ","서울특별시 종로구 종로6가 116-1 "
"3000000-101-2020-00251","옥이네","200259.754525539    ","452113.150872578    ","서울특별시 종로구 종로5가 42-1 신화빌딩 "
"3000000-101-2020-00252","언택트키친","200240.66803546     ","453091.637987143    ","서울특별시 종로구 동숭동 1-132 "
"3000000-101-2020-00255","호천재","196896.426224037    ","453423.871490068    ","서울특별시 종로구 옥인동 47-449 "
"3000000-101-2020-00258","일광정사","198476.469142578    ","452397.880059456    ","서울특별시 종로구 견지동 81 다연 "
"3000000-101-2020-00261","야마모리 쇼난그릴 종로점(YAMAMORI SHONAN GRILL)","199798.437968903    ","452427.556521401    ","서울특별시 종로구 연지동 85 "
"3000000-101-2020-00262","양식당","201643.277882724    ","452339.843125652    ","서울특별시 종로구 숭인동 217-19 "
"3000000-101-2020-00264","리나스 광화문점","197993.904628438    ","452032.958591394    ","서울특별시 종로구 종로1가 1 교보생명빌딩 "
"3000000-101-2020-00265","(주)커피빈코리아 하나은행경복궁역점","197567.849954354    ","452567.159554494    ","서울특별시 종로구 적선동 80 적선현대빌딩 "
"3000000-101-2020-00266","(주)커피빈코리아 인사점","198811.497417806    ","452301.907780717    ","서울특별시 종로구 낙원동 272 로담코 인사빌딩 "
"3000000-101-2020-00268","청춘","197677.671306891    ","452095.674793395    ","서울특별시 종로구 당주동 167-1 "
"3000000-101-2020-00269","이도곰탕 계동점","198721.079830346    ","452953.241081257    ","서울특별시 종로구 계동 104-2 "
"3000000-101-2020-00272","주식회사 로봇에프앤비 로봇김밥 광화문이마빌딩점","198076.878950513    ","452402.195269511    ","서울특별시 종로구 수송동 146-1 이마빌딩 "
"3000000-101-2020-00273","(주)커피빈코리아 광화문역1번출구점","197637.6027446      ","452274.751389446    ","서울특별시 종로구 내수동 1 세종클럽 "
"3000000-101-2020-00275","빠숑숑","199099.919981181    ","452401.02272361     ","서울특별시 종로구 익선동 154-1 "
"3000000-101-2020-00277","안스","197673.919714838    ","452123.434528869    ","서울특별시 종로구 당주동 160 "
"3000000-101-2020-00278","OMEOME(오메오메)","199004.129062719    ","452557.149227551    ","서울특별시 종로구 익선동 27 "
"3000000-101-2020-00279","프로방스 커피＆토스트","200182.499160172    ","452111.960195543    ","서울특별시 종로구 종로5가 58 "
"3000000-101-2020-00281","아델라 베이커리","197305.91333191     ","454754.761079298    ","서울특별시 종로구 부암동 23-3 "
"3000000-101-2020-00282","(주)이문면옥 광화문","197458.838227559    ","451820.889548579    ","서울특별시 종로구 신문로2가 171 "
"3000000-101-2020-00283","덕후선생 광화문","198068.926781947    ","452087.030190231    ","서울특별시 종로구 청진동 246 D타워 "
"3000000-101-2020-00284","스시산원 궁","198101.593328721    ","452496.362099822    ","서울특별시 종로구 중학동 19 더케이트윈타워 "
"3000000-101-2020-00287","커피앳웍스 이마빌딩광화문점","198076.878950513    ","452402.195269511    ","서울특별시 종로구 수송동 146-1 이마빌딩 "
"3000000-101-2020-00290","뜸들이다","198324.653631679    ","452252.812389497    ","서울특별시 종로구 수송동 58 두산위브파빌리온 "
"3000000-101-2020-00292","소현당","198322.511349093    ","452950.098953444    ","서울특별시 종로구 소격동 157-1 "
"3000000-101-2020-00297","교촌치킨 평창점","197212.364862058    ","456055.205802855    ","서울특별시 종로구 평창동 158-1 글로리아타운 "
"3000000-101-2020-00298","영도다리","199053.357431316    ","452269.211030994    ","서울특별시 종로구 돈의동 34 "
"3000000-101-2020-00299","구름산 추어탕 오피시아점","197713.264843734    ","451938.037703258    ","서울특별시 종로구 신문로1가 163 광화문오피시아빌딩 "
"3000000-101-2020-00300","일일수작 종각점","198712.246685116    ","451930.87120377     ","서울특별시 종로구 관철동 14-7 "
"3000000-101-2020-00302","그리너 샐러드","200315.525649322    ","453201.94681626     ","서울특별시 종로구 동숭동 128-16 "
"3000000-101-2020-00304","남원","198303.601240112    ","453244.191898517    ","서울특별시 종로구 화동 65-2 "
"3000000-101-2020-00305","(주)벨스트리트컴퍼니","198838.912965902    ","452214.210961577    ","서울특별시 종로구 낙원동 288 낙원상가 "
"3000000-101-2020-00306","이층식당","198722.581749583    ","452219.047795635    ","서울특별시 종로구 인사동 161 "
"3000000-101-2020-00307","낙원 남원추어탕 한방보쌈","198992.400636487    ","452172.172080221    ","서울특별시 종로구 낙원동 143 "
"3000000-101-2020-00308","달콤한잔","200178.612496304    ","453538.524052078    ","서울특별시 종로구 혜화동 163-8 "
"3000000-101-2020-00309","얼스어스(earth us)","197389.917123857    ","453670.972179995    ","서울특별시 종로구 청운동 94-1 "
"3000000-101-2020-00310","로이정원","199307.518838887    ","452306.389653139    ","서울특별시 종로구 봉익동 12-3 "
"3000000-101-2020-00311","참나라 숯불바베큐","196132.751817734    ","452580.254196764    ","서울특별시 종로구 무악동 67-2 "
"3000000-101-2020-00314","토오베","198491.751795434    ","452560.878876522    ","서울특별시 종로구 관훈동 118-36 "
"3000000-101-2020-00315","신라정","198940.96084618     ","451875.310645472    ","서울특별시 종로구 관수동 159-2 "
"3000000-101-2020-00316","북촌 한복","198595.871048779    ","453214.339571392    ","서울특별시 종로구 가회동 70-2 "
"3000000-101-2020-00318","레인리포트 익선","199053.118696614    ","452350.561399918    ","서울특별시 종로구 익선동 166-33 "
"3000000-101-2020-00319","카페비노","196931.854196185    ","451813.489945391    ","서울특별시 종로구 평동 233 경희궁자이 3단지 "
"3000000-101-2020-00320","계림삼계탕","200506.272619139    ","451989.471459404    ","서울특별시 종로구 종로5가 281-7 "
"3000000-101-2020-00321","홈스테드 대학로점","200258.363073595    ","453188.369609534    ","서울특별시 종로구 동숭동 1-93 "
"3000000-101-2020-00327","(주)썬앳푸드 모던샤브하우스 광화문D타워점","198068.926781947    ","452087.030190231    ","서울특별시 종로구 청진동 246 D타워 "
"3000000-101-2020-00328","이에스 홀덤펍 종로점","198656.933623902    ","451906.850293023    ","서울특별시 종로구 관철동 19-1 해덕빌딩 "
"3000000-101-2020-00330","비스까미노","199733.697782045    ","453282.013083408    ","서울특별시 종로구 명륜4가 206-47 "
"3000000-101-2020-00333","옐로우 쿡(yellow cook)","197438.322261266    ","452964.704396356    ","서울특별시 종로구 통의동 104 "
"3000000-101-2020-00334","호선생전","200032.530258084    ","451992.663266596    ","서울특별시 종로구 종로5가 395-5 "
"3000000-101-2020-00335","콩두 점점","198295.290207646    ","453848.239591242    ","서울특별시 종로구 삼청동 125-1 "
"3000000-101-2020-00337","카페사사","199190.507594813    ","452716.36109006     ","서울특별시 종로구 권농동 144-1 "
"3000000-101-2020-00338","어니언(onion)","198742.659391924    ","452814.32796848     ","서울특별시 종로구 계동 146-1 "
"3000000-101-2020-00345","오니(ONI)","198825.651840506    ","452995.99450051     ","서울특별시 종로구 계동 140-50 "
"3000000-101-2020-00348","삼원샏(SAMONESEC)","200041.5016086      ","453319.195810763    ","서울특별시 종로구 명륜4가 103-5 "
"3000000-101-2020-00352","두나","199107.81866793     ","452333.318655172    ","서울특별시 종로구 익선동 161-1 "
"3000000-101-2020-00353","우리술집 다람쥐","199200.027583325    ","452490.978044375    ","서울특별시 종로구 권농동 185-1 "
"3000000-101-2020-00357","앤디관(ENDY QUAN)","198575.614557683    ","451869.596952219    ","서울특별시 종로구 관철동 180 스타골드빌딩 "
"3000000-101-2020-00359","밀키프레소 종로구청점","198120.637972874    ","452198.433879026    ","서울특별시 종로구 청진동 201-1 진학회관 "
"3000000-101-2020-00362","빈티지카페","201452.97033909     ","452034.162854757    ","서울특별시 종로구 창신동 400-4 삼일아파트 3호동 "
"3000000-101-2020-00363","주식회사 지티지오 고피자 광화문글로벌본사점","197415.808596456    ","452119.825276479    ","서울특별시 종로구 신문로2가 1-140 1층 "
"3000000-101-2020-00364","세계일주-고두비","198544.200398469    ","452694.795158407    ","서울특별시 종로구 안국동 170 "
"3000000-101-2020-00365","엄지네 분식","198838.912965902    ","452214.210961577    ","서울특별시 종로구 낙원동 288 낙원상가 "
"3000000-101-2021-00002","예산집","200356.42615601     ","452022.086754527    ","서울특별시 종로구 종로5가 231-27 "
"3000000-101-2021-00003","비비큐(BBQ) 청계광장점","198137.782759195    ","451912.712967267    ","서울특별시 종로구 서린동 129-1 "
"3000000-101-2021-00004","너드하우스 북촌","198646.292372806    ","453197.738793623    ","서울특별시 종로구 가회동 177-4 "
"3000000-101-2021-00005","1987 루프탑 레스토랑 종로점","198686.19085244     ","451852.05285101     ","서울특별시 종로구 관철동 12-13 포인트23 "
"3000000-101-2021-00007","만복이네","199384.19406737     ","451959.170273352    ","서울특별시 종로구 장사동 80 "
"3000000-101-2021-00008","디오엠","199817.923930695    ","453477.628999916    ","서울특별시 종로구 명륜2가 195-11 "
"3000000-101-2021-00009","한국통닭","201580.493928595    ","452372.362134128    ","서울특별시 종로구 숭인동 219 "
"3000000-101-2021-00011","툇마루","198733.4026422      ","452343.630760684    ","서울특별시 종로구 인사동 4 "
"3000000-101-2021-00014","테그42","196711.256846666    ","452060.860508565    ","서울특별시 종로구 홍파동 199 경희궁자이 2단지 "
"3000000-101-2021-00015","청계뷰호프","198909.271958196    ","451791.439552661    ","서울특별시 종로구 관철동 37-2 "
"3000000-101-2021-00016","어다우 카페(odau coffee)","200871.009568014    ","452259.534217726    ","서울특별시 종로구 창신동 651-48 "
"3000000-101-2021-00017","황소곱창","200257.638078403    ","453091.418604655    ","서울특별시 종로구 동숭동 1-139 한양빌딩 "
"3000000-101-2021-00019","뉴욕포차","199079.907986169    ","452265.640280035    ","서울특별시 종로구 돈의동 44-1 "
"3000000-101-2021-00020","보사우러스(Bosaurus)","197567.93800572     ","452276.454633376    ","서울특별시 종로구 내수동 167 대우빌딩 "
"3000000-101-2021-00022","송스키친","196412.056077814    ","455368.564776551    ","서울특별시 종로구 신영동 168-3 "
"3000000-101-2021-00024","지코바 독립문점","196522.366959975    ","452140.273047242    ","서울특별시 종로구 교북동 126 경희궁자이 4단지 "
"3000000-101-2021-00025","자크","199074.830588093    ","452095.549787281    ","서울특별시 종로구 낙원동 187 대한빌딩 "
"3000000-101-2021-00027","성대한 김밥","199803.362144139    ","453497.113513886    ","서울특별시 종로구 명륜2가 208-5 "
"3000000-101-2021-00028","광화문초밥","197753.303788837    ","452113.17286869     ","서울특별시 종로구 당주동 20-2 "
"3000000-101-2021-00029","콤마 테이블","199468.471431127    ","454095.81456093     ","서울특별시 종로구 명륜3가 1-187 "
"3000000-101-2021-00030","언껀(ANCAN)","197002.384856775    ","453170.469863863    ","서울특별시 종로구 누상동 49 "
"3000000-101-2021-00032","키친오늘","199100.970951887    ","452677.983063566    ","서울특별시 종로구 와룡동 109-1 C&H빌딩 "
"3000000-101-2021-00033","싸부닭강정 성대점","199782.710862359    ","453446.7681469      ","서울특별시 종로구 명륜2가 228 "
"3000000-101-2021-00035","플로라 카페테리아","197982.091130535    ","452324.467348872    ","서울특별시 종로구 세종로 82-14 주한미국대사관 "
"3000000-101-2021-00036","이스티브(EASTIVE)","199042.72412071     ","451834.553171381    ","서울특별시 종로구 관수동 130-1 "
"3000000-101-2021-00037","플롭(PLOP)","198700.966684179    ","452849.917110264    ","서울특별시 종로구 재동 84-20 "
"3000000-101-2021-00039","렛츠고피크닉","200195.614371753    ","453906.219405306    ","서울특별시 종로구 혜화동 26-43 "
"3000000-101-2021-00040","커피내리는 분식","200340.548934391    ","452964.75693019     ","서울특별시 종로구 동숭동 192-14 "
"3000000-101-2021-00041","세레나","198150.300374121    ","452019.212642931    ","서울특별시 종로구 종로1가 24 르메이에르종로타운1 "
"3000000-101-2021-00042","호텔뮤제(HOTEL MUSEE)","196495.088710969    ","452204.8488107      ","서울특별시 종로구 교북동 126-2 에이트 타워 "
"3000000-101-2021-00043","헬키푸키 종각점","198614.61995563     ","451842.501561085    ","서울특별시 종로구 관철동 155 종로1번가오피스텔 "
"3000000-101-2021-00044","도미노피자 세종로점","197288.633145983    ","453473.855293794    ","서울특별시 종로구 신교동 58-1 1층 "
"3000000-101-2021-00045","낙원멸치국수","198897.569901178    ","452318.687870214    ","서울특별시 종로구 낙원동 66 "
"3000000-101-2021-00046","서촌가배","197203.338962031    ","453067.715474151    ","서울특별시 종로구 누하동 30 "
"3000000-101-2021-00047","에피파니","198262.546401504    ","453465.535257724    ","서울특별시 종로구 팔판동 14 "
"3000000-101-2021-00049","문문","201570.375497415    ","452463.968068443    ","서울특별시 종로구 숭인동 72-86 "
"3000000-101-2021-00052","씨씨(CC)","200203.382555669    ","453354.538289057    ","서울특별시 종로구 동숭동 1-66 "
"3000000-101-2021-00054","서촌 티하우스레몬","197358.317741641    ","453096.853268491    ","서울특별시 종로구 통인동 106 "
"3000000-101-2021-00056","리김밥 덕수궁디팰리스점","197458.838227559    ","451820.889548579    ","서울특별시 종로구 신문로2가 171 "
"3000000-101-2021-00059","슬렁슬렁","197380.688297862    ","453260.251877709    ","서울특별시 종로구 효자동 25 "
"3000000-101-2021-00060","공간","198371.569081166    ","452916.648423418    ","서울특별시 종로구 안국동 17-19 "
"3000000-101-2021-00062","코트랩라운지바&카페","198774.481597379    ","452142.579476567    ","서울특별시 종로구 인사동 133 "
"3000000-101-2021-00063","코트키친 바이 로컬릿","198771.579346137    ","452119.53627838     ","서울특별시 종로구 인사동 130-2 해봉빌딩 "
"3000000-101-2021-00065","박가네","200387.544613004    ","452016.784453428    ","서울특별시 종로구 종로5가 246-5 "
"3000000-101-2021-00066","종로여가","200853.280573386    ","452430.159290446    ","서울특별시 종로구 창신동 647-12 "
"3000000-101-2021-00067","카페가가(cafe gaga)","197865.966333333    ","456429.344666667    ","서울특별시 종로구 평창동 106-2 안성빌딩 "
"3000000-101-2021-00068","국민포차","198838.912965902    ","452214.210961577    ","서울특별시 종로구 낙원동 288 낙원상가 "
"3000000-101-2021-00071","필운채","197240.228462358    ","452816.138261557    ","서울특별시 종로구 필운동 171-6 "
"3000000-101-2021-00072","사카모리","200001.843693984    ","453560.811276261    ","서울특별시 종로구 명륜2가 18 "
"3000000-101-2021-00073","신의주 찹쌀 순대국 동묘역점","201359.53353905     ","452395.659064842    ","서울특별시 종로구 숭인동 76 롯데캐슬 천지인 "
"3000000-101-2021-00074","흐엉관","200873.996485064    ","452206.310125207    ","서울특별시 종로구 창신동 567 "
"3000000-101-2021-00075","홈 코리안 퀴진","198184.749962358    ","452839.803662206    ","서울특별시 종로구 사간동 60 "
"3000000-101-2021-00077","미도식당","197650.653736722    ","452368.519288991    ","서울특별시 종로구 도렴동 60 도렴빌딩 "
"3000000-101-2021-00079","브루다 종로구청","198260.063190604    ","452262.484573124    ","서울특별시 종로구 수송동 156 G타워 "
"3000000-101-2021-00080","더크림","197086.764972159    ","453126.433111173    ","서울특별시 종로구 누하동 83-3 "
"3000000-101-2021-00081","정일백 하노이 쌀국수 종로직영점","198150.300374121    ","452019.212642931    ","서울특별시 종로구 종로1가 24 르메이에르종로타운1 "
"3000000-101-2021-00082","호감(HOGAM)분식","201841.620012536    ","452706.724075012    ","서울특별시 종로구 숭인동 747-2 "
"3000000-101-2021-00084","익선끝집","198906.457013546    ","452380.772156309    ","서울특별시 종로구 낙원동 56 "
"3000000-101-2021-00087","베르니","197573.030749573    ","452175.335781858    ","서울특별시 종로구 당주동 100 세종빌딩, 세종아파트 "
"3000000-101-2021-00091","비어클럽 Beer Club 안국역6번출구","198559.913803199    ","452581.293462031    ","서울특별시 종로구 관훈동 110 관훈주차장 "
"3000000-101-2021-00092","멜팅샵","198068.926781947    ","452087.030190231    ","서울특별시 종로구 청진동 246 D타워 "
"3000000-101-2021-00093","찬 Cafe&김밥","201308.1276594      ","452046.40186495     ","서울특별시 종로구 창신동 393-4 "
"3000000-101-2021-00094","매화다방(MAEHWA)","199056.624870674    ","452486.281015223    ","서울특별시 종로구 익선동 78-1 다온빌딩 "
"3000000-101-2021-00095","뮤추얼사운드클럽(mutual sound club)","197411.165595466    ","452864.962932176    ","서울특별시 종로구 체부동 30 "
"3000000-101-2021-00097","카우보이","197567.747824202    ","452347.973860449    ","서울특별시 종로구 내수동 75 용비어천가 "
"3000000-101-2021-00098","돌고래밥","197713.264843734    ","451938.037703258    ","서울특별시 종로구 신문로1가 163 광화문오피시아빌딩 "
"3000000-101-2021-00099","소다만식품","199015.39293845     ","451900.876514167    ","서울특별시 종로구 관수동 17-1 "
"3000000-101-2021-00100","꽃보다 밥","201829.035795992    ","452406.943520468    ","서울특별시 종로구 숭인동 201-7 "
"3000000-101-2021-00102","솟대","201253.807661498    ","452246.029400306    ","서울특별시 종로구 창신동 326-6 "
"3000000-101-2021-00106","몽테뉴","198814.852977728    ","452995.885146635    ","서울특별시 종로구 계동 140-51 "
"3000000-101-2021-00109","명란식당","197338.029200346    ","452834.708620177    ","서울특별시 종로구 체부동 123 "
"3000000-101-2021-00110","진할매 원조닭집","200424.240542303    ","451997.591190561    ","서울특별시 종로구 종로5가 462-1 "
"3000000-101-2021-00111","원기옥 광화문점","197458.838227559    ","451820.889548579    ","서울특별시 종로구 신문로2가 171 "
"3000000-101-2021-00112","어글리셰프(ugly chef)","198288.566513785    ","453822.541492716    ","서울특별시 종로구 삼청동 136 "
"3000000-101-2021-00113","진공푸","199623.026873596    ","453806.954405226    ","서울특별시 종로구 명륜3가 14-2 "
"3000000-101-2021-00114","퍼스트보드게임카페","200117.746969613    ","453398.707063559    ","서울특별시 종로구 동숭동 1-34 두호랑 "
"3000000-101-2021-00117","할머니곱창","200332.504629868    ","452007.8758849      ","서울특별시 종로구 종로5가 225-37 "
"3000000-101-2021-00118","신초이","200131.154492792    ","453495.104505119    ","서울특별시 종로구 혜화동 190-1 "
"3000000-101-2021-00119","톤티(Tonti)","198720.629905457    ","452816.594602384    ","서울특별시 종로구 재동 85-1 "
"3000000-101-2021-00120","다이브(DIVE)","199120.386054639    ","452366.057156225    ","서울특별시 종로구 익선동 158-3 대구장여관 "
"3000000-101-2021-00121","죽마고우","198501.072040885    ","452555.724286295    ","서울특별시 종로구 관훈동 118-34 "
"3000000-101-2021-00122","포스트 펍","199095.639005149    ","451905.388154668    ","서울특별시 종로구 관수동 24 더포스트 "
"3000000-101-2021-00123","닭다방X종로우성닭갈비","198524.792861134    ","451892.974692056    ","서울특별시 종로구 관철동 43-14 "
"3000000-101-2021-00124","너섬가","199986.992175119    ","452219.736988433    ","서울특별시 종로구 연지동 258 "
"3000000-101-2021-00127","주식회사 에디션덴마크 쇼룸","197259.211288356    ","453031.967158992    ","서울특별시 종로구 통인동 74 "
"3000000-101-2021-00128","아께스토라(A quest'ora)","201116.783180727    ","453043.531911535    ","서울특별시 종로구 창신동 14-9 "
"3000000-101-2021-00129","석원","199452.387692935    ","451843.053727444    ","서울특별시 종로구 장사동 189-1 "
"3000000-101-2021-00130","본죽&비빔밥(종로르메이에르점)","198150.300374121    ","452019.212642931    ","서울특별시 종로구 종로1가 24 르메이에르종로타운1 "
"3000000-101-2021-00131","또보겠지 떡볶이집 몽글몽글 청계점","198803.125778143    ","451930.797998966    ","서울특별시 종로구 관철동 6-4 "
"3000000-101-2021-00132","석암생소금구이 종로익선점","199108.885647581    ","452268.581634295    ","서울특별시 종로구 돈의동 46-1 "
"3000000-101-2021-00133","왓츠업","198995.187907221    ","452626.760799916    ","서울특별시 종로구 운니동 43 "
"3000000-101-2021-00135","지미관","200883.062628972    ","452530.632630282    ","서울특별시 종로구 창신동 583-95 "
"3000000-101-2021-00136","광화문라스토랑","198150.300374121    ","452019.212642931    ","서울특별시 종로구 종로1가 24 르메이에르종로타운1 "
"3000000-101-2021-00137","낙원역","199053.324509474    ","452341.621682068    ","서울특별시 종로구 익선동 166-32 "
"3000000-101-2021-00138","도담 1988","198637.459398462    ","452450.300174611    ","서울특별시 종로구 관훈동 30-16 "
"3000000-101-2021-00139","통인동 커피공방 위켄드","197300.797277857    ","453033.707854529    ","서울특별시 종로구 통인동 132 "
"3000000-101-2021-00140","불란집","197242.069348765    ","453145.750693585    ","서울특별시 종로구 통인동 28-1 "
"3000000-101-2021-00141","로아상 서울","198677.323105416    ","452150.57609011     ","서울특별시 종로구 인사동 220-1 "
"3000000-101-2021-00142","회기버거 경희궁자이점","196931.854196185    ","451813.489945391    ","서울특별시 종로구 평동 233 경희궁자이 3단지 "
"3000000-101-2021-00144","희훈(HEEHOON)","201306.498865623    ","452102.579770822    ","서울특별시 종로구 창신동 393-12 "
"3000000-101-2021-00145","보리","201691.475364778    ","452555.396948117    ","서울특별시 종로구 숭인동 178-67 "
"3000000-101-2021-00146","디지비지(DZBZ)","199042.936127484    ","452266.015492574    ","서울특별시 종로구 돈의동 37 삼창빌딩 "
"3000000-101-2021-00148","각 서울","198815.433575265    ","451830.894858452    ","서울특별시 종로구 관철동 10-1 "
"3000000-101-2021-00150","창대순대국","201341.677424554    ","452471.587514595    ","서울특별시 종로구 숭인동 81-15 필빌딩 "
"3000000-101-2021-00152","어스름","200285.112514425    ","453351.681389588    ","서울특별시 종로구 동숭동 1-83 현대엘리베이터 빌딩 "
"3000000-101-2021-00153","가례원","198312.567450229    ","453460.842929381    ","서울특별시 종로구 팔판동 27-3 "
"3000000-101-2021-00155","서울식당","198940.96084618     ","451875.310645472    ","서울특별시 종로구 관수동 159-2 "
"3000000-101-2021-00157","할리스 청계천점","198745.505833763    ","451805.605812042    ","서울특별시 종로구 관철동 11-5 "
"3000000-101-2021-00159","이복희해장 종로직영점","198816.147205348    ","451850.608028219    ","서울특별시 종로구 관철동 7-14 "
"3000000-101-2021-00161","티로아","198498.918632911    ","452473.403750001    ","서울특별시 종로구 관훈동 155-2 "
"3000000-101-2021-00163","아리계곡 종각점","198640.296304407    ","451931.65829484     ","서울특별시 종로구 관철동 18-3 "
"3000000-101-2021-00164","도화서길 카페","198342.219430772    ","452565.758843258    ","서울특별시 종로구 수송동 12 1,2,3,층/옥외영업 수송동 17(62제곱), 수송동 33(140제곱), 수송동 36-1(44제곱) "
"3000000-101-2021-00165","신진슈퍼","200323.51924301     ","452009.699824244    ","서울특별시 종로구 종로5가 225-10 "
"3000000-101-2021-00167","학교 앞 분식","197235.01564622     ","451839.378671658    ","서울특별시 종로구 신문로2가 19-1 동서한의원 1-2층 "
"3000000-101-2021-00168","종로칼국수","200303.772075676    ","452377.439503925    ","서울특별시 종로구 충신동 206-12 "
"3000000-101-2021-00169","(주)야마야푸즈서비스 야마야 광화문 D타워점","198068.926781947    ","452087.030190231    ","서울특별시 종로구 청진동 246 D타워 "
"3000000-101-2021-00170","무화서울 안국점","198643.527390606    ","452952.126924256    ","서울특별시 종로구 재동 47 "
"3000000-101-2021-00171","규리네 과일가게 종로점","198150.300374121    ","452019.212642931    ","서울특별시 종로구 종로1가 24 르메이에르종로타운1 "
"3000000-101-2021-00175","시래기 담은","198247.619259368    ","453256.682304311    ","서울특별시 종로구 팔판동 71 "
"3000000-101-2021-00176","커피향기","200497.490300925    ","452297.734420472    ","서울특별시 종로구 종로6가 215-52 "
"3000000-101-2021-00177","아리계곡 종각점 2호","198640.296304407    ","451931.65829484     ","서울특별시 종로구 관철동 18-3 "
"3000000-101-2021-00178","온재","198344.881006664    ","453051.710699851    ","서울특별시 종로구 소격동 144-8 "
"3000000-101-2021-00179","굿모닝 인사점","198457.208292267    ","452339.530424899    ","서울특별시 종로구 견지동 68-5 S&S빌딩 "
"3000000-101-2021-00180","청춘극장","199183.407469454    ","452042.97196024     ","서울특별시 종로구 종로3가 18 대광빌딩 "
"3000000-101-2021-00181","한사리 감자탕","198764.063085153    ","451885.639756666    ","서울특별시 종로구 관철동 13-3 "
"3000000-101-2021-00182","더쌍화 피카디리플러스점","199155.544853099    ","452083.125538906    ","서울특별시 종로구 돈의동 137 피카디리플러스 "
"3000000-101-2021-00183","병아리김밥 동대문1호점","200868.697651685    ","452242.540730629    ","서울특별시 종로구 창신동 687-1 1층 "
"3000000-101-2021-00184","도미노피자 평창점","197212.364862058    ","456055.205802855    ","서울특별시 종로구 평창동 158-1 글로리아타운 비동 102,103호 "
"3000000-101-2021-00187","헤이델리 (Hey deli)","196970.959941524    ","453153.893935607    ","서울특별시 종로구 누상동 95 지하층 "
"3000000-101-2021-00188","소곱집","201253.036973185    ","452061.365569452    ","서울특별시 종로구 창신동 406-1 1층 "
"3000000-101-2021-00189","늘솜","197567.849954354    ","452567.159554494    ","서울특별시 종로구 적선동 80 적선현대빌딩 지하1층 9호 "
"3000000-101-2021-00190","메가엠지씨 커피 안국역점","198729.677469953    ","452763.488633469    ","서울특별시 종로구 재동 94-1 "
"3000000-101-2021-00193","오도레D","199982.475495085    ","453275.649962144    ","서울특별시 종로구 명륜4가 118-6 1층 "
"3000000-101-2021-00195","노가리 랩소디","199963.371377341    ","452154.62719292     ","서울특별시 종로구 종로5가 104-4 "
"3000000-101-2021-00196","슈가스컬 종로점","198581.07505765     ","451932.290554746    ","서울특별시 종로구 관철동 18-10 코너스톤 "
"3000000-101-2021-00197","라홍방 마라탕 종로5가역점","200069.598960974    ","452132.848980757    ","서울특별시 종로구 효제동 320 "
"3000000-101-2021-00198","철이네 오뎅","198614.61995563     ","451842.501561085    ","서울특별시 종로구 관철동 155 종로1번가오피스텔 "
"3000000-101-2021-00199","치앙마이방콕(창신)","200960.761517803    ","452630.262357975    ","서울특별시 종로구 창신동 23-663 "
"3000000-101-2021-00200","광화문 옥상포차","197698.745044225    ","452100.51787896     ","서울특별시 종로구 당주동 40 4층 "
"3000000-101-2021-00201","도넛정수","200889.980362805    ","452887.783599235    ","서울특별시 종로구 창신동 23-492 "
"3000000-101-2021-00202","밀림","200960.761517803    ","452630.262357975    ","서울특별시 종로구 창신동 23-663 2층 "
"3000000-101-2021-00204","광화문 쌈밥","197713.264843734    ","451938.037703258    ","서울특별시 종로구 신문로1가 163 광화문오피시아빌딩 지하1층 102호 "
"3000000-101-2021-00205","챔버룸","199474.745604694    ","451912.63802316     ","서울특별시 종로구 장사동 128-3 201,202호"
"3000000-101-2021-00206","몽키스돈가스 광화문본점","197595.161312175    ","452460.054621887    ","서울특별시 종로구 적선동 156 광화문 플래티넘 지하1층 105호 "
"3000000-101-2021-00207","비에이치씨(BHC) 독립문역점","196443.966540043    ","452277.577191058    ","서울특별시 종로구 행촌동 209-69 대신빌딩 1층 "
"3000000-101-2021-00209","사바하","197202.55394376     ","452763.87014477     ","서울특별시 종로구 필운동 108 인왕빌딩 "
"3000000-101-2021-00210","안덕","197250.592681621    ","453244.741725393    ","서울특별시 종로구 옥인동 19-53 1층 "
"3000000-101-2021-00212","도틀밭(dotlebat)","197195.854869852    ","452895.944648281    ","서울특별시 종로구 누하동 255 1층 "
"3000000-101-2021-00214","우미회관","198469.569673223    ","451906.222979073    ","서울특별시 종로구 관철동 260 101호"
"3000000-101-2021-00216","꼬기공장","201286.70868374     ","452102.320264137    ","서울특별시 종로구 창신동 392-1 지하1층 "
"3000000-101-2021-00217","카페 딜쿠샤","196728.084383375    ","452359.225985969    ","서울특별시 종로구 행촌동 171-84 1층 "
"3000000-101-2021-00218","포케로로 경희궁의아침점","197465.223921125    ","452366.613899898    ","서울특별시 종로구 내수동 72 경희궁의아침 3단지 상가동 120호"
"3000000-101-2021-00219","타마린드D타워점","198068.926781947    ","452087.030190231    ","서울특별시 종로구 청진동 246 D타워 5층 504호"
"3000000-101-2021-00220","텅","198884.743439112    ","452765.921671768    ","서울특별시 종로구 운니동 98-20 로얄창덕궁빌딩 701호"
"3000000-101-2021-00221","비어있는 삶","198884.743439112    ","452765.921671768    ","서울특별시 종로구 운니동 98-20 로얄창덕궁빌딩 702호"
"3000000-101-2021-00222","인생 닭강정","200878.898757169    ","452331.682349587    ","서울특별시 종로구 창신동 582-29 "
"3000000-101-2021-00223","광장시장 나주댁 육회랑 전이랑","198701.052983363    ","451930.835021717    ","서울특별시 종로구 관철동 14-8 1~3층 "
"3000000-101-2021-00224","토리요우","197185.37513315     ","453031.354495856    ","서울특별시 종로구 누하동 47 "
"3000000-101-2021-00225","동강물고기매운탕","200833.121381281    ","452040.323909642    ","서울특별시 종로구 창신동 444-9 임진빌딩 "
"3000000-101-2021-00226","파이키","199251.493928331    ","452398.971901769    ","서울특별시 종로구 권농동 191-3 금보빌딩 101호"
"3000000-101-2021-00228","뮤통(mouton)","197374.591765114    ","453675.407112026    ","서울특별시 종로구 청운동 97 1층 "
"3000000-101-2021-00229","히든아워","200046.559959664    ","451978.256466717    ","서울특별시 종로구 종로5가 395-8 "
"3000000-101-2021-00231","세컨드 커피","199125.711605161    ","452720.436666929    ","서울특별시 종로구 와룡동 25 "
"3000000-101-2021-00232","목포세발낙지","197241.802096646    ","452804.667309149    ","서울특별시 종로구 필운동 168 1층 "
"3000000-101-2021-00233","풍년 생고기","199126.511814389    ","452333.514862918    ","서울특별시 종로구 돈의동 1 1층, 서진빌딩 "
"3000000-101-2021-00238","익선우즈","199056.411224927    ","452428.283521821    ","서울특별시 종로구 익선동 126-1 지하1층-2층 "
"3000000-101-2021-00239","종로덮밥","198150.300374121    ","452019.212642931    ","서울특별시 종로구 종로1가 24 르메이에르종로타운1 지하1층 B103A 1-2호"
"3000000-101-2021-00240","로우루프","198627.651301732    ","453177.170137833    ","서울특별시 종로구 가회동 175-2 1,2,4층 "
"3000000-101-2021-00242","북촌","197385.242515478    ","452898.862703149    ","서울특별시 종로구 통인동 158 1층 "
"3000000-101-2021-00243","삼씨오화","198493.358663851    ","452139.024770523    ","서울특별시 종로구 공평동 17 2층 RETAIL2 2,3호"
"3000000-101-2021-00244","공차 두산연강빌딩점","200038.343054497    ","452178.774541021    ","서울특별시 종로구 연지동 270 두산아트센터 1층 일부 "
"3000000-101-2021-00245","통인스윗","197248.314174749    ","453038.712104362    ","서울특별시 종로구 통인동 73 "
"3000000-101-2021-00247","현조","198542.65020446     ","452504.075817528    ","서울특별시 종로구 관훈동 100-6 1층 "
"3000000-101-2021-00250","목계정","196048.515964041    ","456333.382551153    ","서울특별시 종로구 구기동 123-1 1층 "
"3000000-101-2021-00251","세종식당","197365.869519869    ","452933.251208681    ","서울특별시 종로구 통인동 154-5 "
"3000000-101-2021-00253","오봉카츠","197322.825862271    ","452832.562456249    ","서울특별시 종로구 체부동 125-2 "
"3000000-101-2021-00254","원조 할머니 기름떡볶이","197299.876227463    ","453151.771379059    ","서울특별시 종로구 통인동 94-1 "
"3000000-101-2021-00255","기사","198324.877612519    ","453272.738166011    ","서울특별시 종로구 화동 51-1 "
"3000000-101-2021-00256","장호덕손만두","196711.256846666    ","452060.860508565    ","서울특별시 종로구 홍파동 199 경희궁자이 2단지 상가동 2102호"
"3000000-101-2021-00257","카페다겸","198364.583550548    ","453613.500637384    ","서울특별시 종로구 삼청동 62-11 1-2층 "
"3000000-101-2021-00258","다담1977","199963.371377341    ","452154.62719292     ","서울특별시 종로구 종로5가 104-4 1층 101호"
"3000000-101-2021-00260","(주)평창동북악정(신관)","197983.768040008    ","456539.708373722    ","서울특별시 종로구 평창동 109-1 "
"3000000-101-2021-00264","무목","196831.669989477    ","453272.253272624    ","서울특별시 종로구 누상동 166-161 "
"3000000-101-2021-00266","샤브단","199918.139450763    ","453357.597481473    ","서울특별시 종로구 명륜4가 63-2 "
"3000000-101-2021-00267","강릉엄지네꼬막집 서대문역점","196931.854196185    ","451813.489945391    ","서울특별시 종로구 평동 233 경희궁자이 상가동 3140호"
"3000000-101-2021-00268","할리스 독립문역점","196337.521555652    ","452392.511944476    ","서울특별시 종로구 무악동 89 경희궁 롯데캐슬 "
"3000000-101-2021-00269","대륙","199183.407469454    ","452042.97196024     ","서울특별시 종로구 종로3가 18 대광빌딩 1,2층 "
"3000000-101-2021-00270","무위낙원","198999.756068438    ","452350.728440872    ","서울특별시 종로구 익선동 166-79 1층 "
"3000000-101-2021-00271","알프카베이커리카페(alppucca barkery cafe)","199909.059357137    ","453439.755923452    ","서울특별시 종로구 명륜2가 180-2 1-4층 "
"3000000-101-2021-00272","마초스테이크 혜화점","200178.262552147    ","453484.642323703    ","서울특별시 종로구 동숭동 1-11 "
"3000000-101-2021-00273","모담","197458.838227559    ","451820.889548579    ","서울특별시 종로구 신문로2가 171 "
"3000000-101-2021-00274","카페3청(Cafe 3CHEONG)","198299.149784888    ","453825.800465823    ","서울특별시 종로구 삼청동 124-2 "
"3000000-101-2021-00275","우아지경","197567.93800572     ","452276.454633376    ","서울특별시 종로구 내수동 167 대우빌딩 지하1층 120호"
"3000000-101-2021-00276","엄용백 돼지구이 광화문","198278.821372701    ","452340.472355738    ","서울특별시 종로구 수송동 46-13 1,2층 "
"3000000-101-2021-00280","테르트르카페","200909.314483453    ","452884.159030619    ","서울특별시 종로구 창신동 23-448 5층 "
"3000000-101-2021-00281","테르트르카페","200909.314483453    ","452884.159030619    ","서울특별시 종로구 창신동 23-448 4층 "
"3000000-101-2021-00282","서촌 프렌치","197067.986973668    ","453152.677616681    ","서울특별시 종로구 옥인동 149-1 "
"3000000-101-2021-00283","레알 간장게장 종로점","201301.938763981    ","452494.323562443    ","서울특별시 종로구 창신동 80-5 "
"3000000-101-2021-00284","강여사집밥&찬","200075.787510648    ","452893.057294685    ","서울특별시 종로구 연건동 80-2 1층 "
"3000000-101-2021-00285","사랑채","197235.66284346     ","451870.752656117    ","서울특별시 종로구 신문로2가 44 1층 "
"3000000-101-2021-00286","비비드(ViVi:D)","196130.084874229    ","456472.611683236    ","서울특별시 종로구 구기동 136-4 "
"3000000-101-2021-00288","익선통하다 (2호점)","199095.406494322    ","452353.027185423    ","서울특별시 종로구 익선동 164-1 "
"3000000-101-2021-00290","엠바(M bar)","199042.936127484    ","452266.015492574    ","서울특별시 종로구 돈의동 37 삼창빌딩 "
"3000000-101-2021-00291","라신반","198538.187537619    ","452524.551177639    ","서울특별시 종로구 관훈동 106 "
"3000000-101-2021-00292","스트렝스커피","200140.883358529    ","452606.023320068    ","서울특별시 종로구 연건동 190-9 1층 일부, 지하1층 "
"3000000-101-2021-00294","아소보","197465.223921125    ","452366.613899898    ","서울특별시 종로구 내수동 72 경희궁의아침 3단지 지하2층 121-2호"
"3000000-101-2021-00295","장원식당","200917.905199686    ","452387.198463512    ","서울특별시 종로구 창신동 583-20 "
"3000000-101-2021-00296","솥밥예찬 인사동점","198498.918632911    ","452473.403750001    ","서울특별시 종로구 관훈동 155-2 "
"3000000-101-2021-00297","더프트 DUFT","197478.53747014     ","452259.334813912    ","서울특별시 종로구 내수동 73 경희궁의 아침 4단지 1층 115호"
"3000000-101-2021-00298","바나프레소 청진타워8점","198213.955223154    ","452045.296742706    ","서울특별시 종로구 청진동 128 Tower 8 "
"3000000-101-2021-00301","샹츠마라 종로점","198683.848370092    ","451822.996762578    ","서울특별시 종로구 관철동 11-14 "
"3000000-101-2021-00302","마디그라 종로점","198581.07505765     ","451932.290554746    ","서울특별시 종로구 관철동 18-10 지하1층 "
"3000000-101-2021-00303","라쿠엔(LAKUEN)","198848.476178186    ","452412.111191926    ","서울특별시 종로구 낙원동 6 "
"3000000-101-2021-00304","레빗(Rabbit)","199904.561030606    ","453378.897328719    ","서울특별시 종로구 명륜4가 61-3 "
"3000000-101-2021-00306","브라질카페 꼬르꼬바두","199042.72412071     ","451834.553171381    ","서울특별시 종로구 관수동 130-1 "
"3000000-101-2021-00307","증류주관차","201216.222044162    ","452147.615275816    ","서울특별시 종로구 창신동 330-36 "
"3000000-101-2021-00310","갓잇","198689.003241216    ","452877.421797642    ","서울특별시 종로구 재동 84-30 "
"3000000-101-2021-00311","에코레","197082.756812217    ","453149.048757351    ","서울특별시 종로구 옥인동 145 우림빌라 "
"3000000-101-2021-00312","델리노쉬","197361.848625828    ","452983.593503638    ","서울특별시 종로구 통인동 147-4 인왕사우나 1층 "
"3000000-101-2021-00313","치즈공업사","200989.252183464    ","452634.996554814    ","서울특별시 종로구 창신동 23-660 1, 2층 "
"3000000-101-2021-00315","엘까르니따스","198997.343630347    ","452325.171876156    ","서울특별시 종로구 익선동 166-66 "
"3000000-101-2021-00316","아메리칸 브런치 카페(American Brunch Cafe)","198548.101669051    ","452721.609833962    ","서울특별시 종로구 안국동 92 1층 "
"3000000-101-2021-00317","이디야커피 종로이화동점","200657.7230967      ","452793.275174814    ","서울특별시 종로구 이화동 9-84 1-2층 "
"3000000-101-2021-00318","할리스 성균관대점","199791.243988939    ","453472.600328296    ","서울특별시 종로구 명륜2가 204 1-4층 "
"3000000-101-2021-00319","원조 홍릉각 안국점","198720.229613286    ","452850.435941322    ","서울특별시 종로구 재동 84-18 1층 "
"3000000-101-2021-00320","브루다 종로5가","200072.378101828    ","452291.689518232    ","서울특별시 종로구 연지동 136-46 한국기독교회관 "
"3000000-101-2021-00321","쌍벌식당","199147.760577643    ","451956.53315786     ","서울특별시 종로구 관수동 43-2 "
"3000000-101-2021-00327","무제","200596.49428547     ","452355.677260371    ","서울특별시 종로구 종로6가 201-3 "
"3000000-101-2021-00330","고기연","197442.786751439    ","452780.156094991    ","서울특별시 종로구 체부동 80 1층 "
"3000000-101-2021-00331","셔터(Shutter)","199042.936127484    ","452266.015492574    ","서울특별시 종로구 돈의동 37 삼창빌딩 "
"3000000-101-2021-00332","더마샬라 디타워점","198068.926781947    ","452087.030190231    ","서울특별시 종로구 청진동 246 D타워 310호"
"3000000-101-2021-00333","미스터용 차이나버거 성균관대점","199782.710862359    ","453446.7681469      ","서울특별시 종로구 명륜2가 228 "
"3000000-101-2021-00335","비비큐 대학로점","200202.422227019    ","453256.751921498    ","서울특별시 종로구 동숭동 1-105 "
"3000000-101-2021-00336","카페 진주리","200351.617137101    ","453316.491617769    ","서울특별시 종로구 동숭동 50-34 1층 "
"3000000-101-2021-00337","낙원장","199043.67199796     ","452298.059115176    ","서울특별시 종로구 익선동 170 2층 일부 "
"3000000-101-2021-00338","루키","199101.834946567    ","452130.789140803    ","서울특별시 종로구 돈의동 93-6 "
"3000000-101-2021-00340","바닐라비 서촌점","197135.436224288    ","453273.042599977    ","서울특별시 종로구 옥인동 43-2 1층 "
"3000000-101-2021-00341","백제식당","199474.745604694    ","451912.63802316     ","서울특별시 종로구 장사동 128-3 "
"3000000-101-2021-00344","올덴페이퍼(OLDENPAPER)","201553.724531808    ","452419.477666425    ","서울특별시 종로구 숭인동 72-55 3층 "
"3000000-101-2021-00345","어수지락","197374.163421854    ","453052.376325937    ","서울특별시 종로구 통인동 118-3 1층 "
"3000000-101-2021-00347","기차 앤 초밥","198356.538653581    ","453852.427485947    ","서울특별시 종로구 삼청동 27-35 1, 2층 "
"3000000-101-2021-00348","돌담","199269.790478603    ","452370.628204489    ","서울특별시 종로구 봉익동 11-10 "
"3000000-101-2021-00349","한마루","198150.300374121    ","452019.212642931    ","서울특별시 종로구 종로1가 24 르메이에르종로타운1 230호"
"3000000-101-2021-00350","삼청로 조개칼국수","198339.218909428    ","453779.457487851    ","서울특별시 종로구 삼청동 28-19 RH타운, 1층, 3층 "
"3000000-101-2021-00351","영월사랑방식당 광화문점","197662.503910553    ","452189.09236786     ","서울특별시 종로구 당주동 5 로얄빌딩 "
"3000000-101-2021-00352","푸른꽃(Die Blaue Blume)","197350.432194313    ","452557.581517819    ","서울특별시 종로구 내자동 158-2 1층 "
"3000000-101-2021-00354","솔방울2","199206.487579746    ","452419.980277772    ","서울특별시 종로구 권농동 187-6 1층 "
"3000000-101-2021-00355","홍어랑 민어랑","199174.38334774     ","452150.778808703    ","서울특별시 종로구 돈의동 125-1 동아빌딩 2층 일부 "
"3000000-101-2021-00357","오루로(ORURO)","197432.183825753    ","453037.27489786     ","서울특별시 종로구 창성동 134 1층 "
"3000000-101-2021-00358","솔방울1","199205.843899201    ","452431.717433027    ","서울특별시 종로구 권농동 187-5 (1, 2층) "
"3000000-101-2021-00359","슬로운(SLOWN)","199158.559622066    ","452724.902597322    ","서울특별시 종로구 권농동 133 정호 "
"3000000-101-2021-00360","하우크1(HAUKE1)","200653.033541993    ","452845.686524455    ","서울특별시 종로구 이화동 9-66 1, 2층 "
"3000000-101-2021-00361","안개상자","199039.17393682     ","452186.820600856    ","서울특별시 종로구 돈의동 75-5 지하 1층 "
"3000000-101-2021-00362","트마리","199186.692056107    ","452518.580104974    ","서울특별시 종로구 권농동 182-7 "
"3000000-101-2021-00364","명쭈3 대학로본점","199696.785727894    ","453540.934077944    ","서울특별시 종로구 명륜2가 216-1 "
"3000000-101-2021-00365","하우크 ll(HAUKE ll)","200653.033541993    ","452845.686524455    ","서울특별시 종로구 이화동 9-66 1-2층 "
"3000000-101-2021-00367","진작카키 안국점","198792.251585499    ","453022.578099093    ","서울특별시 종로구 계동 140-44 1-2층 "
"3000000-101-2021-00368","용금옥 진미필담","197351.58444672     ","452701.847682079    ","서울특별시 종로구 체부동 199 1층 일부 "
"3000000-101-2021-00369","준푸드앤컬쳐(더반상)","198534.549198735    ","452256.166993396    ","서울특별시 종로구 관훈동 198-42 관훈빌딩(센터마크호텔) 지하2층 "
"3000000-101-2021-00371","설삼집","197337.798317095    ","456035.380951779    ","서울특별시 종로구 평창동 195-1 "
"3000000-101-2021-00374","과일연구냥","198150.300374121    ","452019.212642931    ","서울특별시 종로구 종로1가 24 르메이에르종로타운1 209-1호"
"3000000-101-2021-00375","엄마의 부엌","197465.223921125    ","452366.613899898    ","서울특별시 종로구 내수동 72 경희궁의아침 3단지 상가동 B113호, B114호 "
"3000000-101-2021-00376","수아키친","199423.071302496    ","454130.692380855    ","서울특별시 종로구 명륜3가 1-129 1층 전면부 우측 "
"3000000-101-2021-00378","77년생곱도리전골식당 동대문점","200914.780278358    ","452309.336813735    ","서울특별시 종로구 창신동 582-37 "
"3000000-101-2021-00379","작은부엌","197299.876227463    ","453151.771379059    ","서울특별시 종로구 통인동 94-1 "
"3000000-101-2021-00381","루시드(LUCYD)","199002.58665583     ","452595.792877995    ","서울특별시 종로구 운니동 62-1 HZONE 1층 101호 "
"3000000-101-2021-00382","멘(men)","201959.524603547    ","452746.432287728    ","서울특별시 종로구 숭인동 1236 "
"3000000-101-2021-00383","원써드","197145.918502571    ","453068.116131714    ","서울특별시 종로구 누하동 64 태평타운 "
"3000000-101-2022-00001","동대문 전기통닭","200923.800991348    ","452144.045229517    ","서울특별시 종로구 창신동 497-2 1층 "
"3000000-101-2022-00003","창신집","200918.786362599    ","452351.65921824     ","서울특별시 종로구 창신동 582-8 1층 "
"3000000-101-2022-00004","이니 미니 마니 모","198226.439109437    ","453376.13850289     ","서울특별시 종로구 팔판동 130-3 "
"3000000-101-2022-00006","신인류","198652.145786171    ","451962.651382427    ","서울특별시 종로구 종로2가 84-2 "
"3000000-101-2022-00007","홍지식탁 in광화문","198150.300374121    ","452019.212642931    ","서울특별시 종로구 종로1가 24 르메이에르종로타운1 "
"3000000-101-2022-00009","블랙칠(Black Chill)","201093.128419979    ","452244.220829469    ","서울특별시 종로구 창신동 170-3 "
"3000000-101-2022-00010","이모네 식당","200861.262782534    ","452037.977148394    ","서울특별시 종로구 창신동 444-6 "
"3000000-101-2022-00012","별난 고깃집","198963.479329414    ","452103.707437261    ","서울특별시 종로구 낙원동 207 파고다극장 지하1층 일부 "
"3000000-101-2022-00013","왕가네 웰빙","200916.699909092    ","452191.562811173    ","서울특별시 종로구 창신동 551 "
"3000000-101-2022-00016","개화","197193.516399694    ","453153.851684325    ","서울특별시 종로구 통인동 46-41 "
"3000000-101-2022-00017","라이크(LIKE)","199074.830588093    ","452095.549787281    ","서울특별시 종로구 낙원동 187 대한빌딩 "
"3000000-101-2022-00018","도쿠센","198403.062908229    ","452180.670203793    ","서울특별시 종로구 공평동 124 "
"3000000-101-2022-00019","소우","198231.45513357     ","452285.135018594    ","서울특별시 종로구 수송동 71-1 삼성빌딩 3층 "
"3000000-101-2022-00020","페레","196931.854196185    ","451813.489945391    ","서울특별시 종로구 평동 233 경희궁자이 3단지 "
"3000000-101-2022-00022","자미더홍(Jami the Hong)","200198.013052664    ","453462.503062425    ","서울특별시 종로구 동숭동 1-40 "
"3000000-101-2022-00023","고쿤스시","196337.521555652    ","452392.511944476    ","서울특별시 종로구 무악동 89 경희궁 롯데캐슬 상가1층 121호"
"3000000-101-2022-00024","대명","199373.484206494    ","452183.530248393    ","서울특별시 종로구 봉익동 55-12 "
"3000000-101-2022-00025","쿵푸양꼬치 종로점","200266.648160849    ","452120.989877863    ","서울특별시 종로구 종로5가 38-2 "
"3000000-101-2022-00027","호랭이 주막","196882.773871214    ","452590.055897837    ","서울특별시 종로구 사직동 262-1 1층 "
"3000000-101-2022-00029","트레이드아크 카페&갤러리","198320.6443991      ","453970.36818412     ","서울특별시 종로구 삼청동 18-1 "
"3000000-101-2022-00030","엘스","198814.210284072    ","453016.584496483    ","서울특별시 종로구 계동 140-46 1층 "
"3000000-101-2022-00031","혜火화","199942.100358625    ","453412.643090356    ","서울특별시 종로구 명륜4가 52 "
"3000000-101-2022-00032","국빈관 별관","197598.125298905    ","452697.207401548    ","서울특별시 종로구 통의동 41-1 2층 "
"3000000-101-2022-00036","서래향","200258.68186666     ","453211.209897985    ","서울특별시 종로구 동숭동 1-94 1층 "
"3000000-101-2022-00038","라파리나(La farina)","197417.648356846    ","453075.367164502    ","서울특별시 종로구 창성동 140 2층 "
"3000000-101-2022-00040","더바움 경복궁점","197454.209301072    ","452787.059877327    ","서울특별시 종로구 체부동 44 1, 2층 "
"3000000-101-2022-00041","체나레 인 서촌 (CENARE IN SEOCHON)","197184.7620186      ","453141.020572762    ","서울특별시 종로구 누하동 1-16 "
"3000000-101-2022-00042","익선요록","199036.553690382    ","452375.027094225    ","서울특별시 종로구 익선동 166-36 1층 "
"3000000-101-2022-00044","0711 칠성","197559.791065754    ","452388.315239125    ","서울특별시 종로구 내수동 74 광화문시대 109호"
"3000000-101-2022-00045","화이트 버튼","200082.641938093    ","452002.659260815    ","서울특별시 종로구 종로5가 398-16 1,2층 "
"3000000-101-2022-00048","노우즈 종로","198469.569673223    ","451906.222979073    ","서울특별시 종로구 관철동 260 3층 301호"
"3000000-101-2022-00051","2+1동방스낵","200882.95137352     ","452429.880998651    ","서울특별시 종로구 창신동 584 "
"3000000-101-2022-00052","이슈","198978.477657575    ","452064.152601178    ","서울특별시 종로구 낙원동 203 "
"3000000-101-2022-00054","동감","197348.49760356     ","453653.339824895    ","서울특별시 종로구 청운동 108-5 "
"3000000-101-2022-00055","슬로우캘리","197583.394691008    ","452513.612017871    ","서울특별시 종로구 적선동 122-1 한국생산성본부 "
"3000000-101-2022-00056","아담집별관","199089.552994213    ","452410.63705712     ","서울특별시 종로구 익선동 110-3 "
"3000000-101-2022-00057","크리스탈","197363.025335591    ","452920.711139124    ","서울특별시 종로구 통인동 154-8 통인동근린생활시설/다세대 "
"3000000-101-2022-00058","광화문석갈비D타워점","198068.926781947    ","452087.030190231    ","서울특별시 종로구 청진동 246 D타워 "
"3000000-101-2022-00059","스터드","199042.936127484    ","452266.015492574    ","서울특별시 종로구 돈의동 37 삼창빌딩 "
"3000000-101-2022-00062","아워플래닛","196831.669989477    ","453272.253272624    ","서울특별시 종로구 누상동 166-161 "
"3000000-101-2022-00063","주은","197287.41574464     ","452294.360874336    ","서울특별시 종로구 신문로2가 1-102 6층 "
"3000000-101-2022-00064","창경궁로240","199802.124041499    ","453323.995708879    ","서울특별시 종로구 명륜4가 188-20 1층 "
"3000000-101-2022-00066","릴리 마를렌","200008.703319373    ","453259.061990998    ","서울특별시 종로구 명륜4가 120 1층 "
"3000000-101-2022-00067","타코로 대학로점","200017.592004944    ","453411.534942853    ","서울특별시 종로구 명륜4가 16-2 2층 "
"3000000-101-2022-00068","커피원","198204.837322667    ","452293.432531176    ","서울특별시 종로구 수송동 80-6 석탄회관빌딩 지하1층 "
"3000000-101-2022-00069","미라클 샌드위치","197567.849954354    ","452567.159554494    ","서울특별시 종로구 적선동 80 적선현대빌딩, 지하1층 32호"
"3000000-101-2022-00074","광화문 해물포차 회포","197728.388480851    ","452086.244267116    ","서울특별시 종로구 당주동 38-2 "
"3000000-101-2022-00075","코야마","198286.311784052    ","452091.444332546    ","서울특별시 종로구 청진동 70 그랑서울 201호"
"3000000-101-2022-00077","육즙마니","199991.160789196    ","453655.976748838    ","서울특별시 종로구 혜화동 126-5 1층 "
"3000000-101-2022-00078","부암비어","196806.065333548    ","454474.0960668      ","서울특별시 종로구 부암동 263-1 1층 "
"3000000-101-2022-00079","푸드떼","198284.372763076    ","452853.820771468    ","서울특별시 종로구 사간동 26 1층 "
"3000000-101-2022-00083","용용선생 종각점","198744.767994092    ","451930.939476321    ","서울특별시 종로구 관철동 14-3 수지빌딩 1, 2층 "
"3000000-101-2022-00085","팔발라(FALBALAS)","198217.466580503    ","453226.645826839    ","서울특별시 종로구 팔판동 161 1,2층 "
"3000000-101-2022-00086","72420 종로점","199206.260165375    ","452307.124491006    ","서울특별시 종로구 묘동 15 1층 "
"3000000-101-2022-00087","다다익선","197583.394691008    ","452513.612017871    ","서울특별시 종로구 적선동 122-1 한국생산성본부 지하1층 5호"
"3000000-101-2022-00092","공샤브","198150.300374121    ","452019.212642931    ","서울특별시 종로구 종로1가 24 비114에이-1,비114에이-2, 비115에이-2, 비115에이-3 "
"3000000-101-2022-00094","밥주면","197650.653736722    ","452368.519288991    ","서울특별시 종로구 도렴동 60 도렴빌딩 "
"3000000-101-2022-00095","손정보쌈 종로점","198709.914471904    ","451849.824393559    ","서울특별시 종로구 관철동 12-11 1층 "
"3000000-101-2022-00096","(주)보나비 아티제 포제 종로 센트로폴리스","198493.358663851    ","452139.024770523    ","서울특별시 종로구 공평동 17 1층 RETAIL 2, 3 호 "
"3000000-101-2022-00097","레코드피자","199981.854204626    ","453494.829728673    ","서울특별시 종로구 명륜2가 21-12 "
"3000000-101-2022-00098","엘리 야리","196582.640025011    ","454989.617922407    ","서울특별시 종로구 부암동 186-2 1층 "
"3000000-101-2022-00101","엠엠에스","197584.742405655    ","452676.088685564    ","서울특별시 종로구 적선동 25 "
"3000000-101-2022-00102","지퍼(Zipper)","198939.59376248     ","452197.789326773    ","서울특별시 종로구 낙원동 225 한국장기협회 3층 "
"3000000-101-2022-00106","자몽밀크티","199439.545062071    ","454081.226005759    ","서울특별시 종로구 명륜3가 1-27 지하1층 "
"3000000-101-2022-00109","뮤직컴플렉스서울","198498.918632911    ","452473.403750001    ","서울특별시 종로구 관훈동 155-2 "
"3000000-101-2022-00110","빛이든 공간","198341.423683466    ","453132.358375993    ","서울특별시 종로구 화동 89 1, 2층 "
"3000000-101-2022-00111","창경궁 초밥","199743.857385642    ","453359.613800074    ","서울특별시 종로구 명륜4가 198-2 한성빌딩 1층 "
"3000000-101-2022-00112","굽네치킨 종각역점","198785.17075945     ","451911.849094773    ","서울특별시 종로구 관철동 7-4 1, 2층 "
"3000000-101-2022-00113","띵즈34(THINGS34)","199627.567758344    ","453563.135323711    ","서울특별시 종로구 명륜3가 79-1 1층 "
"3000000-101-2022-00114","한국통닭 종로5가점","200321.978427629    ","452108.983614295    ","서울특별시 종로구 종로5가 27-1 1층 "
"3000000-101-2022-00115","100년 설렁탕","200005.67576435     ","453283.293031685    ","서울특별시 종로구 명륜4가 111-2 1층 "
"3000000-101-2022-00117","타렛","198330.288871338    ","453882.21092679     ","서울특별시 종로구 삼청동 21-3 1층 "
"3000000-101-2022-00118","고량주관","198706.576103155    ","451810.647699719    ","서울특별시 종로구 관철동 11-11 "
"3000000-101-2022-00119","렁팡스(L'enfance)","197287.41574464     ","452294.360874336    ","서울특별시 종로구 신문로2가 1-102 1층 "
"3000000-101-2022-00120","언코르크드(UNCORKED)","198638.925390127    ","452720.226690965    ","서울특별시 종로구 안국동 138-2 동신빌딩 지하1층 "
"3000000-101-2022-00121","콩쥐팥쥐","201306.20400973     ","452808.778405277    ","서울특별시 종로구 숭인동 55-5 1층 "
"3000000-101-2022-00122","카타딘","198568.919291475    ","453040.274472154    ","서울특별시 종로구 가회동 151-1 "
"3000000-101-2022-00123","솔솥 광화문 케이트윈점","198101.593328721    ","452496.362099822    ","서울특별시 종로구 중학동 19 더케이트윈타워 지하1층 "
"3000000-101-2022-00126","창창족발","200895.378406564    ","452901.863496818    ","서울특별시 종로구 창신동 23-446 지하1층~지상2층 "
"3000000-101-2022-00127","Cafe 마로니에","200348.502809135    ","452882.607271778    ","서울특별시 종로구 동숭동 199-17 동진빌딩 "
"3000000-101-2022-00128","곳온니플레이스MOFAT","197541.418168655    ","452115.300046799    ","서울특별시 종로구 신문로1가 238 신문로빌딩 "
"3000000-101-2022-00129","윤찬식당","198150.300374121    ","452019.212642931    ","서울특별시 종로구 종로1가 24 르메이에르종로타운1 "
"3000000-101-2022-00132","포담","197584.742405655    ","452676.088685564    ","서울특별시 종로구 적선동 25 2층 "
"3000000-101-2022-00133","샐러드로우 앤 트라타(광화문점)(SALADLOW&TRATAR)","197660.370711237    ","452306.635808312    ","서울특별시 종로구 도렴동 65 센터포인트광화문 "
"3000000-101-2022-00134","리히터(RICHTER)","200323.587168376    ","453170.360924504    ","서울특별시 종로구 동숭동 130-29 2층 "
"3000000-101-2022-00135","베스티브루 피카디리 갤러리 카페","199155.544853099    ","452083.125538906    ","서울특별시 종로구 돈의동 137 피카디리플러스 "
"3000000-101-2022-00137","아삐뽀레","199036.845658734    ","452361.507581098    ","서울특별시 종로구 익선동 166-37 "
"3000000-101-2022-00138","올덴 플레이스","201553.724531808    ","452419.477666425    ","서울특별시 종로구 숭인동 72-55 "
"3000000-101-2022-00139","글러브(GLOVE)","199042.936127484    ","452266.015492574    ","서울특별시 종로구 돈의동 37 삼창빌딩 3층 "
"3000000-101-2022-00142","텍스트북(TEXTBOOK)","197095.722850724    ","452798.163688949    ","서울특별시 종로구 필운동 32-1 2층 "
"3000000-101-2022-00143","깊픈","198538.187537619    ","452524.551177639    ","서울특별시 종로구 관훈동 106 "
"3000000-101-2022-00144","기생","199014.216833487    ","452508.596355883    ","서울특별시 종로구 익선동 52 "
"3000000-101-2022-00145","홍능족발1977","200005.117382494    ","453610.610906535    ","서울특별시 종로구 혜화동 133-1 복지빌딩 1층 "
"3000000-101-2022-00146","늘봄대도","200432.690205734    ","451993.117510903    ","서울특별시 종로구 종로5가 459 1층 "
"3000000-101-2022-00147","짱이","200301.848252162    ","452108.959329024    ","서울특별시 종로구 종로5가 33-1 종로5가 33-1, 종로5가 34-1, 1층 "
"3000000-101-2022-00148","온히어 온샐러드앤포케 광화문점","198189.21356959     ","452253.848804738    ","서울특별시 종로구 수송동 67-1 1층 "
"3000000-101-2022-00149","무제 스시","199983.055898134    ","453286.347852101    ","서울특별시 종로구 명륜4가 118-5 1층 "
"3000000-101-2022-00150","엠지 앤 타임","198590.152065725    ","451851.930284896    ","서울특별시 종로구 관철동 177 엠지호텔 "
"3000000-101-2022-00155","종로 해녀집 본점","198624.138578439    ","451931.849400946    ","서울특별시 종로구 관철동 18-4 1층 "
"3000000-101-2022-00157","베란다","197329.093525405    ","452568.884872006    ","서울특별시 종로구 내자동 162 1층 "
"3000000-101-2022-00158","한국초밥","196271.931096562    ","455295.230815852    ","서울특별시 종로구 홍지동 96-3 1층 "
"3000000-101-2022-00161","포동(Pho Dong)","197662.503910553    ","452189.09236786     ","서울특별시 종로구 당주동 5 로얄빌딩 지하1층 45.47호"
"3000000-101-2022-00162","이스토(Easto)","197172.20053017     ","453104.580286578    ","서울특별시 종로구 누하동 17-2 "
"3000000-101-2022-00163","모루카츠","198150.300374121    ","452019.212642931    ","서울특별시 종로구 종로1가 24 르메이에르종로타운1 "
"3000000-101-2022-00165","이마트24 종로성균관점","199679.87650518     ","454119.380531702    ","서울특별시 종로구 명륜1가 7-19 르느와르팰리스 1층 101호"
"3000000-101-2022-00166","논데","199178.380291985    ","451819.534096866    ","서울특별시 종로구 관수동 98-1 202호"
"3000000-101-2022-00167","리셉션","197371.887812909    ","453324.664252139    ","서울특별시 종로구 효자동 54 효자빌딩 1층 "
"3000000-101-2022-00168","피그바스켓","201841.620012536    ","452706.724075012    ","서울특별시 종로구 숭인동 747-2 1층 "
"3000000-101-2022-00170","종로클라쓰","199006.673946375    ","452233.299150748    ","서울특별시 종로구 낙원동 132-2 1층 "
"3000000-101-2022-00171","비스트로 가마","198504.404507942    ","452575.40356223     ","서울특별시 종로구 관훈동 118-2 충훈빌딩 "
"3000000-101-2022-00172","콩뼈숯뼈감자탕","200986.447020802    ","452215.701716963    ","서울특별시 종로구 창신동 537-1 1층 "
"3000000-101-2022-00173","상국","198949.63453253     ","453029.033692326    ","서울특별시 종로구 원서동 134-10 "
"3000000-101-2022-00174","일호상회","200976.272996355    ","452287.016377345    ","서울특별시 종로구 창신동 142-32 "
"3000000-101-2022-00175","아임엘렌","199927.493552587    ","453570.188742352    ","서울특별시 종로구 명륜2가 8-29 1층 "
"3000000-101-2022-00176","반디수블","197331.519145182    ","453157.763981195    ","서울특별시 종로구 통인동 97-1 "
"3000000-101-2022-00177","온프(onf)","199800.801480902    ","453466.569965031    ","서울특별시 종로구 명륜2가 203-1 1층 "
"3000000-101-2022-00179","카이식탁 (Kai Table)","201212.302034101    ","452290.813436107    ","서울특별시 종로구 창신동 302-5 "
"3000000-101-2022-00180","환희","199954.889412228    ","453397.202996046    ","서울특별시 종로구 명륜4가 66-3 2층 "
"3000000-101-2022-00181","유별나(You)","197465.223921125    ","452366.613899898    ","서울특별시 종로구 내수동 72 경희궁의아침 3단지 지2층 B107~108호 "
"3000000-101-2022-00182","아티제 광화문 에스타워점","197626.497681648    ","451938.484384565    ","서울특별시 종로구 신문로1가 116 에스타워 1층 "
"3000000-101-2022-00183","오버트서울","197198.313985828    ","452690.596527755    ","서울특별시 종로구 필운동 141-2 필운동 138, 141-2, 지하1층~1층 "
"3000000-101-2022-00184","골목회관","200035.070396832    ","452129.746502746    ","서울특별시 종로구 연지동 274 "
"3000000-101-2022-00185","데시데(DECIDE)","198208.527319067    ","452836.512379404    ","서울특별시 종로구 사간동 41 1층 "
"3000000-101-2022-00187","주식회사 79마라탕","200131.154492792    ","453495.104505119    ","서울특별시 종로구 혜화동 190-1 2층 "
"3000000-101-2022-00192","보글하우스","198991.80868843     ","452573.785524812    ","서울특별시 종로구 익선동 22-2 1층 "
"3000000-101-2022-00194","칠링아웃샵 광화문점","197567.93800572     ","452276.454633376    ","서울특별시 종로구 내수동 167 대우빌딩 "
"3000000-101-2022-00195","오얏 카츠","198460.873915012    ","452361.106206579    ","서울특별시 종로구 견지동 68-15 "
"3000000-101-2022-00196","데케드(dekad)","197248.014260867    ","453000.202393206    ","서울특별시 종로구 누하동 218 "
"3000000-101-2022-00197","김용기 미술관","201666.658977608    ","452677.713526985    ","서울특별시 종로구 숭인동 181-21 "
"3000000-101-2022-00199","옥바","196393.031794625    ","452297.420031535    ","서울특별시 종로구 교북동 1-27 1층 "
"3000000-101-2022-00201","삼공이오(3025)","196341.777659988    ","455439.255490358    ","서울특별시 종로구 신영동 176-24 1층 "
"3000000-101-2022-00202","아따블르","198282.155768507    ","453449.205143739    ","서울특별시 종로구 팔판동 20 "
"3000000-101-2022-00203","1004카페(천사카페)","200356.987610141    ","453122.366348895    ","서울특별시 종로구 동숭동 31-20 "
"3000000-101-2022-00204","도화서길 펍","198333.05902608     ","452543.506418561    ","서울특별시 종로구 수송동 19 1층 "
"3000000-101-2022-00206","패티 바이번(PATTY X BUN)","198324.653631679    ","452252.812389497    ","서울특별시 종로구 수송동 58 두산위브파빌리온 "
"3000000-101-2022-00207","콤포타블커피 안국점","198535.230747521    ","452726.612097374    ","서울특별시 종로구 안국동 90 "
"3000000-101-2022-00208","하루온도","199983.055898134    ","453286.347852101    ","서울특별시 종로구 명륜4가 118-5 2층 "
"3000000-101-2022-00209","뱃살도둑 종로구청점","198324.653631679    ","452252.812389497    ","서울특별시 종로구 수송동 58 두산위브파빌리온 "
"3000000-101-2022-00210","국수나무 그린 종로르메이에르점","198150.300374121    ","452019.212642931    ","서울특별시 종로구 종로1가 24 르메이에르종로타운1 "
"3000000-101-2022-00211","가마치통닭 성대점","199709.335076685    ","453584.208708638    ","서울특별시 종로구 명륜2가 116 "
"3000000-101-2022-00214","삼청동 와옥","198311.394119298    ","453232.732428056    ","서울특별시 종로구 화동 67-1 1층 "
"3000000-101-2022-00215","슬로우캘리 종각역","198493.358663851    ","452139.024770523    ","서울특별시 종로구 공평동 17 센트로폴리스 "
"3000000-101-2022-00219","도라보울","198344.881006664    ","453051.710699851    ","서울특별시 종로구 소격동 144-8 1층 "
"3000000-101-2022-00220","노알(NO-R) 커피","200196.878229833    ","452715.861109147    ","서울특별시 종로구 이화동 185-1 "
"3000000-101-2022-00221","퍼블릭가든(Public Garden)","199903.374474316    ","451930.158478915    ","서울특별시 종로구 예지동 269-25 국민은행 "
"3000000-101-2022-00224","어니언(onion)","200066.290665789    ","451948.755234975    ","서울특별시 종로구 종로5가 398-19 1층 "
"3000000-101-2022-00225","재즈레터","197321.378999079    ","452571.390757331    ","서울특별시 종로구 내자동 163 2층 "
"3000000-101-2022-00226","일품양평해장국 종각역점","198652.145786171    ","451962.651382427    ","서울특별시 종로구 종로2가 84-2 1층 "
"3000000-101-2022-00228","마바(MaVa)","199190.091927296    ","452787.946475109    ","서울특별시 종로구 권농동 10 쎄븐 "
"3000000-101-2022-00230","키모토","199963.164898498    ","452189.198599888    ","서울특별시 종로구 연지동 258-18 1층 "
"3000000-101-2022-00231","빈마마파파","200461.151964938    ","452153.605157881    ","서울특별시 종로구 효제동 175-1 "
"3000000-101-2022-00232","미벗","200907.899702832    ","452529.295512231    ","서울특별시 종로구 창신동 583-37 1층 "
"3000000-101-2022-00233","참 제철","197584.742405655    ","452676.088685564    ","서울특별시 종로구 적선동 25 4층 "
"3000000-101-2022-00237","네팔타이 바(Nepal Thaibar)","200953.828986465    ","452218.574010911    ","서울특별시 종로구 창신동 542-5 2층 "
"3000000-101-2022-00238","까사 이태리아","197490.930550116    ","452936.843563905    ","서울특별시 종로구 통의동 23 1층 "
"3000000-101-2022-00239","문(MOON) BAR","200284.782535824    ","452188.705276521    ","서울특별시 종로구 효제동 201 2층 "
"3000000-101-2022-00242","언더랩(underlab)","197567.93800572     ","452276.454633376    ","서울특별시 종로구 내수동 167 대우빌딩 "
"3000000-101-2022-00244","쿄와 우동","198745.839487019    ","452867.664266403    ","서울특별시 종로구 계동 144-1 지하층 "
"3000000-101-2022-00245","언퍼시(UNFUSSY)","197390.605049073    ","452276.613571507    ","서울특별시 종로구 내수동 110-9 "
"3000000-101-2022-00246","보리보리","198150.300374121    ","452019.212642931    ","서울특별시 종로구 종로1가 24 르메이에르종로타운1 "
"3000000-101-2022-00247","포도술 종로3가점","199206.02331617     ","452266.264149232    ","서울특별시 종로구 묘동 95-1 "
"3000000-101-2022-00249","다온돈가","197667.920919806    ","452089.180289621    ","서울특별시 종로구 당주동 167-3 1층 "
"3000000-101-2022-00250","익선동 완도 맛집","199140.481007717    ","452355.502267333    ","서울특별시 종로구 묘동 153-1 1충 "
"3000000-101-2022-00252","노가타 바이 하기당","197330.175508538    ","453004.302910966    ","서울특별시 종로구 통인동 137-7 "
"3000000-101-2022-00254","성진보쌈","201898.977448681    ","452274.691734276    ","서울특별시 종로구 숭인동 1425 "
"3000000-101-2022-00255","일트(ILLT)","199566.757867387    ","452640.21614459     ","서울특별시 종로구 원남동 150-2 용문상담심리대학원대학교 "
"3000000-101-2022-00257","추억더하기","198838.912965902    ","452214.210961577    ","서울특별시 종로구 낙원동 288 낙원상가 "
"3000000-101-2022-00258","종로면선생","198892.023011278    ","451952.062116173    ","서울특별시 종로구 종로2가 56-6 1층 102호"
"3000000-101-2022-00259","베이커리 조","198322.14210379     ","452329.537101006    ","서울특별시 종로구 수송동 46-10 1층 "
"3000000-101-2022-00261","르 큐제(Le QG)","197223.561902987    ","453026.945880939    ","서울특별시 종로구 누하동 36-1 2층 "
"3000000-101-2022-00263","동묘왕꼬치","201452.97033909     ","452034.162854757    ","서울특별시 종로구 창신동 400-4 삼일아파트상가 1층 5호"
"3000000-101-2022-00264","#무궁화","201927.747023167    ","452895.201025976    ","서울특별시 종로구 숭인동 397 "
"3000000-101-2022-00265","케이타운포유 인사점","198498.918632911    ","452473.403750001    ","서울특별시 종로구 관훈동 155-2 "
"3000000-101-2022-00266","yummy 여미 하노이 쌀국수","201223.533789596    ","452304.752922139    ","서울특별시 종로구 창신동 303 지하1층, 명제빌딩 "
"3000000-101-2022-00270","닌자233","200359.662337409    ","452623.233677422    ","서울특별시 종로구 충신동 57-1 1층 "
"3000000-101-2022-00271","도킹","198977.28746058     ","452187.211222643    ","서울특별시 종로구 낙원동 141 내인빌딩 "
"3000000-101-2022-00273","우리포차","200882.980007045    ","452304.168307993    ","서울특별시 종로구 창신동 582-33 1층 "
"3000000-101-2022-00275","베어스타코 동대문점","201116.078959278    ","452274.157781512    ","서울특별시 종로구 창신동 177 "
"3000000-101-2022-00276","카페 델 꼬또네","198824.349286311    ","453013.574565871    ","서울특별시 종로구 계동 140-56 1층 "
"3000000-101-2022-00279","해피나우커피","196931.854196185    ","451813.489945391    ","서울특별시 종로구 평동 233 경희궁자이 3단지 3157호"
"3000000-101-2022-00280","모센즈스위트","200305.794826911    ","453299.184747858    ","서울특별시 종로구 동숭동 50-59 1층 "
"3000000-101-2022-00281","아이노가든","197390.605049073    ","452276.613571507    ","서울특별시 종로구 내수동 110-9 2층 "
"3000000-101-2022-00282","마그넷 케이크룸(MAGNETTT-cakeroom)","197388.180938509    ","452591.701435157    ","서울특별시 종로구 내자동 105 1층 "
"3000000-101-2022-00283","온고잉(ongoing)","197362.573917089    ","453128.396827068    ","서울특별시 종로구 통인동 112 1층 "
"3000000-101-2022-00284","라거스팟 광장시장","200080.574099667    ","451994.616299155    ","서울특별시 종로구 종로5가 398-20 1,2층 "
"3000000-101-2022-00286","금별맥주 종로점","198656.760605306    ","451885.670880307    ","서울특별시 종로구 관철동 19-4 1~2층 "
"3000000-101-2022-00288","서울익스프레스88","198815.433575265    ","451830.894858452    ","서울특별시 종로구 관철동 10-1 1~2층 "
"3000000-101-2022-00289","도토리 가든","198721.182921247    ","452866.196434101    ","서울특별시 종로구 재동 84-45 1층 "
"3000000-101-2022-00291","지호 한방 삼계탕","201949.270716491    ","452329.735166543    ","서울특별시 종로구 숭인동 1396 1층 근린4호"
"3000000-101-2022-00292","타이거(Tiger)","199076.079256135    ","452112.074785736    ","서울특별시 종로구 낙원동 159 대원빌딩 1층 "
"3000000-101-2022-00293","탈스티","198379.237428341    ","453538.97109877     ","서울특별시 종로구 삼청동 62-34 "
"3000000-101-2022-00294","정읍식당 수제어묵","201627.475436833    ","452363.525911978    ","서울특별시 종로구 숭인동 228-5 1층 109호"
"3000000-101-2022-00296","러니피즈","199867.096699895    ","453411.269175447    ","서울특별시 종로구 명륜2가 186-2 2층 "
"3000000-101-2022-00298","광장시장 고구마","200021.97721382     ","451957.948580488    ","서울특별시 종로구 예지동 296-1 "
"3000000-101-2022-00299","목식당","196898.953890018    ","454549.371964224    ","서울특별시 종로구 부암동 237-30 1층 "
"3000000-101-2022-00300","창신방앗간","200937.072996073    ","452355.78285466     ","서울특별시 종로구 창신동 138-26 1층 "
"3000000-101-2022-00301","더토트(THE TOT)","196488.321004054    ","455133.151826295    ","서울특별시 종로구 부암동 385 "
"3000000-101-2022-00303","아란치아","200099.736802632    ","452911.826843708    ","서울특별시 종로구 연건동 77-2 1,2층 "
"3000000-101-2022-00304","와하Waaha","199921.028054513    ","453268.784565307    ","서울특별시 종로구 명륜4가 140-5 1층 "
"3000000-101-2022-00305","달랭이","199108.3630626      ","452362.750430978    ","서울특별시 종로구 익선동 158-5 이씨엠빌딩 "
"3000000-101-2022-00309","미 갈매기살","199157.85284368     ","452286.585578112    ","서울특별시 종로구 묘동 164 익선빌딩 1층 "
"3000000-101-2022-00310","라티에","197567.849954354    ","452567.159554494    ","서울특별시 종로구 적선동 80 적선현대빌딩 "
"3000000-101-2022-00312","자하(JAHA)","197365.685131225    ","452287.468345713    ","서울특별시 종로구 내수동 110-48 4층 "
"3000000-101-2022-00313","키사키","197358.479450548    ","453042.159307175    ","서울특별시 종로구 통인동 121 1층 "
"3000000-101-2022-00314","서촌주점(서촌酒점)","197209.465572475    ","453064.806226503    ","서울특별시 종로구 누하동 31 1층 "
"3000000-101-2022-00315","유현수의 숙성일미","197332.885550763    ","456018.751573648    ","서울특별시 종로구 평창동 193-1 전진빌딩 "
"3000000-101-2022-00322","리또리또","196036.761890225    ","455409.412552314    ","서울특별시 종로구 홍지동 55-1 1층 "
"3000000-101-2022-00324","서촌","197353.863104086    ","453189.841876303    ","서울특별시 종로구 통인동 5-1 효자아파트 2일부,3호"
"3000000-101-2022-00326","알마니","200294.714859278    ","452051.807585944    ","서울특별시 종로구 종로5가 231-9 "
"3000000-101-2022-00327","해도지 맛집","198585.288862795    ","451905.418901544    ","서울특별시 종로구 관철동 19-22 "
"3000000-101-2022-00328","(유)아웃백스테이크하우스코리아 광화문D타워점","198068.926781947    ","452087.030190231    ","서울특별시 종로구 청진동 246 D타워 301~303호 "
"3000000-101-2022-00329","무봉리토종순대국","197650.653736722    ","452368.519288991    ","서울특별시 종로구 도렴동 60 도렴빌딩 "
"3000000-101-2022-00331","언더노트","197842.557986375    ","452132.318856498    ","서울특별시 종로구 세종로 155-4 삼보빌딩 "
"3000000-101-2022-00332","자담치킨 서울서대문역점","196931.854196185    ","451813.489945391    ","서울특별시 종로구 평동 233 경희궁자이 3단지 "
"3000000-101-2022-00333","솥내음 광화문점","197482.205329945    ","451938.30792481     ","서울특별시 종로구 신문로1가 226 흥국생명빌딩 지하1층 "
"3000000-101-2022-00334","하우스 오브 블루(House of Blue)","197354.849096499    ","453031.706909146    ","서울특별시 종로구 통인동 138-1 지하 1층 "
"3000000-101-2022-00335","애틀랜틱","199954.044722095    ","453701.572334399    ","서울특별시 종로구 명륜2가 237 명륜동주상복합아남아파트 301동 113호"
"3000000-101-2022-00336","디터틀","199900.113840928    ","453246.774732705    ","서울특별시 종로구 명륜4가 127-34 1층 "
"3000000-101-2022-00337","김쉐프","197181.393301659    ","452458.826651573    ","서울특별시 종로구 사직동 9 광화문 스페이스본 지하1층 B113-10 301동 "
"3000000-101-2022-00339","프랭크버거 종로평창점","196965.164175084    ","455959.269196762    ","서울특별시 종로구 평창동 331 쇼핑센타뉴본 1층 "
"3000000-101-2022-00340","생활맥주 대학로마로니에점","200177.965039223    ","453287.451050781    ","서울특별시 종로구 동숭동 1-61 1층 "
"3000000-101-2022-00341","KSK공인중개사사무소","197420.763995063    ","453051.812509476    ","서울특별시 종로구 창성동 138-2 1층 "
"3000000-101-2022-00342","서촌쌍화","197237.910934966    ","452787.233465494    ","서울특별시 종로구 필운동 166-1 1층 "
"3000000-101-2022-00343","구기동 광","196231.817423526    ","456156.199742205    ","서울특별시 종로구 구기동 88-40 B동 1층 "
"3000000-101-2022-00344","도토리 스튜디오","198721.182921247    ","452866.196434101    ","서울특별시 종로구 재동 84-45 2층 "
"3000000-101-2022-00345","이화동 산1-1","200629.392890149    ","452864.858959709    ","서울특별시 종로구 이화동 9-814 1~2층 "
"3000000-101-2022-00346","반수우안(VAN XUAN)","200243.327275344    ","453354.557438023    ","서울특별시 종로구 동숭동 1-74 효진빌딩 2층 "
"3000000-101-2022-00347","침스버거","198668.519160597    ","452866.612340098    ","서울특별시 종로구 재동 84-39 1층 "
"3000000-101-2022-00348","팔(PHAL)","197354.849096499    ","453031.706909146    ","서울특별시 종로구 통인동 138-1 1층 "
"3000000-101-2022-00349","운현궁, 아침","198658.943470079    ","452604.254902527    ","서울특별시 종로구 경운동 89-4 운현궁 에스케이 허브 "
"3000000-101-2022-00350","주식회사 티시스 카츠큐브","197482.205329945    ","451938.30792481     ","서울특별시 종로구 신문로1가 226 흥국생명빌딩 지하1층 "
"3000000-101-2022-00351","비틀스타코 서순라","199228.012219122    ","452434.902268806    ","서울특별시 종로구 권농동 189-2 101호,102호 "
"3000000-101-2022-00352","스시우미 광화문","198324.653631679    ","452252.812389497    ","서울특별시 종로구 수송동 58 두산위브파빌리온 B113호"
"3000000-101-2022-00353","한국피자헛 독립문역점","196522.366959975    ","452140.273047242    ","서울특별시 종로구 교북동 126 경희궁자이 4단지 4102호"
"3000000-101-2022-00355","아이들 모먼츠(Idle Moments)","197079.150242511    ","453898.093937424    ","서울특별시 종로구 청운동 52-146 1층 "
"3000000-101-2022-00356","바247","201592.819465699    ","452214.747686209    ","서울특별시 종로구 숭인동 237-15 1층 "
"3000000-101-2022-00357","무쇠옥","198541.72075378     ","451935.633974889    ","서울특별시 종로구 관철동 45-1 대왕빌딩 "
"3000000-101-2022-00358","라이","200129.756252409    ","452487.661926423    ","서울특별시 종로구 효제동 27-1 1층 "
"3000000-101-2022-00359","톰(Tom)","199061.020220248    ","452595.888890011    ","서울특별시 종로구 운니동 57 1층 "
"3000000-101-2022-00361","녹지","198588.322021685    ","451835.575370364    ","서울특별시 종로구 관철동 156-1 1~3층 "
"3000000-101-2022-00362","바운드리스 바이 비어드(Boundless by Beard)","198401.656311403    ","452971.487321419    ","서울특별시 종로구 화동 137-1 지하1층 "
"3000000-101-2022-00365","이스트아뜰리에","199616.544173284    ","452437.55623174     ","서울특별시 종로구 원남동 264 1층 "
"3000000-101-2022-00366","서울코미디클럽","200200.569414955    ","453411.59404961     ","서울특별시 종로구 동숭동 1-50 김동진빌딩 "
"3000000-101-2022-00367","밤이면 밤마다","201233.138178806    ","452188.885183981    ","서울특별시 종로구 창신동 329-3 "
"3000000-101-2022-00369","비건아지타토","198598.893944447    ","452362.721076172    ","서울특별시 종로구 관훈동 192-15 "
"3000000-101-2022-00370","디플러스","197181.393301659    ","452458.826651573    ","서울특별시 종로구 사직동 9 광화문 스페이스본 "
"3000000-101-2022-00372","동두천 솥뚜껑 삼겹살 종각점","198757.128601038    ","451907.113717525    ","서울특별시 종로구 관철동 13-1 관철동 삼진빌딩 "
"3000000-101-2022-00373","여여하다","198658.943470079    ","452604.254902527    ","서울특별시 종로구 경운동 89-4 운현궁 에스케이 허브 103, 104호 101동 "
"3000000-101-2022-00374","큰손 함흥냉면","197673.919714838    ","452123.434528869    ","서울특별시 종로구 당주동 160 "
"3000000-101-2022-00375","콩플레","200079.663985257    ","453836.098562833    ","서울특별시 종로구 혜화동 53-11 지1층 "
"3000000-101-2022-00377","정통상사","197472.59555456     ","453003.189019018    ","서울특별시 종로구 통의동 91-26 국민대학교총동문회관 지하1층 "
"3000000-101-2022-00378","우물집","200806.905111176    ","453039.637457233    ","서울특별시 종로구 창신동 611-50 지하1,1,2 "
"3000000-101-2022-00382","번트서울","199475.787468684    ","451841.154156291    ","서울특별시 종로구 장사동 182-2 "
"3000000-101-2022-00384","속초오징어어시장 종각점","198786.901723323    ","451865.494241718    ","서울특별시 종로구 관철동 7-11 예지빌딩 1층 "
"3000000-101-2022-00385","찡짜이타이푸드","197650.653736722    ","452368.519288991    ","서울특별시 종로구 도렴동 60 도렴빌딩 지층 53-1호"
"3000000-101-2022-00389","고청담 광화문 디타워점","198068.926781947    ","452087.030190231    ","서울특별시 종로구 청진동 246 D타워 5층 505호"
"3000000-101-2022-00391","우즈 웨일","198799.157886347    ","451963.25773821     ","서울특별시 종로구 종로2가 71-4 경영빌딩 "
"3000000-101-2022-00392","달떡볶이 종각점","198786.034924009    ","451848.381096409    ","서울특별시 종로구 관철동 7-18 "
"3000000-101-2022-00393","그린앤그레인","198324.653631679    ","452252.812389497    ","서울특별시 종로구 수송동 58 두산위브파빌리온 143, 144호 "
"3000000-101-2022-00398","치로피자바","197761.530233044    ","452088.817690711    ","서울특별시 종로구 당주동 24-4 "
"3000000-101-2022-00400","광산포차","200203.996551758    ","452669.463556403    ","서울특별시 종로구 이화동 192 "
"3000000-101-2022-00403","삼월황","198342.993124957    ","453793.13096619     ","서울특별시 종로구 삼청동 29 "
"3000000-101-2022-00404","리리서울","197173.330108127    ","452938.13972473     ","서울특별시 종로구 누하동 175-3 "
"3000000-101-2023-00001","오마카세 오사이 대학로점","200319.975968474    ","453397.058891096    ","서울특별시 종로구 동숭동 25-5 "
"3000000-101-2023-00002","오프커피 종로점","198786.034924009    ","451848.381096409    ","서울특별시 종로구 관철동 7-18 "
"3000000-101-2023-00004","미친양꼬치 대학로점","200045.690907045    ","453525.229351241    ","서울특별시 종로구 혜화동 167-3 2층 "
"3000000-101-2023-00006","워킹 어라운드(walking around)","197143.233888384    ","453152.359311626    ","서울특별시 종로구 옥인동 100-1 1층 "
"3000000-101-2023-00007","더쌍화커피(서울시점)","200330.747365918    ","452185.161986039    ","서울특별시 종로구 효제동 173-12 1층 "
"3000000-101-2023-00009","아비꼬 광화문점","198261.536982652    ","451951.026373194    ","서울특별시 종로구 서린동 70 알파빌딩 1층 일부 "
"3000000-101-2023-00010","갈릭 보이 (GARLIC BOY)","199816.770134674    ","451999.530839582    ","서울특별시 종로구 예지동 2-1 1층 46호"
"3000000-101-2023-00012","화밀","197056.183118621    ","454877.509430475    ","서울특별시 종로구 부암동 95-47 1층 "
"3000000-101-2023-00013","카페 마이스토리","196010.602015955    ","455485.36355739     ","서울특별시 종로구 홍지동 62-5 1층 "
"3000000-101-2023-00014","디디스 본점","198324.653631679    ","452252.812389497    ","서울특별시 종로구 수송동 58 두산위브파빌리온 122호"
"3000000-101-2023-00015","노란상소갈비 안국역점","198742.659391924    ","452814.32796848     ","서울특별시 종로구 계동 146-1 2층 "
"3000000-101-2023-00016","구도로통닭 종각점","198508.810155955    ","451907.574719883    ","서울특별시 종로구 관철동 44-1 1-4층 "
"3000000-101-2023-00017","이문","200941.92877862     ","452217.462765138    ","서울특별시 종로구 창신동 580-25 3층 "
"3000000-101-2023-00020","러빙핸드","197067.986973668    ","453152.677616681    ","서울특별시 종로구 옥인동 149-1 2층 "
"3000000-101-2023-00021","진주","197067.986973668    ","453152.677616681    ","서울특별시 종로구 옥인동 149-1 3층 "
"3000000-101-2023-00022","언더바(underbar)","198715.307244471    ","451832.724564774    ","서울특별시 종로구 관철동 11-18 2층 "
"3000000-101-2023-00023","(주)보나비 쿠차라광화문점","197626.497681648    ","451938.484384565    ","서울특별시 종로구 신문로1가 116 에스타워 1층 "
"3000000-101-2023-00024","포케올데이 광화문점","197482.205329945    ","451938.30792481     ","서울특별시 종로구 신문로1가 226 흥국생명빌딩 지하1층 "
"3000000-101-2023-00026","솔솥 서촌점","197411.165595466    ","452864.962932176    ","서울특별시 종로구 체부동 30 1층 "
"3000000-101-2023-00028","혼또카레","199714.538630193    ","453595.406922465    ","서울특별시 종로구 명륜2가 114-1 1층 "
"3000000-101-2023-00029","재동맥주","198653.232271136    ","452975.522155582    ","서울특별시 종로구 재동 45-5 1층 "
"3000000-101-2023-00030","싸다김밥 종로관철점","198816.493844918    ","451913.950189702    ","서울특별시 종로구 관철동 7-1 외 1필지(7-25) "
"3000000-101-2023-00031","(주)보나비 아티제 세종문화회관점","197804.357783157    ","452216.539274871    ","서울특별시 종로구 세종로 81-3 세종문화회관 1층 "
"3000000-101-2023-00032","낭만 해장국","197240.660554857    ","453158.673603058    ","서울특별시 종로구 통인동 31-24 1층 "
"3000000-101-2023-00033","순대실록 종각점","198759.126085611    ","451821.871396423    ","서울특별시 종로구 관철동 11-2 1층 "
"3000000-101-2023-00037","이음 미앤미","197650.653736722    ","452368.519288991    ","서울특별시 종로구 도렴동 60 도렴빌딩 지하1층 22호"
"3000000-101-2023-00038","커먼맨션","197287.41574464     ","452294.360874336    ","서울특별시 종로구 신문로2가 1-102 지하1층 204호"
"3000000-101-2023-00039","다니엘","197412.049158037    ","452671.677725159    ","서울특별시 종로구 내자동 11-1 1층 "
"3000000-101-2023-00040","라벨로타","197160.775191128    ","453004.978947557    ","서울특별시 종로구 누하동 192-2 1층 "
"3000000-101-2023-00041","투파인드피터 혜화점","200259.173497292    ","453256.205840375    ","서울특별시 종로구 동숭동 1-96 3층 "
"3000000-101-2023-00042","해와달 커피호프","201016.582951588    ","452169.826734645    ","서울특별시 종로구 창신동 519-1 2층 "
"3000000-101-2023-00043","천사호프","201792.28928117     ","452524.936664782    ","서울특별시 종로구 숭인동 1047 1층 "
"3000000-101-2023-00044","꽃누리들밥 경복궁점","198197.530581008    ","452778.827200368    ","서울특별시 종로구 사간동 112 지하1층 "
"3000000-101-2023-00046","살롱 드 사운드","196496.678589669    ","455761.088102828    ","서울특별시 종로구 신영동 44 2층 "
"3000000-101-2023-00047","모던밥상","197181.393301659    ","452458.826651573    ","서울특별시 종로구 사직동 9 301동 지하113-4,5호 "
"3000000-101-2023-00048","집시포차 혜화점","199679.728155938    ","453579.710857546    ","서울특별시 종로구 명륜2가 138-1 2층 "
"3000000-101-2023-00050","호라파(HORAPA)","197378.013218927    ","453009.882342825    ","서울특별시 종로구 통인동 137-15 2층 "
"3000000-101-2023-00051","피스북스(Peace Books)","196970.959941524    ","453153.893935607    ","서울특별시 종로구 누상동 95 1층 "
"3000000-101-2023-00052","방이옥","198585.288862795    ","451905.418901544    ","서울특별시 종로구 관철동 19-22 2층 "
"3000000-101-2023-00053","옥상","196270.356236082    ","455330.689123978    ","서울특별시 종로구 홍지동 90-3 "
"3000000-101-2023-00054","라멘 보루도 서순라본점","199146.711289589    ","452589.431143906    ","서울특별시 종로구 권농동 170-6 1층 "
"3000000-101-2023-00055","푸오리(Fuori)","198119.023796404    ","452150.721723753    ","서울특별시 종로구 청진동 182-4 원일빌딩 3층 "
"3000000-101-2023-00056","(주)썬앳푸드 만리지화 광화문D타워점","198068.926781947    ","452087.030190231    ","서울특별시 종로구 청진동 246 D타워 4층 401호"
"3000000-101-2023-00057","메디칼카페","200259.754525539    ","452113.150872578    ","서울특별시 종로구 종로5가 42-1 메디칼라움빌딩 6층 1호"
"3000000-101-2023-00058","영도다리2","199053.357431316    ","452269.211030994    ","서울특별시 종로구 돈의동 34 2층 "
"3000000-101-2023-00059","광화문 화덕삼겹살 광화로","197769.253723172    ","452117.73988487     ","서울특별시 종로구 당주동 20-1 2층 "
"3000000-101-2023-00060","인사도담","198528.66297044     ","452537.002092182    ","서울특별시 종로구 관훈동 118-23 1층 "
"3000000-101-2023-00061","선비꼬마김밥 경희궁자이점","196931.854196185    ","451813.489945391    ","서울특별시 종로구 평동 233 경희궁자이 3단지 상가동 3119호"
"3000000-101-2023-00062","합심","196931.854196185    ","451813.489945391    ","서울특별시 종로구 평동 233 경희궁자이 3단지 3120호"
"3000000-101-2023-00063","의생명연구원 카페테리아","199824.095974723    ","452984.360451452    ","서울특별시 종로구 연건동 28-21 의생명연구원 1층 "
"3000000-101-2023-00064","소임식탁 앤 바오쯔","201923.40606958     ","452887.220420862    ","서울특별시 종로구 숭인동 390-1 1층 "
"3000000-101-2023-00065","라보아트 블루(LA BOITE BLEUE)","197010.12050489     ","453198.119929732    ","서울특별시 종로구 옥인동 170 지하1층 "
"3000000-101-2023-00066","라온섬(RAON SOME)","199696.33718061     ","453624.118209957    ","서울특별시 종로구 명륜2가 123-2 1층 "
"3000000-101-2023-00067","두두(DUDU)","199988.091498626    ","452967.930180689    ","서울특별시 종로구 연건동 110-1 아크로텔 1층 102호"
"3000000-101-2023-00069","하오리","198150.300374121    ","452019.212642931    ","서울특별시 종로구 종로1가 24 르메이에르종로타운1, 1층 112-2호"
"3000000-101-2023-00071","오렌지보틀","196522.366959975    ","452140.273047242    ","서울특별시 종로구 교북동 126 경희궁자이 4단지 4111호"
"3000000-101-2023-00072","펄스맥 혜화점","199991.21779633     ","453663.174647845    ","서울특별시 종로구 혜화동 126-4 126-3 "
"3000000-101-2023-00074","회화역","199807.839076604    ","453472.1919745      ","서울특별시 종로구 명륜2가 202 1층 "
"3000000-101-2023-00075","종삼육2","199141.930310125    ","452282.201365275    ","서울특별시 종로구 돈의동 53 1층,2층 "
"3000000-101-2023-00076","베트남 쌀국수","200866.663342496    ","452233.784364855    ","서울특별시 종로구 창신동 687-4 1층 "
"3000000-101-2023-00077","밀포유 인사동점","198683.831030079    ","452416.691706336    ","서울특별시 종로구 관훈동 29-13 1층 "
"3000000-101-2023-00078","통인정","197353.863104086    ","453189.841876303    ","서울특별시 종로구 통인동 5-1 효자아파트 1층 134,135,137,149,150호 "
"3000000-101-2023-00079","하눅 (Ha Nook)","198744.767994092    ","451930.939476321    ","서울특별시 종로구 관철동 14-3 수지빌딩 지하1층 "
"3000000-101-2023-00081","아빠김치찌개","197353.863104086    ","453189.841876303    ","서울특별시 종로구 통인동 5-1 효자아파트 "
"3000000-101-2023-00082","크레마노 경복궁점","197565.15145279     ","452996.359238967    ","서울특별시 종로구 통의동 6 이룸빌딩 1층 "
"3000000-101-2023-00083","술비","200149.13527408     ","453537.193078076    ","서울특별시 종로구 혜화동 163-33 1층 "
"3000000-101-2023-00084","양평해장국2","198659.240121655    ","451949.497711626    ","서울특별시 종로구 관철동 16-1 시사일본어학원 1층 "
"3000000-101-2023-00086","오마카세 오사이초밥 광화문점","198150.300374121    ","452019.212642931    ","서울특별시 종로구 종로1가 24 르메이에르종로타운1, 2층 213호"
"3000000-101-2023-00087","오마이포 덕수궁디팰리스점","197458.838227559    ","451820.889548579    ","서울특별시 종로구 신문로2가 171 "
"3000000-101-2023-00088","(주)로스터스로스터리 창덕궁","198884.743439112    ","452765.921671768    ","서울특별시 종로구 운니동 98-20 로얄창덕궁빌딩 102호"
"3000000-101-2023-00089","그리너리 광화문점","198150.300374121    ","452019.212642931    ","서울특별시 종로구 종로1가 24 르메이에르종로타운1, 지하1층 B119-5호,B119-6호 "
"3000000-101-2023-00090","라메르 (LAMER)","198498.918632911    ","452473.403750001    ","서울특별시 종로구 관훈동 155-2 5층 "
"3000000-101-2023-00091","두마땡(do my thang)","201858.060164055    ","452707.528967173    ","서울특별시 종로구 숭인동 759 1층 "
"3000000-101-2023-00092","세인트 오터바(The Saint Otter Bar)","199350.669176       ","452191.793781837    ","서울특별시 종로구 봉익동 40-1 영보빌딩 "
"3000000-101-2023-00093","익선 정육","199094.814233137    ","452287.694277057    ","서울특별시 종로구 돈의동 19 스타호스텔 인사동 1층 "
"3000000-101-2023-00094","테이큰 커피","199513.679803121    ","454052.8278733      ","서울특별시 종로구 명륜3가 1-211 1층 "
"3000000-101-2023-00095","외할머니 해장국 종로3가점","199045.043602772    ","451939.677286976    ","서울특별시 종로구 관수동 20 국일관드림펠리스 1층 94~96호"
"3000000-101-2023-00096","서촌 곳간","197228.18297893     ","452706.97234696     ","서울특별시 종로구 필운동 146-1 아이에스빌딩 1층 "
"3000000-101-2023-00097","마우스 포테이토","198578.041924335    ","451963.441559516    ","서울특별시 종로구 종로2가 84-9 대한성서공회 종로회관 "
"3000000-101-2023-00098","스타인터네셔널","200830.570275099    ","452174.480627819    ","서울특별시 종로구 창신동 693-3 영화빌딩 지하1층 "
"3000000-101-2023-00099","더 멜란지","199168.812970025    ","452396.995297502    ","서울특별시 종로구 묘동 128-1 1층 "
"3000000-101-2023-00100","손큰할매순대국(동묘역점)","201350.473375538    ","452279.7442603      ","서울특별시 종로구 숭인동 310 종로대우디오빌 102호"
"3000000-101-2023-00103","파크닉","200534.4978962      ","452423.72148895     ","서울특별시 종로구 충신동 27-80 1층 "
"3000000-101-2023-00104","카츠N연어","201287.629584069    ","452524.976963505    ","서울특별시 종로구 창신동 73-1 1층 "
"3000000-101-2023-00105","동묘 타코야끼","201341.792748593    ","452222.308389227    ","서울특별시 종로구 숭인동 313-14 1층 "
"3000000-101-2023-00108","생활맥주 종로구청2호점","198324.653631679    ","452252.812389497    ","서울특별시 종로구 수송동 58 두산위브파빌리온 "
"3000000-101-2023-00109","스케치","200081.952521893    ","452629.990122715    ","서울특별시 종로구 연건동 195-38 "
"3000000-101-2023-00110","광경","197618.459740824    ","452311.285166273    ","서울특별시 종로구 내수동 4 옥빌딩 2층 201호"
"3000000-101-2023-00112","인생이보드게임","198977.229536348    ","452055.346130144    ","서울특별시 종로구 낙원동 202 2층 "
"3000000-101-2023-00113","거처","199169.991073605    ","452468.344720737    ","서울특별시 종로구 와룡동 59 서진빌딩 1층 103호"
"3000000-101-2023-00114","소소떡볶이 경희궁자이점","196522.366959975    ","452140.273047242    ","서울특별시 종로구 교북동 126 경희궁자이 4단지 "
"3000000-101-2023-00115","서양면옥 서순라길점","199148.447524664    ","452555.286458516    ","서울특별시 종로구 와룡동 46 1층 "
"3000000-101-2023-00116","미트미츠","197111.363516373    ","456051.643115841    ","서울특별시 종로구 평창동 167 1층 "
"3000000-101-2023-00117","착한 코다리","197657.298110478    ","452243.596729853    ","서울특별시 종로구 당주동 2-2 1층 "
"3000000-101-2023-00118","꾸아 대학로점","200057.987788965    ","453437.013621615    ","서울특별시 종로구 명륜4가 18 2층 "
"3000000-101-2023-00120","레드 페이스(Red face)","198913.211373488    ","452212.344147013    ","서울특별시 종로구 낙원동 232 3층 "
"3000000-101-2023-00121","르블랑","198213.106161443    ","452176.777356935    ","서울특별시 종로구 청진동 17 2층 "
"3000000-101-2023-00122","냐항 혜화점","200008.553114291    ","453342.772832439    ","서울특별시 종로구 명륜4가 85-10 1층 "
"3000000-101-2023-00123","경주 십원빵 종로 광장시장점","200063.71945706     ","451951.222652554    ","서울특별시 종로구 종로5가 398-18 1층 "
"3000000-101-2023-00124","세러데이팔로","199816.770134674    ","451999.530839582    ","서울특별시 종로구 예지동 2-1 1층 252호"
"3000000-101-2023-00125","남일문","200052.429385911    ","451972.116285094    ","서울특별시 종로구 종로5가 395-9 1층 112호"
"3000000-101-2023-00126","포마이카이","199439.545062071    ","454081.226005759    ","서울특별시 종로구 명륜3가 1-27 1층 "
"3000000-101-2023-00127","스미레 돈카츠 광화문점","198150.300374121    ","452019.212642931    ","서울특별시 종로구 종로1가 24 르메이에르종로타운1 지하1층 비103비호 "
"3000000-101-2023-00129","쫄돼지식당 혜화 대학로 본점","199973.899748128    ","453466.267270866    ","서울특별시 종로구 명륜2가 33-2 1층 "
"3000000-101-2023-00130","카페 순리","199212.370570047    ","452474.425705787    ","서울특별시 종로구 권농동 185-13 1층 "
"3000000-101-2023-00131","황금모이집","197257.146603999    ","452720.907268091    ","서울특별시 종로구 필운동 192 1층 "
"3000000-101-2023-00132","슈퍼샤이 (SUPER SHY)","198383.144134474    ","453852.026538975    ","서울특별시 종로구 삼청동 27-28 2층 "
"3000000-101-2023-00134","(주)레솔베르 광화문점","197458.838227559    ","451820.889548579    ","서울특별시 종로구 신문로2가 171 디팰리스 지하1층 B101호"
"3000000-101-2023-00135","사직로","197556.594758177    ","452661.493033148    ","서울특별시 종로구 적선동 94 다자연빌딩 2층 "
"3000000-101-2023-00136","쪽당","200155.337496422    ","453310.012443183    ","서울특별시 종로구 동숭동 1-59 지하1층 "
"3000000-101-2023-00137","달 노가리","201233.085304491    ","452085.329952709    ","서울특별시 종로구 창신동 391-6 1층 "
"3000000-101-2023-00138","히어로보드게임카페 대학로점","200178.724251664    ","453254.499540614    ","서울특별시 종로구 동숭동 1-113 2층 "
"3000000-101-2023-00139","소바의 온도 본점","200283.508585521    ","453319.622736608    ","서울특별시 종로구 동숭동 1-85 지하1층 "
"3000000-101-2023-00141","화덕&족발","200914.119316982    ","452378.770113967    ","서울특별시 종로구 창신동 583-14 1층 "
"3000000-101-2023-00142","데비스(Debbie's)","198972.533846367    ","453027.38340943     ","서울특별시 종로구 원서동 147 1층, 2층 "
"3000000-101-2023-00145","팬시(FANCY)","199074.830588093    ","452095.549787281    ","서울특별시 종로구 낙원동 187 대한빌딩 1층 102호"
"3000000-101-2023-00146","밀회관 대학로점","199965.552486441    ","453459.106833426    ","서울특별시 종로구 명륜2가 34 2층 "
"3000000-101-2023-00147","오베베 베이커리 대학로점","199970.416367764    ","453273.898831074    ","서울특별시 종로구 명륜4가 118-9 1층 "
"3000000-101-2023-00148","형","199096.028345083    ","452070.781345489    ","서울특별시 종로구 돈의동 166 1층 "
"3000000-101-2023-00149","대박 왕돈까스","201452.97033909     ","452034.162854757    ","서울특별시 종로구 창신동 400-4 삼일아파트 "
"3000000-101-2023-00150","토종순대국","201452.97033909     ","452034.162854757    ","서울특별시 종로구 창신동 400-4 삼일아파트 2동 105호"
"3000000-101-2023-00151","왕푸징만두","201333.22678187     ","452558.646955017    ","서울특별시 종로구 숭인동 65-22 1층 "
"3000000-101-2023-00152","삼덕통닭 혜화점","200155.337496422    ","453310.012443183    ","서울특별시 종로구 동숭동 1-59 1층 "
"3000000-101-2023-00154","송추가마골 신문로점","197482.205329945    ","451938.30792481     ","서울특별시 종로구 신문로1가 226 흥국생명빌딩 "
"3000000-101-2023-00155","(주)탭샵바청계천삼일빌딩","198795.525085201    ","451811.272474605    ","서울특별시 종로구 관철동 10-2 삼일빌딩 "
"3000000-101-2023-00156","띡(thick)","200621.684806499    ","452617.671931467    ","서울특별시 종로구 충신동 1-180 "
"3000000-101-2023-00157","우리동네 토스트","197301.12614106     ","451816.038182067    ","서울특별시 종로구 신문로2가 89-27 신문로교회 "
"3000000-101-2023-00158","딩굴","199140.959526059    ","452373.514383675    ","서울특별시 종로구 묘동 149-1 태종빌딩 "
"3000000-101-2023-00159","겟어웨이(Get Away)","197662.503910553    ","452189.09236786     ","서울특별시 종로구 당주동 5 로얄빌딩 지하1층 34호, 35호 "
"3000000-101-2023-00160","초이다이닝 혜화대학로점","200008.553114291    ","453342.772832439    ","서울특별시 종로구 명륜4가 85-10 2층 "
"3000000-101-2023-00161","행운 한식뷔페","199350.669176       ","452191.793781837    ","서울특별시 종로구 봉익동 40-1 영보빌딩 1층 "
"3000000-101-2023-00162","태성골뱅이신사 상명대구기점","196211.715789016    ","456182.408467218    ","서울특별시 종로구 구기동 85-2 1층 "
"3000000-101-2023-00163","탑골우동","198913.211373488    ","452212.344147013    ","서울특별시 종로구 낙원동 232 1층 "
"3000000-101-2023-00164","몹시","197433.728224877    ","452996.982975482    ","서울특별시 종로구 통의동 108 1층 남측2호 "
"3000000-101-2023-00165","일호상회","199967.434464361    ","452036.57346957     ","서울특별시 종로구 종로4가 188 "
"3000000-101-2023-00166","(주)오리지널팬케이크하우스(세종문화회관점)","197804.357783157    ","452216.539274871    ","서울특별시 종로구 세종로 81-3 세종문화회관 2층 "
"3000000-101-2023-00167","독도16도","197154.709819521    ","453020.240843457    ","서울특별시 종로구 누하동 56-1 3층 "
"3000000-101-2023-00168","참뽀뽀쪽갈비 종로점","198712.246685116    ","451930.87120377     ","서울특별시 종로구 관철동 14-7 2층 "
"3000000-101-2023-00169","은안국","198592.293191608    ","453024.451800944    ","서울특별시 종로구 재동 17 1층 "
"3000000-101-2023-00170","홍콩밀크컴퍼니","200941.100878782    ","452840.000443871    ","서울특별시 종로구 창신동 23-729 "
"3000000-101-2023-00171","마리바","198677.557229512    ","452876.895962774    ","서울특별시 종로구 재동 84-31 1층 "
"3000000-101-2023-00172","육랩","198640.02434589     ","451907.062483683    ","서울특별시 종로구 관철동 19-11 3층 "
"3000000-101-2023-00173","선어도 청계천삼일빌딩","198795.525085201    ","451811.272474605    ","서울특별시 종로구 관철동 10-2 삼일빌딩 지하1층 "
"3000000-101-2023-00174","팜카페 앤드 전통차(Palm cafe&전통차)","199155.544853099    ","452083.125538906    ","서울특별시 종로구 돈의동 137 피카디리플러스 "
"3000000-101-2023-00175","마당가게","201493.081618453    ","452278.586418432    ","서울특별시 종로구 숭인동 255 "
"3000000-101-2023-00176","마카로니","198952.439753114    ","452272.204980861    ","서울특별시 종로구 낙원동 108-1 "
"3000000-101-2023-00178","4.5평 점점","199575.325983317    ","452547.143448839    ","서울특별시 종로구 원남동 225-4 "
"3000000-101-2023-00180","준카츠","197567.849954354    ","452567.159554494    ","서울특별시 종로구 적선동 80 적선현대빌딩 지하1층 70호"
"3000000-101-2023-00182","이화동베이커리","200503.481563045    ","452714.033214596    ","서울특별시 종로구 이화동 9-28 이화빌라 "
"3000000-101-2023-00183","무탄 광화문점","197482.205329945    ","451938.30792481     ","서울특별시 종로구 신문로1가 226 흥국생명빌딩 지하1층 "
"3000000-101-2023-00185","커피빈 종로와이비엠별관점","198909.174629567    ","451935.97522869     ","서울특별시 종로구 종로2가 56-15 와이,비,엠 종로빌딩 "
"3000000-101-2023-00186","모스버거 대학로점","200062.008605714    ","453378.01170769     ","서울특별시 종로구 명륜4가 29-1 "
"3000000-101-2023-00187","합","197597.179201067    ","452669.995138587    ","서울특별시 종로구 적선동 15 "
"3000000-101-2023-00190","카페 이에스티(cafe EST)","200606.713585512    ","452118.028284083    ","서울특별시 종로구 종로6가 115-1 1층, 2층 "
"3000000-101-2023-00191","속초시장닭강정","200365.00557887     ","452022.459456021    ","서울특별시 종로구 종로5가 231-26 1층 "
"3000000-101-2023-00195","강북삼성병원 푸드코트","197111.969637621    ","451776.44366444     ","서울특별시 종로구 평동 108-1 강북삼성병원 "
"3000000-101-2023-00196","궁안손두부","199990.589016805    ","453500.162984133    ","서울특별시 종로구 명륜2가 21-11 "
"3000000-101-2023-00197","더룸 탁트인","198143.350695847    ","452665.870870336    ","서울특별시 종로구 사간동 126-6 광성빌딩 "
"3000000-101-2023-00198","고전 통닭","201588.786483466    ","452375.011823091    ","서울특별시 종로구 숭인동 218 "
"3000000-101-2023-00199","옥상","196270.356236082    ","455330.689123978    ","서울특별시 종로구 홍지동 90-3 "
"3000000-101-2023-00200","종로인맥","201316.060458185    ","452794.948641315    ","서울특별시 종로구 숭인동 55-6 수석컴비즈텔 1층 101호"
"3000000-101-2023-00201","럭셔리","200854.108226292    ","452285.204059372    ","서울특별시 종로구 창신동 651-75 1층 "
"3000000-101-2023-00202","애쉬빌(ashville)","198573.616139781    ","452969.239776859    ","서울특별시 종로구 재동 28 "
"3000000-101-2023-00203","삼삼뼈국 대학로점","200036.751752819    ","453389.08717679     ","서울특별시 종로구 명륜4가 27 "
"3000000-101-2023-00204","컴포즈커피 종로6가점","200368.240733181    ","452257.657396683    ","서울특별시 종로구 종로6가 238-6 현마빌딩 1층 101호"
"3000000-101-2023-00205","부엉이커피","201051.582012557    ","452029.832829509    ","서울특별시 종로구 창신동 427-6 101호"
"3000000-101-2023-00207","마그넷","197404.023997598    ","452549.769834007    ","서울특별시 종로구 내자동 81 "
"3000000-101-2023-00209","제도(zedo)","196742.446187705    ","454767.077088295    ","서울특별시 종로구 부암동 208-39 2층 "
"3000000-101-2023-00210","에디션 엠","200018.501630954    ","453314.255380896    ","서울특별시 종로구 명륜4가 103-9 1층 "
"3000000-101-2023-00211","에디션 엠","200006.769599757    ","453314.07514979     ","서울특별시 종로구 명륜4가 103-10 1층 "
"3000000-101-2023-00212","에디션 엠","200007.838622944    ","453305.954422193    ","서울특별시 종로구 명륜4가 103-11 1층 "
"3000000-101-2023-00213","규카츠정 대학로점","199934.393448334    ","453395.507920403    ","서울특별시 종로구 명륜4가 65-3 "
"3000000-101-2023-00214","황제정육식당&황제소갈비살","198760.62966456     ","451931.06533534     ","서울특별시 종로구 관철동 14-1 덕흥빌딩 "
"3000000-101-2023-00216","주식회사 커피인텐소에이치디","198817.289034611    ","452901.786745273    ","서울특별시 종로구 계동 140-2 현대빌딩 주1건물 "
"3000000-101-2023-00217","더술컴퍼니","199743.857385642    ","453359.613800074    ","서울특별시 종로구 명륜4가 198-2 한성빌딩 2층 "
"3000000-101-2023-00218","금별맥주 종로평창점","196816.996616302    ","455841.319603497    ","서울특별시 종로구 평창동 289-5 오피스텔 천지인 지층2호 "
"3000000-101-2023-00219","콩시콩뼈순두부","200986.447020802    ","452215.701716963    ","서울특별시 종로구 창신동 537-1 "
"3000000-101-2023-00220","파파이스 광화문점","197700.034013631    ","452022.503467072    ","서울특별시 종로구 신문로1가 24 광화문 고려빌딩 "
"3000000-101-2023-00221","달리181 광화문점","198207.279003982    ","452082.344195698    ","서울특별시 종로구 청진동 136 삼공빌딩 "
"3000000-101-2023-00222","달리181 광화문점 별관","198207.279003982    ","452082.344195698    ","서울특별시 종로구 청진동 136 삼공빌딩 비1층 "
"3000000-101-2023-00224","비지터","197010.12050489     ","453198.119929732    ","서울특별시 종로구 옥인동 170 지하층 "
"3000000-101-2023-00225","풍기 (poongi)","199164.229916495    ","452495.581433585    ","서울특별시 종로구 와룡동 55 "
"3000000-101-2023-00226","메종 아카이","199900.572860149    ","453434.788678901    ","서울특별시 종로구 명륜2가 181 2층 "
"3000000-101-2023-00228","아리랑","201452.97033909     ","452034.162854757    ","서울특별시 종로구 창신동 400-4 삼일아파트 "
"3000000-101-2023-00229","하이호","197361.824622628    ","452612.921607654    ","서울특별시 종로구 내자동 128-1 대영빌딩 "
"3000000-101-2023-00230","브라운백","197650.653736722    ","452368.519288991    ","서울특별시 종로구 도렴동 60 도렴빌딩 지하1층 14-1호"
"3000000-101-2023-00232","가마치통닭(신설동점)","201963.938724209    ","452480.659299115    ","서울특별시 종로구 숭인동 1368 숭인한성아펠시티 "
"3000000-101-2023-00233","모던밥상3","197181.393301659    ","452458.826651573    ","서울특별시 종로구 사직동 9 광화문 스페이스본 301동 B205호"
"3000000-101-2023-00234","포케올데이 대학로점","199947.810511547    ","453528.912708222    ","서울특별시 종로구 명륜2가 21-28 선남빌딩 "
"3000000-101-2023-00235","스파다","198654.952252312    ","452927.837575128    ","서울특별시 종로구 재동 60 "
"3000000-101-2023-00236","태성골뱅이","196337.521555652    ","452392.511944476    ","서울특별시 종로구 무악동 89 경희궁 롯데캐슬 "
"3000000-101-2023-00237","바이트바이바이트(BITE BY BITE)","197204.119489273    ","453109.177852236    ","서울특별시 종로구 누하동 1-11 1층 "
"3000000-101-2023-00238","모헤지","198966.026255364    ","452272.422026251    ","서울특별시 종로구 낙원동 109-1 1층,2층 "
"3000000-101-2023-00239","광화문미래에셋호텔연회장","197758.993026787    ","452053.420838552    ","서울특별시 종로구 당주동 30 3층, 5층 "
"3000000-101-2023-00240","카페 꼬르지엘모","198246.295041459    ","452863.028674657    ","서울특별시 종로구 사간동 13 "
"3000000-101-2023-00242","자연도소금빵&자연도가","199020.209094944    ","452376.195471371    ","서울특별시 종로구 익선동 166-51 "
"3000000-101-2023-00243","CGV피카디리1958","199155.544853099    ","452083.125538906    ","서울특별시 종로구 돈의동 137 피카디리플러스 "
"3000000-101-2023-00244","베트남 플러스99","198803.125778143    ","451930.797998966    ","서울특별시 종로구 관철동 6-4 "
"3000000-101-2023-00246","훅트포케 광화문점","197713.264843734    ","451938.037703258    ","서울특별시 종로구 신문로1가 163 광화문오피시아빌딩 "
"3000000-101-2023-00247","타쳇(Tacet)","197079.150242511    ","453898.093937424    ","서울특별시 종로구 청운동 52-146 "
"3000000-101-2023-00248","순라간","199269.790478603    ","452370.628204489    ","서울특별시 종로구 봉익동 11-10 "
"3000000-101-2023-00249","후토루 대학로점","199968.850339263    ","453338.316074117    ","서울특별시 종로구 명륜4가 83-1 "
"3000000-101-2023-00250","싱싱바다","200918.786362599    ","452351.65921824     ","서울특별시 종로구 창신동 582-8 "
"3000000-101-2023-00251","온기스퀘어","198550.794581565    ","452315.522758616    ","서울특별시 종로구 관훈동 192-18 SK건설빌딩 "
"3000000-101-2023-00253","새서울","199032.184941363    ","452280.659364163    ","서울특별시 종로구 낙원동 122 쎄느장여관 "
"3000000-101-2023-00255","비노이","198803.125778143    ","451930.797998966    ","서울특별시 종로구 관철동 6-4 "
"3000000-101-2023-00256","굿데이샌드&파스타","197713.264843734    ","451938.037703258    ","서울특별시 종로구 신문로1가 163 광화문오피시아빌딩 "
"3000000-101-2023-00258","백년토종삼계탕","198269.802497081    ","453213.650351086    ","서울특별시 종로구 소격동 17-1 "
"3000000-101-2023-00260","솔솥 종로타워점","198504.772723631    ","452018.161511911    ","서울특별시 종로구 종로2가 6 종로타워 "
"3000000-101-2023-00261","다르샨","198388.63023442     ","453004.7187222      ","서울특별시 종로구 화동 138-7 "
"3000000-101-2023-00262","안경희개미집 광장시장점","200052.130541659    ","452100.648840313    ","서울특별시 종로구 종로5가 90 "
"3000000-101-2023-00263","플랑슈(Planche)","197559.791065754    ","452388.315239125    ","서울특별시 종로구 내수동 74 광화문시대 "
"3000000-101-2023-00264","푸드카페 김밥천국 종로2가점","198877.098918771    ","451937.439505962    ","서울특별시 종로구 종로2가 56-11 "
"3000000-101-2023-00265","오늘도 두잔","199900.572860149    ","453434.788678901    ","서울특별시 종로구 명륜2가 181 "
"3000000-101-2023-00266","환희","199954.889412228    ","453397.202996046    ","서울특별시 종로구 명륜4가 66-3 "
"3000000-101-2023-00267","돌체","198897.360201689    ","452193.556713956    ","서울특별시 종로구 낙원동 221 "
"3000000-101-2023-00270","홍지로스","198838.912965902    ","452214.210961577    ","서울특별시 종로구 낙원동 288 낙원상가 "
"3000000-101-2023-00271","수인","198710.627966003    ","452498.756020916    ","서울특별시 종로구 경운동 66-11 "
"3000000-101-2023-00272","커먼 Common","199170.682753367    ","452230.614024446    ","서울특별시 종로구 묘동 175 이화빌딩 "
"3000000-101-2023-00275","로터스 협동조합","198274.90708989     ","452888.027361274    ","서울특별시 종로구 사간동 6 "
"3000000-101-2023-00276","별궁 김밥","198544.200398469    ","452694.795158407    ","서울특별시 종로구 안국동 170 "
"3000000-101-2023-00277","송해 국밥","201439.828374874    ","452297.796901376    ","서울특별시 종로구 숭인동 276 "
"3000000-101-2023-00279","칼콩 칼국수&콩나물국밥","200425.667167102    ","452653.35124879     ","서울특별시 종로구 이화동 17-3 "
"3000000-101-2023-00280","도트온","196943.143148697    ","456105.86227692     ","서울특별시 종로구 평창동 352-4 미메시스 아트 하우스 101호"
"3000000-101-2023-00281","애플꼬마김밥 성균관대점","199658.55506796     ","453782.816291273    ","서울특별시 종로구 명륜1가 83-5 새주빌딩 "
"3000000-101-2023-00282","BHC 종로점","198785.566007643    ","451939.184168847    ","서울특별시 종로구 관철동 6-6 "
"3000000-101-2023-00283","한와담 블랙 센트로폴리스점","198493.358663851    ","452139.024770523    ","서울특별시 종로구 공평동 17 센트로폴리스 "
"3000000-101-2023-00284","아티스트 베이커리 안국 (ARTIST BAKERY)","198548.664190566    ","452679.314071935    ","서울특별시 종로구 안국동 164 "
"3000000-101-2023-00285","사운즈 포레스트","199204.612783235    ","452482.087811407    ","서울특별시 종로구 권농동 185-12 "
"3000000-101-2023-00286","오덕새 (ODEOKSAE)","200594.346720058    ","452721.818920113    ","서울특별시 종로구 이화동 9-245 "
"3000000-101-2023-00287","이안 초밥","198498.918632911    ","452473.403750001    ","서울특별시 종로구 관훈동 155-2 "
"3000000-101-2023-00288","수라재","197486.856761128    ","452835.857005292    ","서울특별시 종로구 통의동 66 "
"3000000-101-2023-00289","부산 불어묵마당","199223.936253661    ","452245.651834309    ","서울특별시 종로구 묘동 22-3 "
"3000000-101-2023-00290","홈푸드스토리","201946.768574808    ","452809.354208782    ","서울특별시 종로구 숭인동 336 "
"3000000-101-2023-00291","청킹마마 종로점","198581.07505765     ","451932.290554746    ","서울특별시 종로구 관철동 18-10 "
"3000000-101-2023-00292","조니 펍","198624.138578439    ","451931.849400946    ","서울특별시 종로구 관철동 18-4 청문학원 "
"3000000-101-2023-00293","타코비","196982.156695232    ","455986.911606158    ","서울특별시 종로구 평창동 339 "
"3000000-101-2023-00294","서앤강 푸드","198624.006469032    ","452310.752960617    ","서울특별시 종로구 관훈동 197-28 백상빌딩 "
"3000000-101-2023-00295","브릿지 파노라마","199133.322734579    ","451848.166495097    ","서울특별시 종로구 관수동 102-3 "
"3000000-101-2023-00296","대학로에 취하다 혜화 2호점","200121.813720325    ","453518.007319338    ","서울특별시 종로구 혜화동 185 중원빌딩 "
"3000000-101-2023-00297","도담숯불구이","201913.88683411     ","452896.612427077    ","서울특별시 종로구 숭인동 390 "
"3000000-101-2023-00298","배불(BAEBOOL)","201416.399251458    ","452288.933480728    ","서울특별시 종로구 숭인동 294 "
"3000000-101-2023-00299","더타코부스 안국점","198701.123187119    ","452805.421352932    ","서울특별시 종로구 재동 86 "
"3000000-101-2023-00300","미드메(MIDME)","197433.728224877    ","452996.982975482    ","서울특별시 종로구 통의동 108 "
"3000000-101-2023-00304","우비노","197215.990057317    ","452256.378094949    ","서울특별시 종로구 신문로2가 1-104 신문로하우스 "
"3000000-101-2023-00305","명김밥","200883.062628972    ","452530.632630282    ","서울특별시 종로구 창신동 583-95 "
"3000000-101-2023-00306","파랑새","197469.959024858    ","452033.989111749    ","서울특별시 종로구 신문로1가 58-18 목영빌딩 "
"3000000-101-2023-00307","내맘대로 볶음밥&떡볶이","201033.856840993    ","452099.884767854    ","서울특별시 종로구 창신동 459-29 "
"3000000-101-2023-00308","니모닉커피하우스","196742.446187705    ","454767.077088295    ","서울특별시 종로구 부암동 208-39 "
"3000000-101-2023-00309","투다리 (독립문역점)","196337.521555652    ","452392.511944476    ","서울특별시 종로구 무악동 89 경희궁 롯데캐슬 "
"3000000-101-2023-00310","가츠몽","201551.11122823     ","452134.141223441    ","서울특별시 종로구 숭인동 240-1 청계 로벤하임 "
"3000000-101-2023-00311","신머이 동묘쌀국수","201551.11122823     ","452134.141223441    ","서울특별시 종로구 숭인동 240-1 청계 로벤하임 "
"3000000-101-2023-00312","체리가든","201166.750150846    ","452223.968412735    ","서울특별시 종로구 창신동 330-2 "
"3000000-101-2023-00313","백소정 광화문점","197559.791065754    ","452388.315239125    ","서울특별시 종로구 내수동 74 광화문시대 "
"3000000-101-2023-00314","해물솥밥 모랑 오피시아점","197713.264843734    ","451938.037703258    ","서울특별시 종로구 신문로1가 163 광화문오피시아빌딩 "
"3000000-101-2023-00316","식식서울","199170.682753367    ","452230.614024446    ","서울특별시 종로구 묘동 175 이화빌딩 "
"3000000-101-2023-00318","스모야 센트로폴리스점","198493.358663851    ","452139.024770523    ","서울특별시 종로구 공평동 17 센트로폴리스 "
"3000000-101-2023-00320","점점점","198150.300374121    ","452019.212642931    ","서울특별시 종로구 종로1가 24 르메이에르종로타운1 "
"3000000-101-2023-00321","냇트웬티 패밀리 보드게임 카페(Nat20 Family Board Game Cafe)","196211.715789016    ","456182.408467218    ","서울특별시 종로구 구기동 85-2 "
"3000000-101-2023-00322","커피베이 창경궁점","200342.282272788    ","452556.296390572    ","서울특별시 종로구 충신동 60 힐스테이트 창경궁 "
"3000000-101-2023-00324","그린풀 Green Pool","200201.706233839    ","453509.988964294    ","서울특별시 종로구 동숭동 1-8 "
"3000000-101-2023-00326","경희궁 돈까스","196931.854196185    ","451813.489945391    ","서울특별시 종로구 평동 233 경희궁자이 3단지 "
"3000000-101-2023-00328","낙산 아구찜","200916.646150893    ","452344.488268401    ","서울특별시 종로구 창신동 582-9 "
"3000000-101-2023-00329","소셜클럽 Social Club","199170.682753367    ","452230.614024446    ","서울특별시 종로구 묘동 175 이화빌딩 "
"3000000-101-2023-00330","여름","197728.388480851    ","452086.244267116    ","서울특별시 종로구 당주동 38-2 "
"3000000-101-2023-00333","본죽&비빔밥 서대문역점","196931.854196185    ","451813.489945391    ","서울특별시 종로구 평동 233 경희궁자이 3단지 "
"3000000-101-2023-00334","서촌닭강정공장","197517.938103741    ","452708.406150321    ","서울특별시 종로구 통의동 49-1 "
"3000000-101-2023-00335","종로냉삼","196246.132766081    ","452502.537096815    ","서울특별시 종로구 무악동 45-19 "
"3000000-101-2023-00336","예맥관","198958.123847454    ","451828.58889242     ","서울특별시 종로구 관수동 161-11 "
"3000000-101-2023-00337","그래머시 스퀘어 SK서린점 (GRAMERCY SQUARE)","198195.965392583    ","451925.63111828     ","서울특별시 종로구 서린동 99 SK서린동빌딩 "
"3000000-101-2023-00339","포케올데이 종로점","198934.017900859    ","451920.267396593    ","서울특별시 종로구 관수동 4-4 용우빌딩 "
"3000000-101-2023-00340","혜화가마솥 소머리순대국밥","200032.771866394    ","453772.178023835    ","서울특별시 종로구 혜화동 102-1 "
"3000000-101-2023-00341","도레미 타코(구.이화정원)","197650.653736722    ","452368.519288991    ","서울특별시 종로구 도렴동 60 도렴빌딩 "
"3000000-101-2023-00342","퍼블릭도원","199228.012219122    ","452434.902268806    ","서울특별시 종로구 권농동 189-2 "
"3000000-101-2023-00343","바 지로","197184.405230253    ","452920.347668983    ","서울특별시 종로구 누하동 260 "
"3000000-101-2023-00344","로얄인디안","201038.054251039    ","452238.219197074    ","서울특별시 종로구 창신동 150 "
"3000000-101-2023-00345","시월책방","197286.715579565    ","453459.221615258    ","서울특별시 종로구 신교동 57 신도빌딩 "
"3000000-101-2023-00346","한 잔 더","199676.559492508    ","453511.62757271     ","서울특별시 종로구 명륜3가 122-2 "
"3000000-101-2023-00347","딜리앤딜리푸드","198690.658978281    ","452665.844737685    ","서울특별시 종로구 경운동 91-1 서원빌딩 "
"3000000-101-2023-00348","하이콴","200220.113435114    ","453354.41563801     ","서울특별시 종로구 동숭동 1-73 "
"3000000-101-2023-00351","코코로레시피","197253.631476062    ","453156.193089457    ","서울특별시 종로구 통인동 19-1 "
"3000000-101-2023-00353","프랭크버거 숭인점","201798.834918812    ","452637.556986205    ","서울특별시 종로구 숭인동 766 종로청계힐스테이트 "
"3000000-101-2023-00354","더 차이들 안녕인사동점","198498.918632911    ","452473.403750001    ","서울특별시 종로구 관훈동 155-2 "
"3000000-101-2023-00355","98도씨 국밥 서대문점","196931.854196185    ","451813.489945391    ","서울특별시 종로구 평동 233 경희궁자이 3단지 "
"3000000-101-2023-00356","소마 Soma","199023.437765772    ","452594.582245221    ","서울특별시 종로구 운니동 61 "
"3000000-101-2023-00357","동묘의","201551.11122823     ","452134.141223441    ","서울특별시 종로구 숭인동 240-1 청계 로벤하임 "
"3000000-101-2023-00358","필린 Fillin","197176.489220715    ","452810.397148622    ","서울특별시 종로구 필운동 84 "
"3000000-101-2023-00359","오온","198912.402785409    ","452347.189619108    ","서울특별시 종로구 낙원동 59-5 도로시빌딩 "
"3000000-101-2023-00361","오온","198912.402785409    ","452347.189619108    ","서울특별시 종로구 낙원동 59-5 도로시빌딩 "
"3000000-101-2023-00362","두레유","197332.885550763    ","456018.751573648    ","서울특별시 종로구 평창동 193-1 전진빌딩 "
"3000000-101-2023-00363","구룡관 혜화본점","199972.250210331    ","453524.442402278    ","서울특별시 종로구 명륜2가 21-14 "
"3000000-101-2023-00365","오종종","198347.354172433    ","453421.154556296    ","서울특별시 종로구 삼청동 63-17 "
"3000000-101-2023-00366","비비큐 종각점 (BBQ)","198692.627926952    ","451865.694333484    ","서울특별시 종로구 관철동 12-15 평구빌딩 "
"3000000-101-2023-00367","연금술","200351.960931501    ","453271.004819246    ","서울특별시 종로구 동숭동 50-11 "
"3000000-101-2023-00368","구름산추어탕 광화문점","198204.837322667    ","452293.432531176    ","서울특별시 종로구 수송동 80-6 석탄회관빌딩 "
"3000000-101-2023-00369","2대 이천식당","200381.425149709    ","452032.840004616    ","서울특별시 종로구 종로5가 246-2 "
"3000000-101-2023-00370","더진한순대국","198646.538501531    ","451962.802774573    ","서울특별시 종로구 종로2가 84-3 "
"3000000-101-2023-00371","일품 국밥집","198646.538501531    ","451962.802774573    ","서울특별시 종로구 종로2가 84-3 "
"3000000-101-2023-00372","양꼬치구이 촨","198087.676780206    ","451911.201334206    ","서울특별시 종로구 서린동 145-1 "
"3000000-101-2023-00373","카페 해화","199933.587831641    ","453409.961508974    ","서울특별시 종로구 명륜4가 54-2 "
"3000000-101-2023-00374","랩틱 (LABTIC)","197204.119489273    ","453109.177852236    ","서울특별시 종로구 누하동 1-11 "
"3000000-101-2023-00375","수퍼(SOUPER) 광화문점","197372.428036633    ","452309.166025985    ","서울특별시 종로구 내수동 110-7 "
"3000000-101-2023-00376","블루 몽마르뜨","197465.223921125    ","452366.613899898    ","서울특별시 종로구 내수동 72 경희궁의아침 3단지 "
"3000000-101-2023-00378","풍물도깨비","201580.705597311    ","452430.945712403    ","서울특별시 종로구 숭인동 72-12 "
"3000000-101-2023-00379","커트","198892.023011278    ","451952.062116173    ","서울특별시 종로구 종로2가 56-6 "
"3000000-101-2023-00380","다모아","199812.609633255    ","452132.648343993    ","서울특별시 종로구 인의동 48-2 효성주얼리시티 "
"3000000-101-2023-00381","큰집닭강정 동묘점","201299.581078437    ","452486.465199589    ","서울특별시 종로구 창신동 80-7 "
"3000000-101-2023-00382","동신곱창 신설동 본점","201943.136112851    ","452657.325225529    ","서울특별시 종로구 숭인동 1245 "
"3000000-101-2023-00384","새탁소","199177.571635924    ","452504.434850064    ","서울특별시 종로구 권농동 183-6 "
"3000000-101-2023-00385","노모어피자","200637.694646311    ","452116.370960932    ","서울특별시 종로구 종로6가 92-2 "
"3000000-101-2023-00386","(주) 캘리스코 히바린 광화문D타워점","198068.926781947    ","452087.030190231    ","서울특별시 종로구 청진동 246 D타워 "
"3000000-101-2023-00387","비발라","197254.516840705    ","452737.219086214    ","서울특별시 종로구 필운동 187 "
"3000000-101-2023-00388","외할머니 해장국 동묘2호점","201827.31373295     ","452438.762225231    ","서울특별시 종로구 숭인동 200-13 "
"3000000-101-2023-00389","싸다김밥 광화문점","197567.747824202    ","452347.973860449    ","서울특별시 종로구 내수동 75 용비어천가 "
"3000000-101-2023-00390","황후궁","198987.780448383    ","451876.273208726    ","서울특별시 종로구 관수동 157-1 "
"3000000-101-2023-00391","오늘","197181.393301659    ","452458.826651573    ","서울특별시 종로구 사직동 9 광화문 스페이스본 "
"3000000-101-2023-00392","황남주택 삼청점","198367.09018095     ","453579.82432916     ","서울특별시 종로구 삼청동 62-14 "
"3000000-101-2023-00393","에노테카 친친","196978.508880243    ","453205.620100578    ","서울특별시 종로구 옥인동 171-1 "
"3000000-101-2023-00394","캥거루 (Kangaroo)","197298.923036043    ","452847.694733649    ","서울특별시 종로구 체부동 120-14 "
"3000000-101-2023-00395","무채 솥뚜껑 생삼겹살","200043.630248477    ","453537.519133688    ","서울특별시 종로구 혜화동 166-3 "
"3000000-101-2023-00396","볼디스커피","198286.311784052    ","452091.444332546    ","서울특별시 종로구 청진동 70 그랑서울 "
"3000000-101-2023-00397","마라공방","198783.190624716    ","451962.306911298    ","서울특별시 종로구 종로2가 71-6 보원빌딩 "
"3000000-101-2023-00398","오프램프서울","198857.428469219    ","452429.845433023    ","서울특별시 종로구 낙원동 13 긍정빌딩 "
"3000000-101-2023-00399","고바우 고기집","199137.684631002    ","452059.348314465    ","서울특별시 종로구 돈의동 159 다이아몬드 빌딩2 "
"3000000-101-2023-00401","봉이밥 안국역점","198864.385513039    ","452443.091266518    ","서울특별시 종로구 낙원동 15 미르빌딩 "
"3000000-101-2023-00402","윤주당","198951.468662296    ","452664.399674024    ","서울특별시 종로구 운니동 92 "
"3000000-101-2023-00403","2막","197390.568459158    ","453234.423937125    ","서울특별시 종로구 창성동 158-7 "
"3000000-101-2023-00404","그랜마스 브래드앤피자","198324.653631679    ","452252.812389497    ","서울특별시 종로구 수송동 58 두산위브파빌리온 "
"3000000-101-2023-00405","꽃삼뚜껑","201844.479256512    ","452545.326560421    ","서울특별시 종로구 숭인동 1053 "
"3000000-101-2023-00406","아이엠베이글 광화문점","197365.685131225    ","452287.468345713    ","서울특별시 종로구 내수동 110-48 "
"3000000-101-2023-00407","김가네 종로5가점","200086.963334217    ","452113.183829343    ","서울특별시 종로구 종로5가 85-5 "
"3000000-101-2023-00408","95%","198715.307244471    ","451832.724564774    ","서울특별시 종로구 관철동 11-18 "
"3000000-101-2023-00409","북창동순두부 인사동점","198619.319752554    ","452264.276105491    ","서울특별시 종로구 관훈동 198-36 오원빌딩 "
"3000000-101-2023-00410","이화동 개성만두","200255.003244395    ","452667.264893433    ","서울특별시 종로구 이화동 122-1 "
"3000000-101-2023-00411","왕십리토박이","199055.576501831    ","451966.787908424    ","서울특별시 종로구 종로3가 109-2 "
"3000000-101-2023-00414","양은이네 종로3가역점","198985.790729294    ","452156.841758664    ","서울특별시 종로구 낙원동 146 "
"3000000-101-2023-00415","븨븨븨(VVV)","198998.999623726    ","452520.878594292    ","서울특별시 종로구 익선동 53 "
"3000000-101-2023-00416","홍백집","200400.127529636    ","452024.61845605     ","서울특별시 종로구 종로5가 255-5 "
"3000000-101-2023-00417","천막집(혜화점)","199983.813365387    ","453405.718473416    ","서울특별시 종로구 명륜4가 43-2 "
"3000000-101-2023-00418","이들스","198838.912965902    ","452214.210961577    ","서울특별시 종로구 낙원동 288 낙원상가 "
"3000000-101-2023-00419","풍월관","199032.184941363    ","452280.659364163    ","서울특별시 종로구 낙원동 122 새서울 "
"3000000-101-2023-00420","고향식당","201627.475436833    ","452363.525911978    ","서울특별시 종로구 숭인동 228-5 "
"3000000-101-2023-00422","이케멘 (IKEMEN)","198962.57531706     ","452215.205219118    ","서울특별시 종로구 낙원동 138-1 "
"3000000-101-2023-00423","감도","201508.649639655    ","452238.366080735    ","서울특별시 종로구 숭인동 239-2 "
"3000000-101-2024-00001","실라","200158.672331299    ","452557.28942975     ","서울특별시 종로구 연건동 193-4 "
"3000000-101-2024-00003","온마츠","196950.291650335    ","455922.448556164    ","서울특별시 종로구 평창동 314 "
"3000000-101-2024-00005","장미집","200029.636219586    ","451999.145161609    ","서울특별시 종로구 종로5가 395-4 "
"3000000-101-2024-00006","지미존스 광화문점","198213.955223154    ","452045.296742706    ","서울특별시 종로구 청진동 128 Tower 8 "
"3000000-101-2024-00008","규방도감 집","198557.151585419    ","452802.034254117    ","서울특별시 종로구 안국동 74-2 "
"3000000-101-2024-00010","노든","197154.709819521    ","453020.240843457    ","서울특별시 종로구 누하동 56-1 "
"3000000-101-2024-00011","본도시락 종각점","198614.61995563     ","451842.501561085    ","서울특별시 종로구 관철동 155 종로1번가오피스텔 "
"3000000-101-2024-00012","옴니아","198469.85451949     ","452315.746209246    ","서울특별시 종로구 견지동 65-1 천마빌딩 "
"3000000-101-2024-00013","카페아로파","198469.85451949     ","452315.746209246    ","서울특별시 종로구 견지동 65-1 천마빌딩 "
"3000000-101-2024-00014","포아이니 종로3가 익선점","198966.78218634     ","452232.345396899    ","서울특별시 종로구 낙원동 136 보광빌딩 "
"3000000-101-2024-00016","장위동 유성집 종로점","200263.802671903    ","452171.01357944     ","서울특별시 종로구 효제동 231 백룡빌딩 "
"3000000-101-2024-00018","오슬로우 경복궁역","197567.849954354    ","452567.159554494    ","서울특별시 종로구 적선동 80 적선현대빌딩 "
"3000000-101-2024-00019","동도","200854.437678843    ","452263.322447561    ","서울특별시 종로구 창신동 651-77 "
"3000000-101-2024-00020","제임스 오뎅","198589.241066871    ","452130.863300672    ","서울특별시 종로구 인사동 207 "
"3000000-101-2024-00021","오튀그 (OTYG)","199189.079652354    ","452417.729932575    ","서울특별시 종로구 권농동 187-10 "
"3000000-101-2024-00022","반디소리","197329.141611608    ","452702.61738178     ","서울특별시 종로구 체부동 213 "
"3000000-101-2024-00023","씨드 앤 파이어(Seed and Fire)","196116.811870725    ","456457.289965967    ","서울특별시 종로구 구기동 135 "
"3000000-101-2024-00024","간장게장에 진심인 정선할매","198150.300374121    ","452019.212642931    ","서울특별시 종로구 종로1가 24 르메이에르종로타운1 "
"3000000-101-2024-00025","다락스시 이자카야","199938.22189031     ","453426.831727015    ","서울특별시 종로구 명륜4가 53 "
"3000000-101-2024-00026","이바우국밥 & 냉면참잘하는집","201856.850943513    ","452813.142444849    ","서울특별시 종로구 숭인동 694 "
"3000000-101-2024-00027","르노아르","196470.449471829    ","455970.888515918    ","서울특별시 종로구 신영동 1-11 "
"3000000-101-2024-00029","제비술방","197351.863276434    ","452941.265962053    ","서울특별시 종로구 통인동 152 "
"3000000-101-2024-00030","(주) 육전국밥대학로점","200237.152864343    ","453428.860683713    ","서울특별시 종로구 동숭동 1-43 한석빌딩 "
"3000000-101-2024-00031","도호","201122.896185615    ","452324.533442108    ","서울특별시 종로구 창신동 197-12 "
"3000000-101-2024-00032","동강어탕국수","200037.109448982    ","452040.235649199    ","서울특별시 종로구 종로5가 138-4 "
"3000000-101-2024-00033","신창신육회빈대떡","200016.841643084    ","452018.137528028    ","서울특별시 종로구 종로5가 138-13 "
"3000000-101-2024-00036","참돼짓간 종로본점","199155.544853099    ","452083.125538906    ","서울특별시 종로구 돈의동 137 피카디리플러스 "
"3000000-101-2024-00037","다다닷 (多da.)","200131.154492792    ","453495.104505119    ","서울특별시 종로구 혜화동 190-1 "
"3000000-101-2024-00038","소울굴(Soul Gul)","200768.975522327    ","453004.539083317    ","서울특별시 종로구 창신동 611-90 "
"3000000-101-2024-00039","당근 먹는 호랑이","197095.98035033     ","452842.430337825    ","서울특별시 종로구 필운동 43-2 "
"3000000-101-2024-00040","김문정 목포포차","200343.164289503    ","452635.961614533    ","서울특별시 종로구 이화동 97-9 "
"3000000-101-2024-00042","코미도리","198715.417607898    ","452201.171347184    ","서울특별시 종로구 인사동 154-4 "
"3000000-101-2024-00043","도야짬뽕","200542.258243379    ","452057.126859583    ","서울특별시 종로구 종로6가 262-1 동대문종합시장 "
"3000000-101-2024-00044","희희","200172.235099267    ","452489.272398617    ","서울특별시 종로구 효제동 19-1 플러스빌딩 "
"3000000-101-2024-00048","대박천억커피","201551.11122823     ","452134.141223441    ","서울특별시 종로구 숭인동 240-1 청계 로벤하임 "
"3000000-101-2024-00049","아담만두 대학로점","200099.736802632    ","452911.826843708    ","서울특별시 종로구 연건동 77-2 "
"3000000-101-2024-00050","감성타코 비스트로 대학로점","200153.322797562    ","453332.518876344    ","서울특별시 종로구 동숭동 1-58 "
"3000000-101-2024-00051","틈새골","199812.609633255    ","452132.648343993    ","서울특별시 종로구 인의동 48-2 효성주얼리시티 "
"3000000-101-2024-00052","카페 포르트 (Cafe PORTE)","197448.327811078    ","453036.432074167    ","서울특별시 종로구 창성동 131 2층 "
"3000000-101-2024-00053","애슐리퀸즈 대학로점","200059.357458161    ","452693.724315983    ","서울특별시 종로구 연건동 128-8 홍익대학교대학로캠퍼스 "
"3000000-101-2024-00054","가온 서린","198284.392181266    ","451901.406014861    ","서울특별시 종로구 서린동 88 관정빌딩 "
"3000000-101-2024-00055","청년밥상문간 슬로우 대학로점","200329.599531437    ","453365.48286972     ","서울특별시 종로구 동숭동 25-7 "
"3000000-101-2024-00056","어나더소세지","196982.156695232    ","455986.911606158    ","서울특별시 종로구 평창동 339 "
"3000000-101-2024-00057","다이스웍스","199948.979045       ","452225.759235332    ","서울특별시 종로구 연지동 258-14 대신빌딩 "
"3000000-101-2024-00058","종로반상회","198469.569673223    ","451906.222979073    ","서울특별시 종로구 관철동 260 "
"3000000-101-2024-00060","츠키라멘","198150.300374121    ","452019.212642931    ","서울특별시 종로구 종로1가 24 르메이에르종로타운1 "
"3000000-101-2024-00061","낙낙","200184.037835752    ","452702.513466713    ","서울특별시 종로구 이화동 184-8 이화빌딩 "
"3000000-101-2024-00062","낙","200184.037835752    ","452702.513466713    ","서울특별시 종로구 이화동 184-8 이화빌딩 "
"3000000-101-2024-00063","루주라","198655.095534508    ","452947.66853521     ","서울특별시 종로구 재동 49-1 "
"3000000-101-2024-00064","족발야시장&무청감자탕 광화문본점","197573.030749573    ","452175.335781858    ","서울특별시 종로구 당주동 100 세종빌딩, 세종아파트 "
"3000000-101-2024-00065","다위스로스터리","197109.824727699    ","452294.844859138    ","서울특별시 종로구 신문로2가 1-348 "
"3000000-101-2024-00066","리제로서울","197109.824727699    ","452294.844859138    ","서울특별시 종로구 신문로2가 1-348 "
"3000000-101-2024-00067","도무라면","201927.747023167    ","452895.201025976    ","서울특별시 종로구 숭인동 397 "
"3000000-101-2024-00068","카페 단(Cafe DAAN)","198544.200398469    ","452694.795158407    ","서울특별시 종로구 안국동 170 "
"3000000-101-2024-00070","우드사이드 커피 로스터스","196759.955396097    ","454825.935833975    ","서울특별시 종로구 부암동 208-71 "
"3000000-101-2024-00071","오티움","198797.654661402    ","451848.180035467    ","서울특별시 종로구 관철동 7-16 "
"3000000-101-2024-00072","로파이","196882.773871214    ","452590.055897837    ","서울특별시 종로구 사직동 262-1 "
"3000000-101-2024-00073","파티세리 84퍼센트","197607.398336321    ","452120.026024435    ","서울특별시 종로구 당주동 145 "
"3000000-101-2024-00075","채가네순대국","199091.992039647    ","451851.174835584    ","서울특별시 종로구 관수동 132 "
"3000000-101-2024-00077","팀트(TIMT)","197420.136968837    ","452292.168378997    ","서울특별시 종로구 내수동 110-33 경희궁프라자 "
"3000000-101-2024-00079","한와담 광화문점","197557.974849131    ","451938.115260325    ","서울특별시 종로구 신문로1가 115 콘코디언(concordian) "
"3000000-101-2024-00080","광화문 두메라 뷔페","197607.398336321    ","452120.026024435    ","서울특별시 종로구 당주동 145 "
"3000000-101-2024-00081","개성레코드","199199.913574159    ","452755.324308401    ","서울특별시 종로구 권농동 141-4 "
"3000000-101-2024-00083","황제정육식당2층별관","198757.128601038    ","451907.113717525    ","서울특별시 종로구 관철동 13-1 관철동 삼진빌딩 "
"3000000-101-2024-00085","팝콘팩토리 롤파크 빌지워터","198286.311784052    ","452091.444332546    ","서울특별시 종로구 청진동 70 그랑서울 "
"3000000-101-2024-00086","한양","199019.836706697    ","452488.325210222    ","서울특별시 종로구 익선동 50 "
"3000000-101-2024-00087","그루 투고(GREW TO GO)","200136.734882861    ","453589.791391142    ","서울특별시 종로구 혜화동 163-24 "
"3000000-101-2024-00088","요거트아이스크림의정석 경복궁역점","197465.223921125    ","452366.613899898    ","서울특별시 종로구 내수동 72 경희궁의아침 3단지 "
"3000000-101-2024-00091","강문 순두부","198213.955223154    ","452045.296742706    ","서울특별시 종로구 청진동 128 Tower 8 "
"3000000-101-2024-00093","이도림 세종대왕 생가터 광화문 서촌 본점","197375.671983064    ","453071.340796329    ","서울특별시 종로구 통인동 118-2 "
"3000000-101-2024-00096","구옥","198506.883788471    ","452539.671667833    ","서울특별시 종로구 관훈동 118-32 "
"3000000-101-2024-00098","한옥파스타","198641.076396768    ","452495.621083965    ","서울특별시 종로구 관훈동 84-10 "
"3000000-101-2024-00099","은하수 건강식당","199706.120891468    ","453592.054492731    ","서울특별시 종로구 명륜2가 114-2 "
"3000000-101-2024-00100","포 리코 Pho rico","197192.997343477    ","452776.760869767    ","서울특별시 종로구 필운동 106-1 "
"3000000-101-2024-00101","익선동 노가리마켓","199042.936127484    ","452266.015492574    ","서울특별시 종로구 돈의동 37 삼창빌딩 "
"3000000-101-2024-00102","아뜰리에 안단테","197394.332320066    ","453482.632325566    ","서울특별시 종로구 궁정동 29-2 "
"3000000-101-2024-00104","안현","197359.180054169    ","453151.276901103    ","서울특별시 종로구 통인동 110 "
"3000000-101-2024-00105","메가번 종로5가점","200435.144893763    ","452060.930581127    ","서울특별시 종로구 종로5가 261-2 "
"3000000-101-2024-00107","옥된장 종각점","198549.377397696    ","451960.972726138    ","서울특별시 종로구 종로2가 102-1 "
"3000000-101-2024-00108","100년 가마솥 설렁탕","201956.111584613    ","452656.981200991    ","서울특별시 종로구 숭인동 1242 "
"3000000-101-2024-00109","카츠연","198324.653631679    ","452252.812389497    ","서울특별시 종로구 수송동 58 두산위브파빌리온 "
"3000000-101-2024-00110","위로","200242.661733021    ","453287.294097413    ","서울특별시 종로구 동숭동 1-77 "
"3000000-101-2024-00111","오빈스","197397.284209115    ","452669.83542629     ","서울특별시 종로구 내자동 19 사학회관 "
"3000000-101-2024-00112","거북슈퍼","199012.888943294    ","452269.475445512    ","서울특별시 종로구 낙원동 127-3 "
"3000000-101-2024-00114","로젤라또(ROGELATO)","200145.18851954     ","452023.730633021    ","서울특별시 종로구 종로5가 182-10 "
"3000000-101-2024-00115","서울베이킹컴퍼니(Seoul Baking Company)","200717.7490316      ","452011.865092338    ","서울특별시 종로구 종로6가 289-3 "
"3000000-101-2024-00116","서울래빗","197434.985799171    ","452835.040931184    ","서울특별시 종로구 체부동 37-1 "
"3000000-101-2024-00117","찌개랑 고기랑","201144.427005692    ","452188.001869996    ","서울특별시 종로구 창신동 339-1 "
"3000000-101-2024-00118","면을품은오구닭","201144.427005692    ","452188.001869996    ","서울특별시 종로구 창신동 339-1 "
"3000000-101-2024-00119","구공공","199951.97511202     ","453458.191077662    ","서울특별시 종로구 명륜2가 36-1 성진빌딩 "
"3000000-101-2024-00120","스페이스 오디티","201915.237310399    ","452667.915941491    ","서울특별시 종로구 숭인동 1139 "
"3000000-101-2024-00121","그라츠 커피랩 종로점","199969.999699615    ","452226.549323254    ","서울특별시 종로구 연지동 258-4 영지빌딩 "
"3000000-101-2024-00122","슬로우 캘리 종로점","199969.999699615    ","452226.549323254    ","서울특별시 종로구 연지동 258-4 영지빌딩 "
"3000000-101-2024-00123","공미","198062.887604585    ","451944.499629593    ","서울특별시 종로구 서린동 136 한국무역보험공사빌딩 "
"3000000-101-2024-00124","이도림 베이크","197375.671983064    ","453071.340796329    ","서울특별시 종로구 통인동 118-2 "
"3000000-101-2024-00126","뻬르떼 (PER TE)","196863.296507082    ","454546.594003426    ","서울특별시 종로구 부암동 240-1 "
"3000000-101-2024-00127","팜시티","197109.824727699    ","452294.844859138    ","서울특별시 종로구 신문로2가 1-348 "
"3000000-101-2024-00128","슬로우캘리 광화문","198150.300374121    ","452019.212642931    ","서울특별시 종로구 종로1가 24 르메이에르종로타운1 "
"3000000-101-2024-00129","화월음","198715.417607898    ","452201.171347184    ","서울특별시 종로구 인사동 154-4 "
"3000000-101-2024-00130","롯데리아 영풍문고 종각종로본점","198351.818737482    ","451921.60302604     ","서울특별시 종로구 서린동 33 영풍빌딩 "
"3000000-101-2024-00131","파스쿠찌 영풍문고 종각종로본점","198351.818737482    ","451921.60302604     ","서울특별시 종로구 서린동 33 영풍빌딩 "
"3000000-101-2024-00134","리파인 명동을지로점 (Refine)","198614.61995563     ","451842.501561085    ","서울특별시 종로구 관철동 155 종로1번가오피스텔 "
"3000000-101-2024-00135","헤이데이 (Heyday)","200300.669640292    ","452009.553370091    ","서울특별시 종로구 종로5가 225-17 "
"3000000-101-2024-00136","바라","197465.223921125    ","452366.613899898    ","서울특별시 종로구 내수동 72 경희궁의아침 3단지 "
"3000000-101-2024-00137","더 스트레인저(The Stranger)","199423.190846331    ","454105.559143201    ","서울특별시 종로구 명륜3가 1-1143 "
"3000000-101-2024-00139","회한접시","200217.921176338    ","453408.002788353    ","서울특별시 종로구 동숭동 1-51 동숭컴퓨터학원 "
"3000000-101-2024-00140","원더보틀 종로점","196229.181125586    ","456103.954032399    ","서울특별시 종로구 구기동 95-11 "
"3000000-101-2024-00141","아야진항","201646.218787377    ","452451.562723172    ","서울특별시 종로구 숭인동 169 "
"3000000-101-2024-00144","계단아래 오마카세","197567.849954354    ","452567.159554494    ","서울특별시 종로구 적선동 80 적선현대빌딩 "
"3000000-101-2024-00145","카키문 누하","197121.148305313    ","453129.944195556    ","서울특별시 종로구 누하동 77-13 "
"3000000-101-2024-00146","엠바 M bar","199076.079256135    ","452112.074785736    ","서울특별시 종로구 낙원동 159 대원빌딩 "
"3000000-101-2024-00147","삼성 호프","198764.512898903    ","451894.950416296    ","서울특별시 종로구 관철동 13-2 "
"3000000-101-2024-00148","경성돈카츠","198324.653631679    ","452252.812389497    ","서울특별시 종로구 수송동 58 두산위브파빌리온 "
"3000000-101-2024-00149","엘레망","197484.983910622    ","452162.304535024    ","서울특별시 종로구 당주동 128-27 동원빌딩 "
"3000000-101-2024-00150","핀1832","199183.223757498    ","452506.657168487    ","서울특별시 종로구 권농동 183-2 "
"3000000-101-2024-00151","육감","198284.392181266    ","451901.406014861    ","서울특별시 종로구 서린동 88 관정빌딩 "
"3000000-101-2024-00152","카산도 혜화대학로점","200297.929299821    ","453163.458941022    ","서울특별시 종로구 동숭동 1-145 대학빌딩 "
"3000000-101-2024-00153","서촌소바","197567.849954354    ","452567.159554494    ","서울특별시 종로구 적선동 80 적선현대빌딩 "
"3000000-101-2024-00156","블루메쯔 광화문점","197490.303085467    ","452117.063960596    ","서울특별시 종로구 신문로1가 58-12 "
"3000000-101-2024-00157","수채화","198564.267926384    ","452079.873784197    ","서울특별시 종로구 인사동 255-5 "
"3000000-101-2024-00158","이띵룸","199857.37851869     ","453411.479709264    ","서울특별시 종로구 명륜2가 187 태인빌딩 "
"3000000-101-2024-00159","아모르나폴리 계동점","198746.33844029     ","452853.820156328    ","서울특별시 종로구 계동 144-2 "
"3000000-101-2024-00160","바나프레소 종각센트로폴리스점","198493.358663851    ","452139.024770523    ","서울특별시 종로구 공평동 17 센트로폴리스 "
"3000000-101-2024-00161","타코냠냠","201308.1276594      ","452046.40186495     ","서울특별시 종로구 창신동 393-4 "
"3000000-101-2024-00162","우승 까몬 광화문점","197541.418168655    ","452115.300046799    ","서울특별시 종로구 신문로1가 238 신문로빌딩 "
"3000000-101-2024-00163","영광통닭 더하기","197117.661700792    ","453165.402642693    ","서울특별시 종로구 옥인동 110 "
"3000000-101-2024-00164","흥부골 숯불돼지갈비","200857.195918275    ","452360.985397704    ","서울특별시 종로구 창신동 651-11 "
"3000000-101-2024-00165","황남 쫀드기","198365.07670802     ","452980.522330265    ","서울특별시 종로구 화동 138-23 "
"3000000-101-2024-00167","육결","198718.745737683    ","451848.644950394    ","서울특별시 종로구 관철동 12-9 "
"3000000-101-2024-00168","로우선","196163.797563236    ","456247.349155804    ","서울특별시 종로구 구기동 85-24 "
"3000000-101-2024-00169","동숭감자탕","200328.372837294    ","453195.424257187    ","서울특별시 종로구 동숭동 130-22 "
"3000000-101-2024-00170","운종가","198386.893952509    ","452296.929267431    ","서울특별시 종로구 견지동 110-34 "
"3000000-101-2024-00171","삼봉도담","198386.893952509    ","452296.929267431    ","서울특별시 종로구 견지동 110-34 "
"3000000-101-2024-00172","부암동가든","196965.162748161    ","454623.887946256    ","서울특별시 종로구 부암동 239-8 WAX갤러리 "
"3000000-101-2024-00173","낙산어전","200242.498740143    ","452667.26978813     ","서울특별시 종로구 이화동 121 "
"3000000-101-2024-00174","경성양꼬치","198624.885107842    ","451905.272637476    ","서울특별시 종로구 관철동 19-10 "
"3000000-101-2024-00175","팔오구 코리안 비스트로 (859 Korean Bistro)","200004.471884485    ","453351.8339508      ","서울특별시 종로구 명륜4가 85-9 "
"3000000-101-2024-00176","용구니콩닭","198661.205715306    ","451931.761151028    ","서울특별시 종로구 관철동 18-1 종로우리빌딩 "
"3000000-101-2024-00177","명륜닭꼬치","199888.451394435    ","453980.636852424    ","서울특별시 종로구 명륜1가 33-44 "
"3000000-101-2024-00178","자명서실","198425.856415134    ","453433.981294797    ","서울특별시 종로구 가회동 31-95 "
"3000000-101-2024-00179","부엉이산장 종각점","198657.113035591    ","451894.389633456    ","서울특별시 종로구 관철동 19-3 대성빌딩 "
"3000000-101-2024-00181","커피멜로 베이크앤 비스트로","199157.662492286    ","452612.49192722     ","서울특별시 종로구 권농동 171-6 "
"3000000-101-2024-00182","스폿라이트","200018.125238801    ","453426.158629816    ","서울특별시 종로구 명륜4가 16-1 옥산 "
"3000000-101-2024-00184","계도 케이트윈","198101.593328721    ","452496.362099822    ","서울특별시 종로구 중학동 19 더케이트윈타워 "
"3000000-101-2024-00185","밀탑 인사동점","198817.753689913    ","452227.642682917    ","서울특별시 종로구 낙원동 285 "
"3000000-101-2024-00186","마스타하이볼 대학로점","200177.965039223    ","453287.451050781    ","서울특별시 종로구 동숭동 1-61 "
"3000000-101-2024-00187","바틀비틀","196816.996616302    ","455841.319603497    ","서울특별시 종로구 평창동 289-5 오피스텔 천지인 "
"3000000-101-2024-00188","나크(NARC)","199301.347602426    ","452298.90831106     ","서울특별시 종로구 봉익동 12-10 "
"3000000-101-2024-00189","댈몬트","200063.147159324    ","453772.196351241    ","서울특별시 종로구 혜화동 89-1 "
"3000000-101-2024-00190","삼원샏 로스터리 (samonesec roastery)","197151.351225841    ","453029.023219021    ","서울특별시 종로구 누하동 57-1 "
"3000000-101-2024-00191","아레나 모던바","201185.695904326    ","452178.091925773    ","서울특별시 종로구 창신동 329-7 "
"3000000-101-2024-00195","술앤모어","198817.753689913    ","452227.642682917    ","서울특별시 종로구 낙원동 285 "
"3000000-101-2024-00196","선비옥","198944.995442877    ","451865.198075488    ","서울특별시 종로구 관수동 160-1 "
"3000000-101-2024-00197","광화문미소","197514.957057557    ","452747.671028074    ","서울특별시 종로구 통의동 35-43 "
"3000000-101-2024-00198","종로 멸치국수","199851.408109925    ","452271.42919572     ","서울특별시 종로구 연지동 199 "
"3000000-101-2024-00199","양산도 광화문점","197662.503910553    ","452189.09236786     ","서울특별시 종로구 당주동 5 로얄빌딩 "
"3000000-101-2024-00200","마마치킨 독립문점","196711.256846666    ","452060.860508565    ","서울특별시 종로구 홍파동 199 경희궁자이 2단지 "
"3000000-101-2024-00201","(주)장인닭갈비종로","198683.848370092    ","451822.996762578    ","서울특별시 종로구 관철동 11-14 "
"3000000-101-2024-00202","쏘리에스프레소바 경복궁점","197576.072825288    ","452687.908341729    ","서울특별시 종로구 적선동 23 "
"3000000-101-2024-00205","쭈악쭈악","199189.079652354    ","452417.729932575    ","서울특별시 종로구 권농동 187-10 "
"3000000-101-2024-00206","리틀보틀 (Little Bottle)","197043.514048414    ","453155.481949692    ","서울특별시 종로구 누상동 55 "
"3000000-101-2024-00207","빌런치팬케이크","199920.1566941      ","453341.515285873    ","서울특별시 종로구 명륜4가 75 "
"3000000-101-2024-00208","봄에","197645.039951164    ","452241.445119523    ","서울특별시 종로구 당주동 3-1 진양빌딩 "
"3000000-101-2024-00209","민들레처럼","200114.951195492    ","453421.325549781    ","서울특별시 종로구 동숭동 1-35 형원빌딩 "
"3000000-101-2024-00210","커피볶는아침 컴퍼니","198932.288412697    ","451907.947778345    ","서울특별시 종로구 관수동 4 "
"3000000-101-2024-00211","아오리의행방불명 광화문센트럴점","198808.030946143    ","452017.793216907    ","서울특별시 종로구 종로2가 23 "
"3000000-101-2024-00212","종로 사거리 포차","198697.706712628    ","451897.834324531    ","서울특별시 종로구 관철동 13-13 종로코아 "
"3000000-101-2024-00213","진풍","199157.645816883    ","452275.96035819     ","서울특별시 종로구 묘동 167 1층 "
"3000000-101-2024-00214","다니엘 트루스 (DANIEL'S TRUTH) 삼청","198306.127837726    ","453290.12455997     ","서울특별시 종로구 화동 44-1 "
"3000000-101-2024-00215","편편집 종각점","198786.901723323    ","451865.494241718    ","서울특별시 종로구 관철동 7-11 예지빌딩 2층 "
"3000000-101-2024-00216","넛츠비어 종각2호점","198661.205715306    ","451931.761151028    ","서울특별시 종로구 관철동 18-1 종로우리빌딩 2층 "
"3000000-101-2024-00217","엘 살루드","201898.977448681    ","452274.691734276    ","서울특별시 종로구 숭인동 1425 "
"3000000-101-2024-00219","백성 국밥","200918.786362599    ","452351.65921824     ","서울특별시 종로구 창신동 582-8 1층 "
"3000000-101-2024-00220","서원 식당","201430.709595552    ","452290.038120961    ","서울특별시 종로구 숭인동 278 "
"3000000-101-2024-00221","액트컴퍼니","197454.257683617    ","452918.565715193    ","서울특별시 종로구 통의동 73-5 1층 "
"3000000-101-2024-00223","아삭이 식탁(김밥앤커피)","200504.22736318     ","451998.562540114    ","서울특별시 종로구 종로5가 281-2 "
"3000000-101-2024-00224","카페 쿠에른","198419.760024209    ","453026.520430122    ","서울특별시 종로구 화동 138-1 2층 "
"3000000-101-2024-00225","창신단길","200885.205227346    ","452223.732351908    ","서울특별시 종로구 창신동 572-1 "
"3000000-101-2024-00226","꿔곱닭","198661.205715306    ","451931.761151028    ","서울특별시 종로구 관철동 18-1 종로우리빌딩 지하1층 "
"3000000-101-2024-00227","(주)브라더스스토어 단정 엘지광화문빌딩점","197413.260397461    ","451896.027279239    ","서울특별시 종로구 신문로2가 92 LG광화문빌딩 지하1층 105호"
"3000000-101-2024-00228","와이 바 Y bar","201283.512697489    ","452571.051134015    ","서울특별시 종로구 창신동 26-2 "
"3000000-101-2024-00229","(주)천진포자","198882.395618489    ","452339.533341108    ","서울특별시 종로구 낙원동 62-2 "
"3000000-101-2024-00230","명인설렁탕 광장시장점","200037.109448982    ","452040.235649199    ","서울특별시 종로구 종로5가 138-4 "
"3000000-101-2024-00231","아임초코","200121.813720325    ","453518.007319338    ","서울특별시 종로구 혜화동 185 중원빌딩 5층 503호"
"3000000-101-2024-00232","소코아 혜화성대점","199482.983051775    ","454061.303247606    ","서울특별시 종로구 명륜3가 1-213 "
"3000000-101-2024-00233","서래미소","197514.957057557    ","452747.671028074    ","서울특별시 종로구 통의동 35-43 "
"3000000-101-2024-00234","느린마을 양조장 대학로점","200005.014456241    ","453502.335916221    ","서울특별시 종로구 명륜2가 27-5 1층 "
"3000000-101-2024-00235","느린마을 양조장 대학로점","199992.923481167    ","453490.680328253    ","서울특별시 종로구 명륜2가 30 "
"3000000-101-2024-00236","에스제이 바 SJ bar","200477.316700215    ","452190.151635998    ","서울특별시 종로구 종로6가 239-44 "
"3000000-101-2024-00237","바밤(bar)","200477.316700215    ","452190.151635998    ","서울특별시 종로구 종로6가 239-44 "
"3000000-101-2024-00238","스파렉스","201273.887781838    ","452163.292543039    ","서울특별시 종로구 창신동 328-18 시즌 12층 "
"3000000-101-2024-00239","칠리 앤 칠","199020.33722975     ","451917.361368805    ","서울특별시 종로구 관수동 19 한일타워 "
"3000000-101-2024-00240","마장동고기집 동대문역점","200968.65898338     ","452212.519280448    ","서울특별시 종로구 창신동 540-1 대산 빌딩 "
"3000000-101-2024-00241","아리랑밥상","197662.503910553    ","452189.09236786     ","서울특별시 종로구 당주동 5 로얄빌딩 "
"3000000-101-2024-00242","로라방앗간","197573.030749573    ","452175.335781858    ","서울특별시 종로구 당주동 100 세종빌딩 "
"3000000-101-2024-00243","스파렉스 카페","201273.887781838    ","452163.292543039    ","서울특별시 종로구 창신동 328-18 시즌 "
"3000000-101-2024-00244","서순라길 한옥카페","199282.477824943    ","452351.343773757    ","서울특별시 종로구 봉익동 11-3 "
"3000000-101-2024-00245","반쥴","198710.153417715    ","451865.017554518    ","서울특별시 종로구 관철동 12-16 "
"3000000-101-2024-00247","등촌 칼국수","200219.18121834     ","453256.571193375    ","서울특별시 종로구 동숭동 1-104 "
"3000000-101-2024-00248","열반가배","197272.506131329    ","452986.749072563    ","서울특별시 종로구 체부동 6 통증해방 "
"3000000-101-2024-00249","순이네 밥상","198742.659391924    ","452814.32796848     ","서울특별시 종로구 계동 146-1 "
"3000000-101-2024-00250","유소바 안국역점","198824.349286311    ","453013.574565871    ","서울특별시 종로구 계동 140-56 "
"3000000-101-2024-00251","마르쎌 MARCEL","199180.602100007    ","452409.96938921     ","서울특별시 종로구 묘동 3-2 "
"3000000-101-2024-00252","두찜 종로경복궁점","197329.898847331    ","452432.501606302    ","서울특별시 종로구 내수동 95 경희궁 파크팰리스 "
"3000000-101-2024-00253","사라브 (SARAB)","197150.374618147    ","452830.970775891    ","서울특별시 종로구 필운동 67 "
"3000000-101-2024-00254","우아라","198101.593328721    ","452496.362099822    ","서울특별시 종로구 중학동 19 더케이트윈타워 지하1층 "
"3000000-101-2024-00256","한복식당","197447.213277721    ","452719.388550378    ","서울특별시 종로구 체부동 60-2 "
"3000000-101-2024-00257","안전가옥","197022.08445528     ","453351.233363221    ","서울특별시 종로구 옥인동 47-105 "
"3000000-101-2024-00258","이백점 정육식당 익선본점","199039.859500372    ","452420.279377615    ","서울특별시 종로구 익선동 126-3 "
"3000000-101-2024-00259","카페1968","199322.652552344    ","452280.70000232     ","서울특별시 종로구 봉익동 12-6 1층 "
"3000000-101-2024-00260","헬로브라질 Hello BRASIL","198527.750150961    ","451865.126432449    ","서울특별시 종로구 관철동 43-12 "
"3000000-101-2024-00261","픽파티","198563.610000334    ","451950.870392071    ","서울특별시 종로구 관철동 16-10 신우빌딩 "
"3000000-101-2024-00262","카페 보부","198233.420721548    ","452829.276930915    ","서울특별시 종로구 사간동 16 "
"3000000-101-2024-00263","테디맨션 Teddy's mansion","199686.720310761    ","453519.26741939     ","서울특별시 종로구 명륜3가 122-1 "
"3000000-101-2024-00264","아타쉬케밥 종로본점","198979.758847796    ","451921.59918378     ","서울특별시 종로구 관수동 4-1 금용빌딩 "
"3000000-101-2024-00265","또바","201196.196548775    ","452287.506644601    ","서울특별시 종로구 창신동 309-1 "
"3000000-101-2024-00266","갤러리 안터 공간눈빛","198507.336039332    ","452403.620812456    ","서울특별시 종로구 관훈동 177 "
"3000000-101-2024-00267","부어라 마셔라","199308.156713895    ","452290.000420086    ","서울특별시 종로구 봉익동 12-11 "
"3000000-101-2024-00268","주식회사 비터버터","198213.955223154    ","452045.296742706    ","서울특별시 종로구 청진동 128 Tower 8 115호"
"3000000-101-2024-00269","주식회사 판다푸드","200985.850715996    ","452160.145481089    ","서울특별시 종로구 창신동 510-2 "
"3000000-101-2024-00270","타미(TAMI)","200496.471091269    ","452677.322862567    ","서울특별시 종로구 이화동 10-5 "
"3000000-101-2024-00271","도시바 서순라길점","199175.089460396    ","452669.743011473    ","서울특별시 종로구 권농동 163-4 "
"3000000-101-2024-00272","샐러드 샾","201182.631887081    ","452305.726992579    ","서울특별시 종로구 창신동 217-1 "
"3000000-101-2024-00273","육천국밥","201182.631887081    ","452305.726992579    ","서울특별시 종로구 창신동 217-1 "
"3000000-101-2024-00274","서촌 갈비찜","201182.631887081    ","452305.726992579    ","서울특별시 종로구 창신동 217-1 "
"3000000-101-2024-00275","유현 삼계탕","201182.631887081    ","452305.726992579    ","서울특별시 종로구 창신동 217-1 "
"3000000-101-2024-00276","온죽 플레이스","201182.631887081    ","452305.726992579    ","서울특별시 종로구 창신동 217-1 "
"3000000-101-2024-00277","71년 전통 연평도 3대 간장게장","201182.631887081    ","452305.726992579    ","서울특별시 종로구 창신동 217-1 "
"3000000-101-2024-00278","서당골 광화문점","198150.300374121    ","452019.212642931    ","서울특별시 종로구 종로1가 24 르메이에르종로타운1 "
"3000000-101-2024-00279","황생가칼국수 종로타워점","198504.772723631    ","452018.161511911    ","서울특별시 종로구 종로2가 6 종로타워 "
"3000000-101-2024-00280","오스테리아 라디치","197662.503910553    ","452189.09236786     ","서울특별시 종로구 당주동 5 로얄빌딩 "
"3000000-101-2024-00281","광화문 분식연구소","198390.802804951    ","452176.233368799    ","서울특별시 종로구 공평동 125-1 "
"3000000-101-2024-00282","올라포케 광화문점","197662.503910553    ","452189.09236786     ","서울특별시 종로구 당주동 5 로얄빌딩 "
"3000000-101-2024-00283","후라토식당 혜화점","200305.580788682    ","453077.630998173    ","서울특별시 종로구 동숭동 1-153 "
"3000000-101-2024-00284","반쿤콴","198544.216640638    ","451873.640046886    ","서울특별시 종로구 관철동 43-7 "
"3000000-101-2024-00285","뇌산마을 대학로점","200153.322797562    ","453332.518876344    ","서울특별시 종로구 동숭동 1-58 "
"3000000-101-2024-00286","돼봉삼겹살 대학로점","200153.322797562    ","453332.518876344    ","서울특별시 종로구 동숭동 1-58 "
"3000000-101-2024-00289","그 남자의 파스타 대학로","200029.558759273    ","453596.207847382    ","서울특별시 종로구 혜화동 141 "
"3000000-101-2024-00291","육전국밥 종각역점","198599.354528711    ","451963.264066125    ","서울특별시 종로구 종로2가 84-8 대한기독교서회 "
"3000000-101-2024-00292","더 닭","199554.116133013    ","453978.179489681    ","서울특별시 종로구 명륜3가 2-24 "
"3000000-101-2024-00293","(주)코리아테크 북촌","198631.91123403     ","453300.604274298    ","서울특별시 종로구 가회동 26-5 "
"3000000-101-2024-00298","효자동 닭꼬치","197277.482012408    ","453147.252868581    ","서울특별시 종로구 통인동 22-1 "
"3000000-101-2024-00300","바(BAR)-집","197448.327811078    ","453036.432074167    ","서울특별시 종로구 창성동 131 "
"3000000-101-2024-00301","베뉴지 커피숍","199121.144814384    ","451827.704774757    ","서울특별시 종로구 관수동 124 호텔 베뉴지 "
"3000000-101-2024-00302","차이윈난 쌀국수","199575.557348479    ","453969.013671248    ","서울특별시 종로구 명륜3가 2-33 "
"3000000-101-2024-00303","옥수동화덕피자 종각","198656.933623902    ","451906.850293023    ","서울특별시 종로구 관철동 19-1 해덕빌딩 "
"3000000-101-2024-00305","준벅","198983.509751266    ","452427.924784364    ","서울특별시 종로구 익선동 133-2 "
"3000000-101-2024-00306","가배도 혜화점","199773.583085246    ","453422.24572345     ","서울특별시 종로구 명륜3가 154-2 "
"3000000-101-2024-00307","마마도시락 동대문역점","200637.694646311    ","452116.370960932    ","서울특별시 종로구 종로6가 92-2 "
"3000000-101-2024-00308","가회동 숲","198582.070115328    ","453328.217542156    ","서울특별시 종로구 가회동 30-1 북촌로 61빌딩 "
"3000000-101-2024-00309","울티모","198484.065112475    ","451860.352943313    ","서울특별시 종로구 관철동 266 "
"3000000-101-2024-00310","원픽 익선점","198912.402785409    ","452347.189619108    ","서울특별시 종로구 낙원동 59-5 도로시빌딩 "
"3000000-101-2024-00312","동묘 그늘집","201479.329734979    ","452071.433610389    ","서울특별시 종로구 창신동 399-1 "
"3000000-101-2024-00313","황남","197567.747824202    ","452347.973860449    ","서울특별시 종로구 내수동 75 용비어천가 "
"3000000-101-2024-00314","종로 한옥마당","198953.552273937    ","451809.245845455    ","서울특별시 종로구 관수동 161-14 "
"3000000-101-2024-00315","프리트리 (Friterie)","199971.375396288    ","453477.87867652     ","서울특별시 종로구 명륜2가 33 "
"3000000-101-2024-00316","동대문 닭꼬치 본점","201308.1276594      ","452046.40186495     ","서울특별시 종로구 창신동 393-4 "
"3000000-101-2024-00317","호앙비엣 종각역점","198407.65176687     ","452284.517407597    ","서울특별시 종로구 견지동 110-43 "
"3000000-101-2024-00318","횟집 산이네 광화문","197684.074621428    ","452062.999405281    ","서울특별시 종로구 당주동 170-1 광화장여관 "
"3000000-101-2024-00319","족발-여(女)","201838.198011408    ","452552.283687383    ","서울특별시 종로구 숭인동 1054 "
"3000000-101-2024-00320","비단 백합 수제비","198076.878950513    ","452402.195269511    ","서울특별시 종로구 수송동 146-1 이마빌딩 "
"3000000-101-2024-00321","오브오브라이트","199252.571132379    ","452384.135183012    ","서울특별시 종로구 봉익동 1-3 "
"3000000-101-2024-00322","치티(ziti)","199824.408492396    ","453294.875677677    ","서울특별시 종로구 명륜4가 206-2 유빌리지 "
"3000000-101-2024-00323","숨은나무","198627.264463697    ","452084.775191171    ","서울특별시 종로구 인사동 240 "
"3000000-101-2024-00324","우솔","198608.517942695    ","452756.452283651    ","서울특별시 종로구 안국동 129 "
"3000000-101-2024-00325","샤브정원","200181.925231008    ","453385.703513726    ","서울특별시 종로구 동숭동 1-54 비젼21 "
"3000000-101-2024-00326","러프러프(RUFRUF) 안국","198715.850567472    ","453015.939806197    ","서울특별시 종로구 계동 101-12 신영빌딩 "
"3000000-101-2024-00328","하림 호프","201253.807661498    ","452246.029400306    ","서울특별시 종로구 창신동 326-6 "
"3000000-101-2024-00329","(복합) 문화공간 아리랑","198620.85977573     ","452484.203460352    ","서울특별시 종로구 관훈동 60 "
"3000000-101-2024-00330","카츠와이찌 종로점","200436.561376204    ","452787.69754453     ","서울특별시 종로구 이화동 28-18 "
"3000000-101-2024-00331","루다 (RUDA)","199981.854204626    ","453494.829728673    ","서울특별시 종로구 명륜2가 21-12 "
"3000000-101-2024-00332","멘츠루","198386.829870878    ","452237.303784872    ","서울특별시 종로구 견지동 110 종로1가 대성 스카이렉스 "
"3000000-101-2024-00333","킹즈가드(The King's Guard)","200284.302574279    ","451972.984457964    ","서울특별시 종로구 종로5가 503-14 "
"3000000-101-2024-00335","더 빅테일 (The Bigtail)","201210.315447801    ","452155.069108999    ","서울특별시 종로구 창신동 330-57 "
"3000000-101-2024-00336","녹산","199902.787086127    ","453603.431190741    ","서울특별시 종로구 명륜2가 8-16 "
"3000000-101-2024-00337","서울집시 서촌점","197380.688297862    ","453260.251877709    ","서울특별시 종로구 효자동 25 "
"3000000-101-2024-00338","종로시래기뼈감자탕","198652.145786171    ","451962.651382427    ","서울특별시 종로구 종로2가 84-2 "
"3000000-101-2024-00339","익선돔","199094.814233137    ","452287.694277057    ","서울특별시 종로구 돈의동 19 스타호스텔 인사동 "
"3000000-101-2024-00340","주식회사 아이와푸즈코리아 새문안로","197301.12614106     ","451816.038182067    ","서울특별시 종로구 신문로2가 89-27 신문로교회 "
"3000000-101-2024-00341","달롱도르 요거트 아이스크림 경복궁점","197449.713911941    ","452809.42627496     ","서울특별시 종로구 체부동 40 "
"3000000-101-2024-00342","커리큘럼(Curriculum)","198298.906169446    ","453910.967262018    ","서울특별시 종로구 삼청동 12 "
"3000000-101-2024-00343","동감","197424.499897499    ","453008.89190497     ","서울특별시 종로구 통의동 109 "
"3000000-101-2024-00345","미채","200863.475829622    ","452260.343145552    ","서울특별시 종로구 창신동 651-102 "
"3000000-101-2024-00347","백희 서울","199002.58665583     ","452595.792877995    ","서울특별시 종로구 운니동 62-1 HZONE "
"3000000-101-2024-00348","커피나인 종로","198790.560877431    ","451962.812628623    ","서울특별시 종로구 종로2가 71-5 "
"3000000-101-2024-00349","블라인드 코블러","198932.523325775    ","451804.252101066    ","서울특별시 종로구 관철동 35-4 도안빌딩 "
"3000000-101-2024-00350","모아늑","197380.688297862    ","453260.251877709    ","서울특별시 종로구 효자동 25 "
"3000000-101-2024-00351","유케야","200178.262552147    ","453484.642323703    ","서울특별시 종로구 동숭동 1-11 "
"3000000-101-2024-00352","마마오리","199743.555078365    ","453491.538549091    ","서울특별시 종로구 명륜2가 225 "
"3000000-101-2024-00353","브뤼셀프라이 안국점","198742.659391924    ","452814.32796848     ","서울특별시 종로구 계동 146-1 "
"3000000-101-2024-00354","아리(ari)","197162.936027212    ","452693.524321734    ","서울특별시 종로구 필운동 137-5 "
"3000000-101-2024-00355","정화냉삼","199857.37851869     ","453411.479709264    ","서울특별시 종로구 명륜2가 187 태인빌딩 "
"3000000-101-2024-00356","순대실록 광화문점","197684.074621428    ","452062.999405281    ","서울특별시 종로구 당주동 170-1 광화장여관 "
"3000000-101-2024-00357","꼬꼬잭 치킨","197683.199204226    ","452081.673452833    ","서울특별시 종로구 당주동 168 당주빌딩 "
"3000000-101-2024-00358","빠오즈푸 광화문점","198150.300374121    ","452019.212642931    ","서울특별시 종로구 종로1가 24 르메이에르종로타운1 "
"3000000-101-2024-00359","육석관","198749.103805377    ","451851.568125671    ","서울특별시 종로구 관철동 12-5 Lee's빌딩 "
"3000000-101-2024-00360","육석관","198749.103805377    ","451851.568125671    ","서울특별시 종로구 관철동 12-5 Lee's빌딩 "
"3000000-101-2024-00361","침스버거","198150.300374121    ","452019.212642931    ","서울특별시 종로구 종로1가 24 르메이에르종로타운1 "
"3000000-101-2024-00362","배오개","200649.639284806    ","452854.483947873    ","서울특별시 종로구 이화동 9-859 "
"3000000-101-2024-00363","오봉집 종로3가점","199007.466861825    ","452051.646584463    ","서울특별시 종로구 낙원동 197-2 "
"3000000-101-2024-00364","해탄 종각점","198788.536133919    ","451930.151627442    ","서울특별시 종로구 관철동 6-5 "
"3000000-101-2024-00365","153 구포국수 종로점","198808.030946143    ","452017.793216907    ","서울특별시 종로구 종로2가 23 "
"3000000-101-2024-00366","토아프 서비스","196713.797648998    ","452357.316851651    ","서울특별시 종로구 행촌동 171-86 행촌도성가옥 "
"3000000-101-2024-00368","서순라길 한옥카페2","199277.717867258    ","452360.621177058    ","서울특별시 종로구 봉익동 11-2 "
"3000000-101-2024-00370","밀키샵 익선점(milkyshop ikseon)","199050.48646798     ","452285.12379163     ","서울특별시 종로구 돈의동 30 "
"3000000-101-2024-00371","히스펍","199251.493928331    ","452398.971901769    ","서울특별시 종로구 권농동 191-3 금보빌딩 "
"3000000-101-2024-00372","(주)브라더스스토어 계도 종로타워점","198504.772723631    ","452018.161511911    ","서울특별시 종로구 종로2가 6 종로타워 "
"3000000-101-2024-00374","가오관(GAO QUAN)","200891.138150574    ","452305.940259225    ","서울특별시 종로구 창신동 582-34 101,102호 "
"3000000-101-2024-00377","만수네","199278.043882385    ","451978.727050146    ","서울특별시 종로구 종로3가 140-1 "
"3000000-101-2024-00380","파티나 (PATINA)","198916.621582172    ","452826.94095916     ","서울특별시 종로구 원서동 229 "
"3000000-101-2024-00381","새문안카페","197607.398336321    ","452120.026024435    ","서울특별시 종로구 당주동 145 "
"3000000-101-2024-00383","정일正一 한우","197573.030749573    ","452175.335781858    ","서울특별시 종로구 당주동 100 세종빌딩, 세종아파트 "
"3000000-101-2024-00384","칠링(Chilling)","199002.58665583     ","452595.792877995    ","서울특별시 종로구 운니동 62-1 HZONE "
"3000000-101-2024-00385","반궁 종각역점","198504.772723631    ","452018.161511911    ","서울특별시 종로구 종로2가 6 종로타워 "
"3000000-101-2024-00386","이화가배","200203.996551758    ","452669.463556403    ","서울특별시 종로구 이화동 192 "
"3000000-101-2024-00387","승승장구","199016.856847945    ","452053.890779469    ","서울특별시 종로구 낙원동 197-1 경산빌딩 "
"3000000-101-2024-00388","더블유슬래시(DOUBLE YOU SLASH)","199190.271703465    ","452491.784661974    ","서울특별시 종로구 권농동 184-1 성우빌딩 "
"3000000-101-2024-00389","서울식당","200253.64074801     ","452409.854375839    ","서울특별시 종로구 효제동 124-2 "
"3000000-101-2024-00390","솥내음 종로인사동점","198781.691802157    ","452210.241271704    ","서울특별시 종로구 인사동 39 "
"3000000-101-2024-00391","소바의 온도","201331.654239652    ","452574.751072697    ","서울특별시 종로구 숭인동 65-20 "
"3000000-101-2024-00392","MUU한우다이닝 서순라길점","199246.177918561    ","452381.723047221    ","서울특별시 종로구 봉익동 1-4 "
"3000000-101-2024-00393","일 익스프레스","198572.839145325    ","452022.373156033    ","서울특별시 종로구 종로2가 8-4 "
"3000000-101-2024-00394","분마카세","199303.142596785    ","452313.619268176    ","서울특별시 종로구 봉익동 12-2 "
"3000000-101-2024-00396","수퍼툴스 (SUPER TOOLS)","197465.223921125    ","452366.613899898    ","서울특별시 종로구 내수동 72 경희궁의아침 3단지 "
"3000000-101-2024-00397","종로 삼겹살","199125.319126042    ","452420.190360523    ","서울특별시 종로구 묘동 140 은조빌딩 "
"3000000-101-2024-00400","육전국밥 신설동역점","201910.038308535    ","452602.668155996    ","서울특별시 종로구 숭인동 1256 동보빌딩 "
"3000000-101-2024-00401","춘천집 무한닭갈비 대학로점","200157.647836124    ","453287.901840153    ","서울특별시 종로구 동숭동 1-60 바탕골소극장 "
"3000000-101-2024-00402","진할매 원조닭집","200432.366507359    ","452022.676413919    ","서울특별시 종로구 종로5가 265-19 "
"3000000-101-2024-00403","더일마(THEILMA)","197500.366145056    ","453001.613133456    ","서울특별시 종로구 통의동 88 "
"3000000-101-2024-00404","종로92카페","201310.613073228    ","453007.174340193    ","서울특별시 종로구 숭인동 9-2 "
"3000000-101-2024-00405","인하우스 커피 앤 바(INHOUSE coffee&bar)","199715.927042025    ","452649.932628498    ","서울특별시 종로구 원남동 105-3 원남캐슬 "
"3000000-101-2024-00406","(주)하다컴퍼니 노을지다 혜화점","200033.2946562      ","453610.180969225    ","서울특별시 종로구 혜화동 135 "
"3000000-101-2024-00407","구구0109 식당","201352.695219327    ","452502.007925298    ","서울특별시 종로구 숭인동 65-6 "
"3000000-101-2024-00408","신사동인동 안녕인사동점","198498.918632911    ","452473.403750001    ","서울특별시 종로구 관훈동 155-2 "
"3000000-101-2024-00409","포온즈데이 커피로스터스","200325.125666866    ","452369.666575041    ","서울특별시 종로구 충신동 206-11 한아빌딩 "
"3000000-101-2024-00410","몽 쁘띠 쁠라","200285.112514425    ","453351.681389588    ","서울특별시 종로구 동숭동 1-83 현대엘리베이터 빌딩 "
"3000000-101-2024-00412","고은정","199845.118189875    ","453344.068831649    ","서울특별시 종로구 명륜4가 188-14 A&A TOWER "
"3000000-101-2024-00413","토담삼계탕","197283.485961133    ","452677.73658403     ","서울특별시 종로구 필운동 211 필운빌딩 "
"3000000-101-2024-00414","삼형제김밥 종로구청점","198201.313264422    ","452221.134403171    ","서울특별시 종로구 청진동 2-2 "
"3000000-101-2024-00415","혜화정","200349.594442405    ","453189.072723426    ","서울특별시 종로구 동숭동 130-16 "
"3000000-101-2024-00416","갗","201829.236794678    ","452342.20042159     ","서울특별시 종로구 숭인동 202-33 "
"3000000-101-2024-00417","노모어피자 대학로점","199874.921531733    ","453445.391507171    ","서울특별시 종로구 명륜2가 194-1 "
"3000000-101-2024-00418","에떼르넬 다이닝","197538.341474249    ","452706.335661382    ","서울특별시 종로구 통의동 47 "
"3000000-101-2024-00422","서린 바지락칼국수","198150.300374121    ","452019.212642931    ","서울특별시 종로구 종로1가 24 르메이에르종로타운1 "
"3000000-101-2024-00423","러브버드케이지 (LOVE BIRD CAGE)","199160.475734489    ","452205.910367103    ","서울특별시 종로구 돈의동 109 "
"3000000-101-2024-00427","청년식탁","197573.030749573    ","452175.335781858    ","서울특별시 종로구 당주동 100 세종빌딩, 세종아파트 지하1층 106호"
"3000000-101-2025-00002","셋잇단(set eat dan)","197353.863104086    ","453189.841876303    ","서울특별시 종로구 통인동 5-1 효자아파트 "
"3000000-101-2025-00003","서울메이트","200902.807232242    ","452137.584346747    ","서울특별시 종로구 창신동 465 "
"3000000-101-2025-00004","낭로","201047.506702961    ","452179.50932328     ","서울특별시 종로구 창신동 525 "
"3000000-101-2025-00005","고코(GOKO)","197465.223921125    ","452366.613899898    ","서울특별시 종로구 내수동 72 경희궁의아침 3단지 "
"3000000-101-2025-00006","광화문황태","198150.300374121    ","452019.212642931    ","서울특별시 종로구 종로1가 24 르메이에르종로타운1 "
"3000000-101-2025-00007","하동우렁추어탕 동대문점","200876.602915538    ","452108.981034905    ","서울특별시 종로구 창신동 464-6 "
"3000000-101-2025-00008","태성골뱅이 낙원점","198996.304199219    ","452125.629956344    ","서울특별시 종로구 낙원동 172 "
"3000000-101-2025-00009","별난고깃집","201653.470133556    ","452406.746388058    ","서울특별시 종로구 숭인동 207-25 "
"3000000-101-2025-00010","풍심당 카페","198630.975402349    ","452436.844318646    ","서울특별시 종로구 관훈동 32 "
"3000000-101-2025-00011","쟈란","197713.264843734    ","451938.037703258    ","서울특별시 종로구 신문로1가 163 광화문오피시아빌딩 "
"3000000-101-2025-00013","더 제임스 Music Agit","196842.665642461    ","455810.226592016    ","서울특별시 종로구 평창동 286-2 "
"3000000-101-2025-00014","산산(SANSAN)","197289.37035385     ","453439.217221675    ","서울특별시 종로구 신교동 52 "
"3000000-101-2025-00015","카페 게일리(CAFE GAILY)","200345.747384566    ","453160.112139898    ","서울특별시 종로구 동숭동 130-44 "
"3000000-101-2025-00016","안녕 오늘통닭","198498.918632911    ","452473.403750001    ","서울특별시 종로구 관훈동 155-2 "
"3000000-101-2025-00017","가배로 86","199038.463024392    ","451853.037309937    ","서울특별시 종로구 관수동 143 113호"
"3000000-101-2025-00018","개비스 코타지","200076.729962484    ","452037.170017459    ","서울특별시 종로구 종로5가 138-32 "
"3000000-101-2025-00019","동해남부선 국일관점","199022.330295105    ","451854.267451877    ","서울특별시 종로구 관수동 145-1 "
"3000000-101-2025-00020","이타마에스시 광화문디타워","198068.926781947    ","452087.030190231    ","서울특별시 종로구 청진동 246 D타워 "
"3000000-101-2025-00021","잭잭(JACKJACK)","198567.772113851    ","452698.199649608    ","서울특별시 종로구 안국동 159 "
"3000000-101-2025-00022","익선동 연리지","199079.583500536    ","452413.952697995    ","서울특별시 종로구 익선동 120 "
"3000000-101-2025-00023","승 룡","199139.413559942    ","452574.649724079    ","서울특별시 종로구 와룡동 44 "
"3000000-101-2025-00024","ACRO(아크로)","199190.782947826    ","452511.516937735    ","서울특별시 종로구 권농동 183-4 "
"3000000-101-2025-00025","역전우동0410 종로3가역점","199094.585493882    ","451972.782867263    ","서울특별시 종로구 종로3가 116-1 "
"3000000-101-2025-00026","송도갈비 평창점 수라간 (주)신화케이푸드","196547.588774532    ","455831.730067647    ","서울특별시 종로구 신영동 5-5 "
"3000000-101-2025-00027","주식회사 파작 (PAZAC. Inc)","198522.081312297    ","451851.791863766    ","서울특별시 종로구 관철동 43-11 "
"3000000-101-2025-00028","Ludo Balouze(뤼도 발루즈)","196828.514570273    ","454510.938954531    ","서울특별시 종로구 부암동 260-6 "
"3000000-101-2025-00029","인사동제면소","198498.918632911    ","452473.403750001    ","서울특별시 종로구 관훈동 155-2 "
"3000000-101-2025-00030","인디고 젤라또(Indigo Gelato)","199872.928164861    ","453390.08065254     ","서울특별시 종로구 명륜4가 176-2 "
"3000000-101-2025-00031","포스톤즈 삼청점","198314.468082547    ","453622.750653026    ","서울특별시 종로구 삼청동 105-10 "
"3000000-101-2025-00032","153 구포국수 경복궁점","197561.611309913    ","452642.051157216    ","서울특별시 종로구 적선동 93-3 "
"3000000-101-2025-00034","비타노바 (VITANOVA)","197465.223921125    ","452366.613899898    ","서울특별시 종로구 내수동 72 경희궁의아침 3단지 "
"3000000-101-2025-00035","샐러링 대학로점","200242.359769282    ","453256.488951828    ","서울특별시 종로구 동숭동 1-97 스타리움빌딩 "
"3000000-101-2025-00036","이백점순대국감자탕 서순라길점","199181.858161843    ","452405.745180698    ","서울특별시 종로구 묘동 4 "
"3000000-101-2025-00037","참조은 오리(3·5·7·9)","201047.506702961    ","452179.50932328     ","서울특별시 종로구 창신동 525 "
"3000000-101-2025-00038","갈릭보이 안국점","198681.012391136    ","452731.165062803    ","서울특별시 종로구 재동 105-1 "
"3000000-101-2025-00039","해화개반 대학로","200242.359769282    ","453256.488951828    ","서울특별시 종로구 동숭동 1-97 스타리움빌딩 "
"3000000-101-2025-00040","카멜커피 15호점","197608.368450132    ","452944.094461001    ","서울특별시 종로구 통의동 7-25 "
"3000000-101-2025-00041","공평동 꼼장어","198568.77792237     ","451891.299622979    ","서울특별시 종로구 관철동 19-20 삼보빌딩 "
"3000000-101-2025-00042","동카츠","197650.653736722    ","452368.519288991    ","서울특별시 종로구 도렴동 60 도렴빌딩 "
"3000000-101-2025-00043","힛더밥(HEAT THE BOB)","198386.829870878    ","452237.303784872    ","서울특별시 종로구 견지동 110 종로1가 대성 스카이렉스 "
"3000000-101-2025-00044","주식회사 프리츠","196459.971230276    ","452390.094054109    ","서울특별시 종로구 무악동 46-1732 "
"3000000-101-2025-00046","송도갈비 평창점 영빈관 (주)신화케이푸드","196547.588774532    ","455831.730067647    ","서울특별시 종로구 신영동 5-5 "
"3000000-101-2025-00047","학사다방","198752.043335926    ","451889.12171468     ","서울특별시 종로구 관철동 13-4 시사빌딩 "
"3000000-101-2025-00048","응답한다 1988 뽑기집","198838.912965902    ","452214.210961577    ","서울특별시 종로구 낙원동 288 낙원상가 "
"3000000-101-2025-00049","아지트(AZIT)","197673.919714838    ","452123.434528869    ","서울특별시 종로구 당주동 160 "
"3000000-101-2025-00050","주식회사 티시스 메밀영글","197482.205329945    ","451938.30792481     ","서울특별시 종로구 신문로1가 226 흥국생명빌딩 "
"3000000-101-2025-00051","주식회사 티시스 카페씨네큐브","197482.205329945    ","451938.30792481     ","서울특별시 종로구 신문로1가 226 흥국생명빌딩 "
"3000000-101-2025-00053","제로밥상 혜화점","200310.584615294    ","453249.097065674    ","서울특별시 종로구 동숭동 50-44 "
"3000000-101-2025-00055","세상만사","199122.617797758    ","452658.731796781    ","서울특별시 종로구 와룡동 36-2 "
"3000000-101-2025-00057","신안촌","197426.104635197    ","452277.500727048    ","서울특별시 종로구 내수동 110-35 "
"3000000-101-2025-00058","포뮬라 아뜰리에","197263.107915923    ","452665.342141009    ","서울특별시 종로구 필운동 225-2 "
"3000000-101-2025-00059","순라정미소","199175.849431006    ","452551.226228604    ","서울특별시 종로구 권농동 179 "
"3000000-101-2025-00060","PREQUEL (프리퀄)","196229.181125586    ","456103.954032399    ","서울특별시 종로구 구기동 95-11 "
"3000000-101-2025-00061","일품 광화문점","198150.300374121    ","452019.212642931    ","서울특별시 종로구 종로1가 24 르메이에르종로타운1 "
"3000000-101-2025-00062","종각역 미술관고기집 인사동점","198624.138578439    ","451931.849400946    ","서울특별시 종로구 관철동 18-4 청문학원 "
"3000000-101-2025-00063","천만 참숯구이","201309.153512922    ","452777.170656632    ","서울특별시 종로구 숭인동 55-10 "
"3000000-101-2025-00064","숙썽수산 종로본점","198760.62966456     ","451931.06533534     ","서울특별시 종로구 관철동 14-1 덕흥빌딩 "
"3000000-101-2025-00065","프레드피자 종로점","199658.55506796     ","453782.816291273    ","서울특별시 종로구 명륜1가 83-5 새주빌딩 "
"3000000-101-2025-00066","금성슈퍼","198922.059962012    ","451864.177215981    ","서울특별시 종로구 관철동 25 "
"3000000-101-2025-00069","트라토리아 연남","199718.660305441    ","452560.867056062    ","서울특별시 종로구 원남동 89-3 "
"3000000-101-2025-00070","육식주","199242.47326045     ","452349.34362284     ","서울특별시 종로구 봉익동 8-1 "
"3000000-101-2025-00071","감개무량","197283.485961133    ","452677.73658403     ","서울특별시 종로구 필운동 211 필운빌딩 "
"3000000-101-2025-00072","원조 차돌박힌쭈꾸미","198600.653290221    ","451865.553162137    ","서울특별시 종로구 관철동 175 "
"3000000-101-2025-00073","탕화쿵푸마라탕 종각점","198631.433296326    ","451962.936390697    ","서울특별시 종로구 종로2가 84-5 "
"3000000-101-2025-00074","동묘 홍두깨 국수","201580.493928595    ","452372.362134128    ","서울특별시 종로구 숭인동 219 "
"3000000-101-2025-00076","통인","197366.478896207    ","453113.488898804    ","서울특별시 종로구 통인동 113-2 "
"3000000-101-2025-00077","초식곳간","198150.300374121    ","452019.212642931    ","서울특별시 종로구 종로1가 24 르메이에르종로타운1 "
"3000000-101-2025-00078","포케로로 경희궁의아침점","197465.223921125    ","452366.613899898    ","서울특별시 종로구 내수동 72 경희궁의아침 3단지 "
"3000000-101-2025-00079","이도곰탕 광화문직영점","197683.199204226    ","452081.673452833    ","서울특별시 종로구 당주동 168 당주빌딩 "
"3000000-101-2025-00080","JB소주방","199076.079256135    ","452112.074785736    ","서울특별시 종로구 낙원동 159 대원빌딩 "
"3000000-101-2025-00081","La bosco 부엌","196907.250110679    ","454572.358059946    ","서울특별시 종로구 부암동 237-8 "
"3000000-101-2025-00082","디피알티 (dprt)","198990.328219681    ","451812.244811783    ","서울특별시 종로구 관수동 154-2 아주빌딩 "
"3000000-101-2025-00083","관 북","198237.929525915    ","452179.998288835    ","서울특별시 종로구 청진동 11-6 삼선빌딩 "
"3000000-101-2025-00085","아틀리에송","198621.927242963    ","452471.368416439    ","서울특별시 종로구 관훈동 56-2 "
"3000000-101-2025-00086","구기촌","196365.70846737     ","456017.55617339     ","서울특별시 종로구 구기동 62-2 466가 "
"3000000-101-2025-00087","콩두주백 동묘직영점","201359.53353905     ","452395.659064842    ","서울특별시 종로구 숭인동 76 롯데캐슬 천지인 "
"3000000-101-2025-00088","첸킨","197228.828008117    ","453156.52865019     ","서울특별시 종로구 통인동 31-25 "
"3000000-101-2025-00089","리와인드 서울","198467.712974372    ","452623.282097869    ","서울특별시 종로구 안국동 175-87 안국빌딩 "
"3000000-101-2025-00090","강경불고기 종로평창동점","197682.531865303    ","456309.265884524    ","서울특별시 종로구 평창동 66-32 귀빈빌딩 "
"3000000-101-2025-00091","정 서순라본점","199213.325068376    ","452394.522507722    ","서울특별시 종로구 권농동 187-20 "
"3000000-101-2025-00092","옥도","196376.23272092     ","455990.838263683    ","서울특별시 종로구 구기동 20-14 "
"3000000-101-2025-00093","도원","197013.490218964    ","451678.787536538    ","서울특별시 종로구 평동 164 서울적십자병원 "
"3000000-101-2025-00094","오크통 혜화혼술바","199942.003439551    ","453305.348201669    ","서울특별시 종로구 명륜4가 80-1 "
"3000000-101-2025-00095","가디언스 (GUARDIANS)","198213.106161443    ","452176.777356935    ","서울특별시 종로구 청진동 17 "
"3000000-101-2025-00096","스데반카레 광화문점","197567.93800572     ","452276.454633376    ","서울특별시 종로구 내수동 167 대우빌딩 "
"3000000-101-2025-00097","슬로우캘리 정동","197413.260397461    ","451896.027279239    ","서울특별시 종로구 신문로2가 92 LG광화문빌딩 "
"3000000-101-2025-00099","얌얌 스파이스","198498.918632911    ","452473.403750001    ","서울특별시 종로구 관훈동 155-2 "
"3000000-101-2025-00101","종각 밥상","198625.513333784    ","452075.105119203    ","서울특별시 종로구 인사동 241 "
"3000000-101-2025-00102","비긴드(BEGIND)","199094.814233137    ","452287.694277057    ","서울특별시 종로구 돈의동 19 스타호스텔 인사동 "
"3000000-101-2025-00103","구:움하우스([gu:um]haus)","196116.651717549    ","455315.465682862    ","서울특별시 종로구 홍지동 46-1 "
"3000000-101-2025-00104","우아 김밥","200606.713585512    ","452118.028284083    ","서울특별시 종로구 종로6가 115-1 "
"3000000-101-2025-00105","아로포 (ALOPHO)","199886.754898631    ","453370.157019574    ","서울특별시 종로구 명륜4가 176-1 "
"3000000-101-2025-00106","티이티이","200621.684806499    ","452617.671931467    ","서울특별시 종로구 충신동 1-180 "
"3000000-101-2025-00107","리본레시피 광화문점","197713.264843734    ","451938.037703258    ","서울특별시 종로구 신문로1가 163 광화문오피시아빌딩 "
"3000000-101-2025-00109","금문도 (내수동점)","197559.791065754    ","452388.315239125    ","서울특별시 종로구 내수동 74 광화문시대 "
"3000000-101-2025-00110","장수오리","201627.475436833    ","452363.525911978    ","서울특별시 종로구 숭인동 228-5 "
"3000000-101-2025-00111","호앙비엣 관철동점","198751.053912826    ","451962.484078847    ","서울특별시 종로구 종로2가 75-4 부봉빌딩 "
"3000000-101-2025-00112","와이스타브 다이어트 광화문점","198150.300374121    ","452019.212642931    ","서울특별시 종로구 종로1가 24 르메이에르종로타운1 "
"3000000-101-2025-00113","중앙해장 광화문점","197541.418168655    ","452115.300046799    ","서울특별시 종로구 신문로1가 238 신문로빌딩 "
"3000000-101-2025-00114","인사동 보리밥","198574.909899705    ","452264.246969117    ","서울특별시 종로구 관훈동 198-17 일정빌딩 "
"3000000-101-2025-00115","이런이궈 마라탕","200029.558759273    ","453596.207847382    ","서울특별시 종로구 혜화동 141 "
"3000000-101-2025-00116","죽이최고야","198940.994936617    ","452565.590617509    ","서울특별시 종로구 익선동 8 "
"3000000-101-2025-00117","산리지","199187.415492397    ","452451.248888358    ","서울특별시 종로구 권농동 186 경호빌딩 "
"3000000-101-2025-00118","스타벅스 광장마켓점","199816.770134674    ","451999.530839582    ","서울특별시 종로구 예지동 2-1 "
"3000000-101-2025-00119","코돈부르","198150.300374121    ","452019.212642931    ","서울특별시 종로구 종로1가 24 르메이에르종로타운1 "
"3000000-101-2025-00120","포차(POCHA)","198986.25965889     ","452271.409343949    ","서울특별시 종로구 낙원동 110 경한빌딩 1층 "
"3000000-101-2025-00121","더플라워샵","197390.605049073    ","452276.613571507    ","서울특별시 종로구 내수동 110-9 "
"3000000-101-2025-00122","아 부앙","196740.256616123    ","454472.040500991    ","서울특별시 종로구 부암동 314-1 "
"3000000-101-2025-00123","죠죠 대학로점","199942.18820615     ","453397.49519587     ","서울특별시 종로구 명륜4가 65-2 "
"3000000-101-2025-00124","에빠 한옥 (etba hanok)","198326.378176607    ","453014.059924892    ","서울특별시 종로구 소격동 144-2 아트선재센타 "
"3000000-101-2025-00125","맘스피자 광화문점","197830.307094702    ","452135.597126642    ","서울특별시 종로구 세종로 166-1 "
"3000000-101-2025-00126","맘스터치LAB 광화문점","197830.307094702    ","452135.597126642    ","서울특별시 종로구 세종로 166-1 "
"3000000-101-2025-00127","매직 라이브 펍","199907.358176345    ","453310.700518421    ","서울특별시 종로구 명륜4가 154-2 "
"3000000-101-2025-00128","nondo (논도)","197516.373592216    ","452858.05380687     ","서울특별시 종로구 통의동 35-11 "
"3000000-101-2025-00129","익선 풍경","199066.625401924    ","452375.544055672    ","서울특별시 종로구 익선동 166-23 "
"3000000-101-2025-00130","샌드비","197465.223921125    ","452366.613899898    ","서울특별시 종로구 내수동 72 경희궁의아침 3단지 "
"3000000-101-2025-00131","서촌다과방","197220.487651593    ","452697.30582868     ","서울특별시 종로구 필운동 144-1 "
"3000000-101-2025-00132","낙산갈매기","200017.173956381    ","453554.674642303    ","서울특별시 종로구 명륜2가 20-1 "
"3000000-101-2025-00133","쌤쌤쌤 광화문점","198068.926781947    ","452087.030190231    ","서울특별시 종로구 청진동 246 D타워 "
"3000000-101-2025-00134","움버거앤윙스 광화문점","197834.801173568    ","452019.007445539    ","서울특별시 종로구 세종로 204-1 "
"3000000-101-2025-00135","코코레시피2","197242.176844928    ","453137.700063351    ","서울특별시 종로구 통인동 27-4 "
"3000000-101-2025-00136","클럽 아사이 보라(club acai bora)","198068.926781947    ","452087.030190231    ","서울특별시 종로구 청진동 246 D타워 1층 114, 115호 "
"3000000-101-2025-00137","가마솥순대국밥 대학로점","200071.808723205    ","453314.712100549    ","서울특별시 종로구 명륜4가 92 "
"3000000-101-2025-00138","청담원","197567.849954354    ","452567.159554494    ","서울특별시 종로구 적선동 80 적선현대빌딩 아케이트 지하1층 32호"
"3000000-101-2025-00139","(주)헤비스테이크 대학로점","199867.096699895    ","453411.269175447    ","서울특별시 종로구 명륜2가 186-2 "
"3000000-101-2025-00140","규카츠정 광화문점","198150.300374121    ","452019.212642931    ","서울특별시 종로구 종로1가 24 르메이에르종로타운1 214호"
"3000000-101-2025-00141","시원한 산책","200789.93047503     ","453037.238654063    ","서울특별시 종로구 창신동 611-62 "
"3000000-101-2025-00142","당나발포차 서울대학로점","199997.520182225    ","453440.271080169    ","서울특별시 종로구 명륜4가 11-2 "
"3000000-101-2025-00143","미선포차","200365.065961351    ","452034.667931141    ","서울특별시 종로구 종로5가 231-25 성원빌딩 "
"3000000-101-2025-00144","광화문 돈까스","200256.727353524    ","452291.343695335    ","서울특별시 종로구 효제동 268-2 "
"3000000-101-2025-00145","김삼보 종로3가점","199163.242266892    ","451961.378434435    ","서울특별시 종로구 관수동 57 "
"3000000-101-2025-00146","춘천집","196976.900007758    ","455920.189242286    ","서울특별시 종로구 평창동 309-1 "
"3000000-101-2025-00147","샤브가든 종로타워점","198504.772723631    ","452018.161511911    ","서울특별시 종로구 종로2가 6 종로타워 211-1호"
"3000000-101-2025-00148","육전국밥 종로3가역점","198984.604875284    ","451902.022816125    ","서울특별시 종로구 관수동 13-2 다비치타워 "
"3000000-101-2025-00149","미스터해피 샌드위치","199721.821480628    ","452523.521449445    ","서울특별시 종로구 원남동 84-2 좌측호"
"3000000-101-2025-00150","인사동 토방","198725.477266321    ","452357.457982295    ","서울특별시 종로구 관훈동 4-2 "
"3000000-101-2025-00151","다미","199103.189938856    ","452071.511519016    ","서울특별시 종로구 돈의동 167 1층 "
"3000000-101-2025-00152","오죽이네","199097.57910713     ","452413.905914886    ","서울특별시 종로구 익선동 110-2 1층 "
"3000000-101-2025-00153","코브 홉스(Cove hops)","197374.673121704    ","452679.713116344    ","서울특별시 종로구 내자동 23 1층 "
"3000000-101-2025-00154","한국통닭오리바베큐","201559.999854982    ","452366.842564563    ","서울특별시 종로구 숭인동 221 1층 "
"3000000-101-2025-00155","(주)시절에프씨컴퍼니 시절 광화문점","197752.55433765     ","452085.962495818    ","서울특별시 종로구 당주동 24-3 1층 "
"3000000-101-2025-00156","(TBAB) 티비에이비","196301.854057524    ","455163.530328898    ","서울특별시 종로구 홍지동 133-12 B1층 "
"3000000-101-2025-00159","피아이씨비 (PICB)","196337.521555652    ","452392.511944476    ","서울특별시 종로구 무악동 89 경희궁 롯데캐슬 제지1층 제124호"
"3000000-101-2025-00160","드링크 인 피스","199189.079652354    ","452417.729932575    ","서울특별시 종로구 권농동 187-10 1층 2호"
"3000000-101-2025-00162","프레퍼스 다이어트 푸드 혜화역점","199965.552486441    ","453459.106833426    ","서울특별시 종로구 명륜2가 34 1층 "
"3000000-101-2025-00163","전주집","199162.069444726    ","451937.770989022    ","서울특별시 종로구 관수동 55 1층 "
"3000000-101-2025-00164","소울갈비 종각점","198567.082774025    ","451843.64730899     ","서울특별시 종로구 관철동 246-2 1층 "
"3000000-101-2025-00165","호야 카페","200339.355459063    ","452844.349652172    ","서울특별시 종로구 이화동 36-2 더프롬빌딩 1층 "
"3000000-101-2025-00166","윙앤딥","199470.131567151    ","451877.979183168    ","서울특별시 종로구 장사동 182-9 202, 211, 212호 "
"3000000-101-2025-00167","썬카페호프","198803.125778143    ","451930.797998966    ","서울특별시 종로구 관철동 6-4 "
"3000000-101-2025-00168","더프레시달달","198324.653631679    ","452252.812389497    ","서울특별시 종로구 수송동 58 두산위브파빌리온 142호"
"3000000-101-2025-00169","삼청동샤브 인사동점","198498.918632911    ","452473.403750001    ","서울특별시 종로구 관훈동 155-2 "
"3000000-101-2025-00170","퀴진서울","197842.557986375    ","452132.318856498    ","서울특별시 종로구 세종로 155-4 삼보빌딩 "
"3000000-101-2025-00171","카츠 헤세드 혜화 대학로점","200113.874740135    ","453549.526436303    ","서울특별시 종로구 혜화동 90-18 혜화동씨티밸리 1층 102호"
"3000000-101-2025-00172","덮장","197650.653736722    ","452368.519288991    ","서울특별시 종로구 도렴동 60 도렴빌딩 35,36호"
"3000000-101-2025-00173","프레퍼스 다이어트 푸드 종각역점","198659.638808128    ","451962.091885387    ","서울특별시 종로구 종로2가 84-1 영안빌딩 "
"3000000-101-2025-00174","사발","197465.223921125    ","452366.613899898    ","서울특별시 종로구 내수동 72 경희궁의아침 3단지 "
"3000000-101-2025-00175","엘(L)","199161.025235357    ","452530.351770867    ","서울특별시 종로구 와룡동 49-1 "
"3000000-101-2025-00176","카페 I got everything 대한민국역사박물관점","197980.401689693    ","452403.295775364    ","서울특별시 종로구 세종로 82-1 대한민국 역사박물관 "
"3000000-101-2025-00177","역전우동 0410 광화문 오피시아점","197713.264843734    ","451938.037703258    ","서울특별시 종로구 신문로1가 163 광화문오피시아빌딩 B1층 108호"
"3000000-101-2025-00178","카사데타코 혜화점","200167.863366594    ","453539.082274143    ","서울특별시 종로구 혜화동 163-18 "
"3000000-101-2025-00179","멜로우 레몬(Mellow Lemon)","198371.72287151     ","453602.262270756    ","서울특별시 종로구 삼청동 64 "
"3000000-101-2025-00180","비어있는삶2","198884.743439112    ","452765.921671768    ","서울특별시 종로구 운니동 98-20 로얄창덕궁빌딩 8층 802호"
"3000000-101-2025-00181","텅2","198884.743439112    ","452765.921671768    ","서울특별시 종로구 운니동 98-20 로얄창덕궁빌딩 8층 801호"
"3000000-101-2025-00182","서울안심정육","198567.082774025    ","451843.64730899     ","서울특별시 종로구 관철동 246-2 2,3층 "
"3000000-101-2025-00183","또와요포차","198567.082774025    ","451843.64730899     ","서울특별시 종로구 관철동 246-2 "
"3000000-101-2025-00184","사월의물고기","198504.404507942    ","452575.40356223     ","서울특별시 종로구 관훈동 118-2 충훈빌딩 "
"3000000-101-2025-00185","모녹","198317.960476521    ","453119.976454897    ","서울특별시 종로구 소격동 104 "
"3000000-101-2025-00186","드밑(De Mitt)","197298.923036043    ","452847.694733649    ","서울특별시 종로구 체부동 120-14 "
"3000000-101-2025-00187","싱싱밥상","197181.393301659    ","452458.826651573    ","서울특별시 종로구 사직동 9 광화문 스페이스본 "
"3000000-101-2025-00188","진미각","198752.043335926    ","451889.12171468     ","서울특별시 종로구 관철동 13-4 시사빌딩 "
"3000000-101-2025-00189","그림 베이크","199485.510094394    ","454057.195848806    ","서울특별시 종로구 명륜3가 1-214 "
"3000000-101-2025-00191","이치규 광화문점","198150.300374121    ","452019.212642931    ","서울특별시 종로구 종로1가 24 르메이에르종로타운1 제지하1층 제비123호"
"3000000-101-2025-00192","멘노아지 종로점","198213.955223154    ","452045.296742706    ","서울특별시 종로구 청진동 128 Tower 8 1층 101호"
"3000000-101-2025-00193","스타벅스 리저브광화문","197982.889600104    ","452206.123138933    ","서울특별시 종로구 세종로 100 KT 광화문 빌딩 West "
"3000000-101-2025-00195","모이세","198939.546796884    ","452149.966305842    ","서울특별시 종로구 낙원동 213-3 2층 "
"3000000-101-2025-00196","노몰크데이(NOMOLK DAY)","197241.802096646    ","452804.667309149    ","서울특별시 종로구 필운동 168 지하 1층 "
"3000000-101-2025-00197","버거옥 종로점","198870.651315738    ","451952.481831328    ","서울특별시 종로구 종로2가 56-24 다옴빌딩 "
"3000000-101-2025-00198","곰손카페","197213.396765602    ","453151.733098647    ","서울특별시 종로구 통인동 46-19 "
"3000000-101-2025-00199","눈온(noon on)","197154.709819521    ","453020.240843457    ","서울특별시 종로구 누하동 56-1 2층 "
"3000000-101-2025-00200","티더블유지티 (TWG Tea)","197982.889600104    ","452206.123138933    ","서울특별시 종로구 세종로 100 KT 광화문 빌딩 West 1층 105호"
"3000000-101-2025-00201","블루덕카페","200292.328945373    ","452150.567369851    ","서울특별시 종로구 효제동 192 유토피아 지하1층 "
"3000000-101-2025-00202","북창동순두부 종로관철점","198816.493844918    ","451913.950189702    ","서울특별시 종로구 관철동 7-1 "
"3000000-101-2025-00203","플레이 (BAR)","201858.060164055    ","452707.528967173    ","서울특별시 종로구 숭인동 759 1층 "
"3000000-101-2025-00204","와인일레븐 WINE11 ((주)오션일레븐쉬핑)","199845.118189875    ","453344.068831649    ","서울특별시 종로구 명륜4가 188-14 A&A TOWER "
"3000000-101-2025-00205","평창동추어탕","196818.677823748    ","455792.214186771    ","서울특별시 종로구 평창동 285-2 "
"3000000-101-2025-00206","인사동 청둥 흑염소","198624.006469032    ","452310.752960617    ","서울특별시 종로구 관훈동 197-28 백상빌딩 "
"3000000-101-2025-00207","딱좋아","200389.375972921    ","452056.426604581    ","서울특별시 종로구 종로5가 244 1층 "
"3000000-101-2025-00208","루드베키아","197982.889600104    ","452206.123138933    ","서울특별시 종로구 세종로 100 KT 광화문 빌딩 West "
"3000000-101-2025-00209","도우룸 광화문","197982.889600104    ","452206.123138933    ","서울특별시 종로구 세종로 100 KT 광화문 빌딩 West "
"3000000-101-2025-00210","타코챔피언 광화문점","197982.889600104    ","452206.123138933    ","서울특별시 종로구 세종로 100 KT 광화문 빌딩 West "
"3000000-101-2025-00211","(주)광화문옥희","197982.889600104    ","452206.123138933    ","서울특별시 종로구 세종로 100 KT 광화문 빌딩 West 지하1층 B108-1호 일부 "
"3000000-101-2025-00212","코끼리초밥","197982.889600104    ","452206.123138933    ","서울특별시 종로구 세종로 100 KT 광화문 빌딩 West "
"3000000-101-2025-00213","보보식당 광화문","197982.889600104    ","452206.123138933    ","서울특별시 종로구 세종로 100 KT 광화문 빌딩 West "
"3000000-101-2025-00214","파이프그라운드 광화문","197982.889600104    ","452206.123138933    ","서울특별시 종로구 세종로 100 KT 광화문 빌딩 West "
"3000000-101-2025-00216","난포 광화문점","197982.889600104    ","452206.123138933    ","서울특별시 종로구 세종로 100 KT 광화문 빌딩 West "
"3000000-101-2025-00217","덴푸라감춘(TENPURA감춘)","197982.889600104    ","452206.123138933    ","서울특별시 종로구 세종로 100 KT 광화문 빌딩 West "
"3000000-101-2025-00218","부암김밥 부암점","196386.31781822     ","455244.942635237    ","서울특별시 종로구 홍지동 103-7 시사빌딩 "
"3000000-101-2025-00220","타코로 독립문점","196429.22870175     ","452294.201495127    ","서울특별시 종로구 행촌동 209-21 "
"3000000-101-2025-00221","(주)오리지널팬케이크하우스(광화문점)","197982.889600104    ","452206.123138933    ","서울특별시 종로구 세종로 100 KT 광화문 빌딩 West "
"3000000-101-2025-00223","광화문면옥","197713.264843734    ","451938.037703258    ","서울특별시 종로구 신문로1가 163 광화문오피시아빌딩 101호"
"3000000-101-2025-00224","인생아구찜 종각점","198324.653631679    ","452252.812389497    ","서울특별시 종로구 수송동 58 두산위브파빌리온 "
"3000000-101-2025-00226","광화문 아덴","197245.826037364    ","452264.91887153     ","서울특별시 종로구 신문로2가 1-35 1층 "
"3000000-101-2025-00227","파파이스 성균관대점","199799.941178077    ","453354.639847989    ","서울특별시 종로구 명륜4가 188-4 동화빌딩 "
"3000000-101-2025-00228","알라보 종각센트로폴리스점","198493.358663851    ","452139.024770523    ","서울특별시 종로구 공평동 17 센트로폴리스 "
"3000000-101-2025-00229","히트커피 로스터스 센트로폴리스","198493.358663851    ","452139.024770523    ","서울특별시 종로구 공평동 17 센트로폴리스 "
"3000000-101-2025-00230","키보아츠아츠 광화문점","197982.889600104    ","452206.123138933    ","서울특별시 종로구 세종로 100 KT 광화문 빌딩 West "
"3000000-101-2025-00233","롤스","201210.779871872    ","452544.756048422    ","서울특별시 종로구 창신동 87 "
"3000000-101-2025-00234","슬램버거 대학로점","200157.647836124    ","453287.901840153    ","서울특별시 종로구 동숭동 1-60 바탕골소극장 1층 일부 "
"3000000-101-2025-00237","오브디 ofd","199606.3365502      ","453816.527524169    ","서울특별시 종로구 명륜3가 16 지하층 "
"3000000-101-2025-00240","헬로베트남","200888.586632804    ","452058.905155542    ","서울특별시 종로구 창신동 446-6 "
"3000000-101-2025-00244","슬로우캘리 종로 새문안점","197656.177872742    ","452014.977175148    ","서울특별시 종로구 신문로1가 31 "
"3000000-101-2025-00246","효자닭","197353.05600611     ","453371.425255388    ","서울특별시 종로구 효자동 60-3 "
"3000000-101-2025-00247","사베(SABE)","198493.358663851    ","452139.024770523    ","서울특별시 종로구 공평동 17 센트로폴리스 "
"3000000-101-2025-00250","포테이토 니즈 헤드","198498.918632911    ","452473.403750001    ","서울특별시 종로구 관훈동 155-2 "
"3000000-101-2025-00256","든든옥","201875.702357184    ","452412.128680276    ","서울특별시 종로구 숭인동 1414 신안빌딩 1층 "
"3000000-101-2025-00258","비움안국","198663.744848763    ","452979.399290276    ","서울특별시 종로구 재동 45-9 "
"3000000-101-2025-00259","삼호 분식","200971.758906846    ","452264.021922586    ","서울특별시 종로구 창신동 580-3 1층 "
"3000000-101-2025-00260","니욤","197982.889600104    ","452206.123138933    ","서울특별시 종로구 세종로 100 KT 광화문 빌딩 West "
"3000000-101-2025-00261","배우는술","199845.118189875    ","453344.068831649    ","서울특별시 종로구 명륜4가 188-14 A&A TOWER 101호"
"3000000-101-2025-00263","리브포나우","197595.161312175    ","452460.054621887    ","서울특별시 종로구 적선동 156 광화문 플래티넘 "
"3000000-101-2025-00265","마이너스","199164.028176924    ","452193.124898933    ","서울특별시 종로구 돈의동 111 지하 1층 "
"3000000-101-2025-00266","김삼보 보신각점","198525.851210964    ","451909.692402004    ","서울특별시 종로구 관철동 43-1 "
"3000000-101-2025-00267","복이네","201551.11122823     ","452134.141223441    ","서울특별시 종로구 숭인동 240-1 청계 로벤하임 "
"3000000-101-2025-00268","다락솥 안국점","198952.501606235    ","452729.319337378    ","서울특별시 종로구 운니동 98-5 INNO88 TOWER "
"3000000-101-2025-00269","메종드소시송","197342.22089531     ","453450.527281803    ","서울특별시 종로구 효자동 70-1 "
"3000000-101-2025-00270","K광장김반찬","199837.41426735     ","451974.128468485    ","서울특별시 종로구 예지동 6-1 47, 48호"
"3000000-101-2025-00271","키세카츠 안국역점","198952.501606235    ","452729.319337378    ","서울특별시 종로구 운니동 98-5 INNO88 TOWER "
"3000000-101-2025-00272","더픽.(THE PICK.)","196444.724457441    ","455869.049851389    ","서울특별시 종로구 신영동 240 "
"3000000-101-2025-00273","종로 갈매기","199153.685519251    ","452303.449827437    ","서울특별시 종로구 묘동 162-1 "
"3000000-101-2025-00274","도조커피 광화문","198150.300374121    ","452019.212642931    ","서울특별시 종로구 종로1가 24 르메이에르종로타운1 "
"3000000-101-2025-00275","서대포집","199153.685519251    ","452303.449827437    ","서울특별시 종로구 묘동 162-1 "
"3000000-101-2025-00276","킵댓 창경궁점","198952.501606235    ","452729.319337378    ","서울특별시 종로구 운니동 98-5 INNO88 TOWER "
"3000000-101-2025-00277","푸에르코 종로센트로폴리스","198493.358663851    ","452139.024770523    ","서울특별시 종로구 공평동 17 센트로폴리스 "
"3000000-101-2025-00278","정금이네 김밥","197198.426031373    ","453166.187281092    ","서울특별시 종로구 통인동 30-4 "
"3000000-101-2025-00279","토스티드 클럽","197290.673609199    ","453771.210074248    ","서울특별시 종로구 청운동 72 "
"3000000-101-2025-00281","(?)포차","196487.012469672    ","455904.70932203     ","서울특별시 종로구 신영동 247-1 "
"3000000-101-2025-00282","프리티 프루트 (Pretty Fruit)","198150.300374121    ","452019.212642931    ","서울특별시 종로구 종로1가 24 르메이에르종로타운1 지하1층 비115호"
"3000000-101-2025-00283","크루아타이커진(Krua Thai Cuisine)","198286.311784052    ","452091.444332546    ","서울특별시 종로구 청진동 70 그랑서울 2층 OA-204호 "
"3000000-101-2025-00284","새벽김밥","200099.032850302    ","452925.449270507    ","서울특별시 종로구 연건동 76 1층 "
"3000000-101-2025-00285","우대포 광화문점","197573.030749573    ","452175.335781858    ","서울특별시 종로구 당주동 100 세종빌딩, 세종아파트 104~105호"
"3000000-101-2025-00286","이비티 오스테리아(EBT Osteria) 광화문","198286.311784052    ","452091.444332546    ","서울특별시 종로구 청진동 70 그랑서울 "
"3000000-101-2025-00287","우슴 광화문 직영점","197573.030749573    ","452175.335781858    ","서울특별시 종로구 당주동 100 세종빌딩, 세종아파트 "
"3000000-101-2025-00288","용가회전 훠궈 샤브샤브","200163.533936465    ","453385.896458574    ","서울특별시 종로구 동숭동 1-55 청민빌딩, 지하1층 "
"3000000-101-2025-00289","The차이","198952.501606235    ","452729.319337378    ","서울특별시 종로구 운니동 98-5 INNO88 TOWER "
"3000000-101-2025-00290","스시이찌 광화문점","197567.747824202    ","452347.973860449    ","서울특별시 종로구 내수동 75 용비어천가 "
"3000000-101-2025-00291","두채","199975.248142804    ","452674.108204733    ","서울특별시 종로구 연건동 268 1~2층 "
"3000000-101-2025-00292","일등왕만두","199019.353221474    ","451971.548852071    ","서울특별시 종로구 종로3가 105-4 1층 "
"3000000-101-2025-00293","버터하우스","199011.836553314    ","452314.524747574    ","서울특별시 종로구 익선동 166-53 1층 "
"3000000-101-2025-00294","경성왕돈카츠","197181.393301659    ","452458.826651573    ","서울특별시 종로구 사직동 9 광화문 스페이스본 "
"3000000-101-2025-00295","누볼라(NUVOLA)","198229.603220236    ","453242.569016769    ","서울특별시 종로구 팔판동 156 B동 1층 "
"3000000-101-2025-00296","포카","198994.591444294    ","452654.901263667    ","서울특별시 종로구 운니동 38-2 주원빌딩 1층 "
"3000000-101-2025-00297","사서함 혜화","199968.850339263    ","453338.316074117    ","서울특별시 종로구 명륜4가 83-1 지하 1층 "
"3000000-101-2025-00298","라프론테(LA FRONTE)","198076.878950513    ","452402.195269511    ","서울특별시 종로구 수송동 146-1 이마빌딩 "
"3000000-101-2025-00299","플레이스","199227.498415724    ","452238.607668362    ","서울특별시 종로구 묘동 24-1 "
"3000000-101-2025-00300","웰믹스 광화문점","197573.030749573    ","452175.335781858    ","서울특별시 종로구 당주동 100 세종빌딩, 세종아파트 "
"3000000-101-2025-00301","쏘스","200010.981749236    ","451937.191226882    ","서울특별시 종로구 예지동 296-30 "
"3000000-101-2025-00302","하이 서울 타이","201253.036973185    ","452061.365569452    ","서울특별시 종로구 창신동 406-1 "
"3000000-101-2025-00303","락앤롤 김밥","201919.67024298     ","452580.334168232    ","서울특별시 종로구 숭인동 1262 1,2층 "
"3000000-101-2025-00305","금금","198286.311784052    ","452091.444332546    ","서울특별시 종로구 청진동 70 그랑서울 "
"3000000-101-2025-00306","수미 감자탕","199474.703711617    ","454089.442340502    ","서울특별시 종로구 명륜3가 1-189 "
"3000000-101-2025-00308","라타르타데라마드레데크리스코리아 주식회사","198782.040240111    ","452995.498884123    ","서울특별시 종로구 계동 140-67 회복빌딩 1층 "
"3000000-101-2025-00309","깐깐 스타필드 애비뉴 그랑서울점","198286.311784052    ","452091.444332546    ","서울특별시 종로구 청진동 70 그랑서울 B1층 B116호 "
"3000000-101-2025-00310","프로간장게장 경복궁점","198101.593328721    ","452496.362099822    ","서울특별시 종로구 중학동 19 더케이트윈타워 비1층 "
"3000000-101-2025-00311","삼백다시일 (300-1)","196860.893154849    ","455863.128343879    ","서울특별시 종로구 평창동 300-1 1층 "
"3000000-101-2025-00312","벤슨 그랑서울","198286.311784052    ","452091.444332546    ","서울특별시 종로구 청진동 70 그랑서울 "
"3000000-101-2025-00313","가야회 참치","201801.300137307    ","452526.951324552    ","서울특별시 종로구 숭인동 1049 1층 "
"3000000-101-2025-00314","더정 우롱티프로젝트 종로그랑서울점","198286.311784052    ","452091.444332546    ","서울특별시 종로구 청진동 70 그랑서울 지하1층 B106호"
"3000000-101-2025-00315","소풍가는날","198286.311784052    ","452091.444332546    ","서울특별시 종로구 청진동 70 그랑서울 B103호"
"3000000-101-2025-00316","꺽정이 분식","199155.544853099    ","452083.125538906    ","서울특별시 종로구 돈의동 137 피카디리플러스 "
"3000000-101-2025-00317","앨리스","199174.371843426    ","452124.333386386    ","서울특별시 종로구 돈의동 128-2 은영빌딩 "
"3000000-101-2025-00318","놀부 그랑서울 종각직영점","198286.311784052    ","452091.444332546    ","서울특별시 종로구 청진동 70 그랑서울 "
"3000000-101-2025-00319","하우스오브갓텐 스타필드애비뉴그랑서울점","198286.311784052    ","452091.444332546    ","서울특별시 종로구 청진동 70 그랑서울 "
"3000000-101-2025-00320","(주)내함 한국집 스타필드 그랑서울점","198286.311784052    ","452091.444332546    ","서울특별시 종로구 청진동 70 그랑서울 "
"3000000-101-2025-00321","파르노 광화문점","198286.311784052    ","452091.444332546    ","서울특별시 종로구 청진동 70 그랑서울 "
"3000000-101-2025-00322","이모와슌 스타필드 그랑서울점","198286.311784052    ","452091.444332546    ","서울특별시 종로구 청진동 70 그랑서울 4층 405호의 일부 "
"3000000-101-2025-00323","원디그리노스 그랑서울점","198286.311784052    ","452091.444332546    ","서울특별시 종로구 청진동 70 그랑서울 "
"3000000-101-2025-00324","호시보시 스타필드 에비뉴 그랑서울","198286.311784052    ","452091.444332546    ","서울특별시 종로구 청진동 70 그랑서울 "
"3000000-101-2025-00325","히카리모노 HIKARIMONO","198286.311784052    ","452091.444332546    ","서울특별시 종로구 청진동 70 스타필드에비뉴 그랑서울 타워1 OA-202 "
"3000000-101-2025-00326","윤잇 스타필드 광화문점","198286.311784052    ","452091.444332546    ","서울특별시 종로구 청진동 70 스타필드 애비뉴 그랑서울 타워1 지하1층 B119 "
"3000000-101-2025-00327","(유)성산옥 종각점","198286.311784052    ","452091.444332546    ","서울특별시 종로구 청진동 70 스타필드에비뉴 그랑서울 지하1층 B123호 "
"3000000-101-2025-00328","콘피에르 셀렉션 광화문 그랑서울점","198286.311784052    ","452091.444332546    ","서울특별시 종로구 청진동 70 그랑서울 "
"3000000-101-2025-00329","The차이 광화문그랑서울","198286.311784052    ","452091.444332546    ","서울특별시 종로구 청진동 70 스타필드 애비뉴 그랑서울 타워1 지하1층 B101호 "
"3000000-101-2025-00330","더 사보텐 스타필드 애비뉴 그랑서울점","198286.311784052    ","452091.444332546    ","서울특별시 종로구 청진동 70 스타필드 애비뉴 그랑서울 타워1 지하1층 B117 "
"3000000-101-2025-00331","용호동낙지 안국역점","198952.501606235    ","452729.319337378    ","서울특별시 종로구 운니동 98-5 INNO88 TOWER "
"3000000-101-2025-00332","피에스 커피베이커리","198286.311784052    ","452091.444332546    ","서울특별시 종로구 청진동 70 그랑서울 지하1층 B118호"
"3000000-101-2025-00334","마치 스테이크하우스(MaaCHI)","198286.311784052    ","452091.444332546    ","서울특별시 종로구 청진동 70 그랑서울 "
"3000000-101-2025-00335","스시소라(종로점)","198493.358663851    ","452139.024770523    ","서울특별시 종로구 공평동 17 센트로폴리스 "
"3000000-101-2025-00336","효자동밥상","197380.688297862    ","453260.251877709    ","서울특별시 종로구 효자동 25 1층 "
"3000000-101-2025-00337","여여재(종각점)","198286.311784052    ","452091.444332546    ","서울특별시 종로구 청진동 70 그랑서울 "
"3000000-101-2025-00338","삼원샏 베이커스","196532.869792779    ","455775.301893958    ","서울특별시 종로구 신영동 10-14 "
"3000000-101-2025-00339","조앤도슨 광화문점","198286.311784052    ","452091.444332546    ","서울특별시 종로구 청진동 70 그랑서울 "
"3000000-101-2025-00340","도틔대가","197459.566816226    ","452700.615179721    ","서울특별시 종로구 체부동 54-1 "
"3000000-101-2025-00341","코스모스","198920.853316964    ","452332.712151374    ","서울특별시 종로구 낙원동 75 "
"3000000-101-2025-00342","투썸 2.0 안국","198565.677043996    ","452670.232135872    ","서울특별시 종로구 안국동 163 걸스카웃회관 "
"3000000-101-2025-00343","홍콩반점0410 종각역점","198564.480772296    ","451856.926152299    ","서울특별시 종로구 관철동 42-4 "
"3000000-101-2025-00344","익선당","199021.565184862    ","452333.961625696    ","서울특별시 종로구 익선동 166-47 "
"3000000-101-2025-00345","루원 광화문점","198286.311784052    ","452091.444332546    ","서울특별시 종로구 청진동 70 그랑서울 401호"
"3000000-101-2025-00346","평평","200448.540397689    ","452524.985982002    ","서울특별시 종로구 충신동 35-18 "
"3000000-101-2025-00347","연담","197650.653736722    ","452368.519288991    ","서울특별시 종로구 도렴동 60 도렴빌딩 "
"3000000-101-2025-00348","트래디업 123젤라또","198920.853316964    ","452332.712151374    ","서울특별시 종로구 낙원동 75 "
"3000000-101-2025-00349","수퍼야드","200092.446768854    ","452436.011597811    ","서울특별시 종로구 효제동 65-2 102-1호"
"3000000-101-2025-00350","몽중헌 광화문","197660.370711237    ","452306.635808312    ","서울특별시 종로구 도렴동 65 센터포인트광화문 "
"3000000-101-2025-00351","본우리반상 종로센트로폴리스점","198493.358663851    ","452139.024770523    ","서울특별시 종로구 공평동 17 센트로폴리스 B2층 "
"3000000-101-2025-00352","라운지806","198500.44755914     ","452243.433654936    ","서울특별시 종로구 관훈동 198-8 종로빌딩 "
"3000000-101-2025-00353","봉이밥 삼청동점","198357.80216158     ","453555.220753574    ","서울특별시 종로구 삼청동 62-17 삼청뜰 "
"3000000-101-2025-00354","암소서울 광화문","198286.311784052    ","452091.444332546    ","서울특별시 종로구 청진동 70 그랑서울 "
"3000000-101-2025-00355","어슬광화문","197458.838227559    ","451820.889548579    ","서울특별시 종로구 신문로2가 171 "
"3000000-101-2025-00356","인공위성 (IGWS)","199000.24605993     ","452643.846257298    ","서울특별시 종로구 운니동 41 "
"3000000-101-2025-00357","유카츠","198535.979055672    ","452981.671487417    ","서울특별시 종로구 재동 32-18 "
"3000000-101-2025-00358","2014화정족발혜화아지트","200149.657257026    ","453553.282759182    ","서울특별시 종로구 혜화동 163-29 "
"3000000-101-2025-00359","홍콩반점 종각역점","198564.480772296    ","451856.926152299    ","서울특별시 종로구 관철동 42-4 "
"3000000-101-2025-00360","우하나 종각역점","198286.311784052    ","452091.444332546    ","서울특별시 종로구 청진동 70 그랑서울 "
"3000000-101-2025-00361","다반 안국","198952.501606235    ","452729.319337378    ","서울특별시 종로구 운니동 98-5 INNO88 TOWER "
"3000000-101-2025-00362","동남","197419.777909918    ","453062.383809037    ","서울특별시 종로구 창성동 138-1 "
"3000000-101-2025-00363","광장시장 통통오징어","199816.770134674    ","451999.530839582    ","서울특별시 종로구 예지동 2-1 "
"3000000-101-2025-00364","(주)아이와푸즈코리아 광화문","197662.503910553    ","452189.09236786     ","서울특별시 종로구 당주동 5 로얄빌딩 "
"3000000-101-2025-00365","브이엔디 종각직영점","198493.358663851    ","452139.024770523    ","서울특별시 종로구 공평동 17 B2-RETAIL-3호(센트로폴리스) "
"3000000-101-2025-00366","밀가랑 광화문점","197662.503910553    ","452189.09236786     ","서울특별시 종로구 당주동 5 로얄빌딩 "
"3000000-101-2025-00367","더타코부스 서울 종각역점","198564.480772296    ","451856.926152299    ","서울특별시 종로구 관철동 42-4 "
"3000000-101-2025-00368","삼정모밀 광화문소바","197573.030749573    ","452175.335781858    ","서울특별시 종로구 당주동 100 세종빌딩, 세종아파트 지하1층 127, 128호 "
"3000000-101-2025-00369","쑥쑥콩나물밥","200937.751336767    ","452148.428156447    ","서울특별시 종로구 창신동 497-1 "
"3000000-101-2025-00370","광양면옥","198150.300374121    ","452019.212642931    ","서울특별시 종로구 종로1가 24 르메이에르종로타운1 "
"3000000-101-2025-00371","묵찌","198717.149231238    ","451910.28607839     ","서울특별시 종로구 관철동 13-16 "
"3000000-101-2025-00372","갗 베이크드","201807.24909335     ","452345.373844921    ","서울특별시 종로구 숭인동 202-28 "
"3000000-101-2025-00373","갗 키친","201807.24909335     ","452345.373844921    ","서울특별시 종로구 숭인동 202-28 101-2호"
"3000000-101-2025-00374","도톰","198931.436790877    ","452331.863262352    ","서울특별시 종로구 낙원동 76 "
"3000000-101-2025-00375","에디션엠","199995.608575767    ","453289.298680361    ","서울특별시 종로구 명륜4가 118-1 "
"3000000-101-2025-00376","베트남 쌀국수 PHO","201286.70868374     ","452102.320264137    ","서울특별시 종로구 창신동 392-1 "
"3000000-101-2025-00377","고봉민김밥인 종로3가역점","199213.838396552    ","452079.102685274    ","서울특별시 종로구 묘동 204-1 "
"3000000-101-2025-00378","올리페페 광화문점","198057.201456751    ","451911.789172214    ","서울특별시 종로구 서린동 149 청계 한국빌딩 2층 "
"3000000-101-2025-00379","수도원의 비밀 저장고","198600.653290221    ","451865.553162137    ","서울특별시 종로구 관철동 175 "
"3000000-101-2025-00380","서울메이트 종로","198724.740257195    ","451930.754248234    ","서울특별시 종로구 관철동 14-6 "
"3000000-101-2025-00381","온택 메트로","197567.849954354    ","452567.159554494    ","서울특별시 종로구 적선동 80 적선현대빌딩 "
"3000000-101-2025-00382","수북하게줄께","198748.523634969    ","452197.557781487    ","서울특별시 종로구 인사동 152 2층 "
"3000000-101-2025-00383","북촌의 뜰","198327.784390988    ","452972.905433075    ","서울특별시 종로구 소격동 149-1 "
"3000000-101-2025-00384","Hush 허쉬","199160.159593706    ","452271.277036725    ","서울특별시 종로구 묘동 169-1 "
"3000000-101-2025-00385","카페 1861","199260.567888877    ","451964.457695861    ","서울특별시 종로구 장사동 1 "
"3000000-101-2025-00386","촌장집","197366.70449883     ","452693.006787173    ","서울특별시 종로구 체부동 195 1층 "
"3000000-101-2025-00387","메종드 피폴라","199995.608575767    ","453289.298680361    ","서울특별시 종로구 명륜4가 118-1 "
"3000000-101-2025-00388","엉꼬 엉꼬(ENCORE ENCORE)","200321.041907982    ","453153.361814617    ","서울특별시 종로구 동숭동 130-55 1층 "
"3000000-101-2025-00389","곰작소","198286.311784052    ","452091.444332546    ","서울특별시 종로구 청진동 70 B121호(그랑서울) "
"3000000-101-2025-00390","익선 오도독","199092.99246717     ","452300.402817685    ","서울특별시 종로구 돈의동 18 "
"3000000-101-2025-00391","무궁화반점 종로점","200121.377423648    ","452122.852549317    ","서울특별시 종로구 종로5가 78 "
"3000000-101-2025-00392","쓰윗 종각","198524.8093622      ","451942.366626947    ","서울특별시 종로구 관철동 45-2 "
"3000000-101-2025-00393","우동키노야 대학로점","200259.465338363    ","453287.092062212    ","서울특별시 종로구 동숭동 1-78 "
"3000000-101-2025-00394","르 바(Le Bar)","198999.525786224    ","452458.391334878    ","서울특별시 종로구 익선동 34-3 지하1층, 지상1층 "
"3000000-101-2025-00395","심퍼티쿠시 광화문점","198176.159239663    ","452574.67151361     ","서울특별시 종로구 중학동 14 트윈 트리 빌딩 "
"3000000-101-2025-00396","종로 육회","199893.409361955    ","452037.93796291     ","서울특별시 종로구 종로4가 167-1 1,2층 "
"3000000-101-2025-00397","돌버너","199877.778081156    ","452377.225817599    ","서울특별시 종로구 연지동 99 "
"3000000-101-2025-00398","강릉 옥탑","198760.62966456     ","451931.06533534     ","서울특별시 종로구 관철동 14-1 은정빌딩 "
"3000000-101-2025-00400","이자카야 희망","199053.357431316    ","452269.211030994    ","서울특별시 종로구 돈의동 34 "
"3000000-101-2025-00401","뭉치","201311.28232322     ","452740.121552282    ","서울특별시 종로구 숭인동 56-40 미래빌딩 "
"3000000-101-2026-00001","덕희다방","197713.264843734    ","451938.037703258    ","서울특별시 종로구 신문로1가 163 광화문오피시아빌딩 "
"3000000-101-2026-00002","대문곰탕","198150.300374121    ","452019.212642931    ","서울특별시 종로구 종로1가 24 르메이에르종로타운1 B106-4호 "
"3000000-101-2026-00003","온기","196669.771567569    ","454662.394174903    ","서울특별시 종로구 부암동 288-1 "
"3000000-101-2026-00004","자이온 타코하우스","199432.911450298    ","451985.975945675    ","서울특별시 종로구 종로3가 166-2 "
"3000000-101-2026-00005","아리랑 카페","201452.97033909     ","452034.162854757    ","서울특별시 종로구 창신동 400-4 삼일아파트 "
"3000000-101-2026-00006","육전국밥 광장시장점","199811.963353525    ","452026.996611122    ","서울특별시 종로구 종로4가 137-3 원제한의원 "
"3000000-101-2026-00007","낙산","200563.030455917    ","453150.897175454    ","서울특별시 종로구 동숭동 50-111 낙산공원 소매점(관련지번 50-147) "
"3000000-101-2026-00008","자이온 종로점","199432.911450298    ","451985.975945675    ","서울특별시 종로구 종로3가 166-2 "
"3000000-101-2026-00009","로켓커피","198819.574269631    ","451942.979071945    ","서울특별시 종로구 관철동 6-2 "
"3000000-101-2026-00010","월드 스페이스 서울 카페","198984.502772193    ","452406.324921936    ","서울특별시 종로구 익선동 137-6 지하1층 "
"3000000-101-2026-00011","바바","200461.151964938    ","452153.605157881    ","서울특별시 종로구 효제동 175-1 1층 일부 "
"3000000-101-2026-00012","탁월한밥맛","198324.653631679    ","452252.812389497    ","서울특별시 종로구 수송동 58 두산위브파빌리온 "
"3000000-101-2026-00013","에스엠유 (SMU)","196270.356236082    ","455330.689123978    ","서울특별시 종로구 홍지동 90-3 2층 "
"3000000-101-2026-00014","국밥주막·냉면","199178.380291985    ","451819.534096866    ","서울특별시 종로구 관수동 98-1 104호"
"3000000-101-2026-00015","콘타이 안국점","198952.501606235    ","452729.319337378    ","서울특별시 종로구 운니동 98-5 INNO88 TOWER 지하1층 "
"3000000-101-2026-00016","최고맛집","200365.065961351    ","452034.667931141    ","서울특별시 종로구 종로5가 231-25 성원빌딩 "
"3000000-101-2026-00017","가마솥순대국 창신역점","201269.21631276     ","452753.591547153    ","서울특별시 종로구 창신동 23-53 "
"3000000-101-2026-00018","파이널나인 서울종로점","198585.290764513    ","451888.132413651    ","서울특별시 종로구 관철동 19-19 "
"3000000-101-2026-00019","광장시장 호떡짱","200037.109448982    ","452040.235649199    ","서울특별시 종로구 종로5가 138-4 B103호"
"3000000-101-2026-00020","빅러브토마토","198493.358663851    ","452139.024770523    ","서울특별시 종로구 공평동 17 센트로폴리스 "
"3000000-101-2026-00021","유식당","197329.898847331    ","452432.501606302    ","서울특별시 종로구 내수동 95 경희궁 파크팰리스 "
"3000000-101-2026-00022","페퍼로니 유니버스","197415.808596456    ","452119.825276479    ","서울특별시 종로구 신문로2가 1-140 1층 "
"3000000-101-2026-00023","처갓집양념치킨 혜화점","199792.423824767    ","454167.977891264    ","서울특별시 종로구 명륜1가 31-1 유성빌딩 "
"3000000-101-2026-00024","멀티 룸 포차","198661.205715306    ","451931.761151028    ","서울특별시 종로구 관철동 18-1 종로우리빌딩 "
"3000000-101-2026-00025","피플","198979.758847796    ","451921.59918378     ","서울특별시 종로구 관수동 4-1 금용빌딩 "
"3000000-101-2026-00026","아라마크(주)동대문종합시장(푸드코트, 이디야커피)","200542.258243379    ","452057.126859583    ","서울특별시 종로구 종로6가 262-1 동대문종합시장 "
"3000000-101-2026-00027","다소곳","199740.793321873    ","453444.246153102    ","서울특별시 종로구 명륜3가 145-2 "
"3000000-101-2026-00028","인사동그늘집","198722.22861812     ","452263.841373726    ","서울특별시 종로구 인사동 168 2층 "
"3000000-101-2026-00030","너울주막 서촌","197054.671596164    ","453170.710468769    ","서울특별시 종로구 옥인동 153-1 도담빌딩 "
"3000000-101-2026-00031","사간원","198194.648166271    ","452842.363686425    ","서울특별시 종로구 사간동 59-1 "
"3000000-101-2026-00032","세종호스텔","197573.030749573    ","452175.335781858    ","서울특별시 종로구 당주동 100 세종빌딩, 세종아파트 지하1층 112호"
"3000000-101-2026-00033","데이지","199187.415492397    ","452451.248888358    ","서울특별시 종로구 권농동 186 경호빌딩 "
"3000000-101-2026-00034","히피 데이지","199187.415492397    ","452451.248888358    ","서울특별시 종로구 권농동 186 경호빌딩 "
"3000000-101-2026-00035","승grill","197226.528075422    ","452739.248559421    ","서울특별시 종로구 필운동 155 "
"3000000-101-2026-00036","보승회관 종각점","198620.301187081    ","451950.125134119    ","서울특별시 종로구 관철동 16-5 "
"3000000-101-2026-00037","진순대","198310.30588003     ","452189.323938286    ","서울특별시 종로구 청진동 48-1 "
"3000000-101-2026-00038","가고싶은 카페 오름","196324.596071565    ","455551.239268392    ","서울특별시 종로구 신영동 179-3 AA 하우스 "
"3000000-101-2026-00039","팔 프렐류드(PHAL PRELUDE)","196421.314086649    ","455962.233189259    ","서울특별시 종로구 신영동 239-1 1층 "
"3000000-101-2026-00040","참스 (CHARMS)","199736.708          ","452358.735333333    ","서울특별시 종로구 인의동 20 1층 "
"3000000-101-2026-00041","훠궈먹고 대학로점","200220.113435114    ","453354.41563801     ","서울특별시 종로구 동숭동 1-73 "
"3000000-101-2026-00042","솜씨(SOMSEE)","196844.318628742    ","452392.297260663    ","서울특별시 종로구 사직동 303 "
"3000000-101-2026-00043","서오릉피자 독립문점","196711.256846666    ","452060.860508565    ","서울특별시 종로구 홍파동 199 경희궁자이 2단지 "
"3000000-101-2026-00044","카페 뷰","199350.669176       ","452191.793781837    ","서울특별시 종로구 봉익동 40-1 영보빌딩 4층 "
"3000000-101-2026-00045","바 뷰","199350.669176       ","452191.793781837    ","서울특별시 종로구 봉익동 40-1 영보빌딩 4층 "
"3000000-101-2026-00046","본지르르 베이커리 서촌","197293.671084489    ","452545.854084683    ","서울특별시 종로구 필운동 296 "
"3000000-101-2026-00047","우지커피 종각역점","198731.246361041    ","451962.63614134     ","서울특별시 종로구 종로2가 75-6 삼양빌딩 1층 좌측면 "
"3000000-101-2026-00048","카페향과","199349.21380525     ","452221.979338776    ","서울특별시 종로구 봉익동 38-4 "
"3000000-101-2026-00049","엉터리생고기 광화문점","198057.201456751    ","451911.789172214    ","서울특별시 종로구 서린동 149 청계 한국빌딩 "
"3000000-101-2026-00050","포이타(poyta)","196736.335572777    ","454436.550996589    ","서울특별시 종로구 부암동 269-8 "
"3000000-101-2026-00051","한이서울","197657.298110478    ","452243.596729853    ","서울특별시 종로구 당주동 2-2 "
"3000000-101-2026-00052","델리노쉬Lab","197361.848625828    ","452983.593503638    ","서울특별시 종로구 통인동 147-4 인왕사우나 "
"3000000-101-2026-00053","달지 하우스","196859.029335398    ","455853.905910531    ","서울특별시 종로구 평창동 301-1 "
"3000000-101-2026-00054","익선까치","199115.177614258    ","452297.083128737    ","서울특별시 종로구 돈의동 9 "
"3000000-101-2026-00055","명동칼국수 샤브샤브 종로평창점","197212.364862058    ","456055.205802855    ","서울특별시 종로구 평창동 158-1 글로리아타운 "
"3000000-101-2026-00056","로비 바이 컨템포러리 테일즈","200168.786252922    ","453581.515242933    ","서울특별시 종로구 혜화동 163-43 펜타하우스 지층 "
"3000000-101-2026-00058","코코로라멘광장시장점","199826.86062991     ","452012.268094147    ","서울특별시 종로구 종로4가 144-1 원상빌딩 1층 "
"3000000-101-2026-00059","메이드(MADE)","198882.395618489    ","452339.533341108    ","서울특별시 종로구 낙원동 62-2 "
"3000000-101-2026-00060","프로티너(PROTEINER) 종각역점","198680.400527677    ","452016.18981626     ","서울특별시 종로구 종로2가 11 1,2층 "
"3000000-101-2026-00061","곡투도 (GOC THU DO)","200839.314319615    ","452369.462633178    ","서울특별시 종로구 창신동 651-4 1층 좌측호 "
"3000000-101-2026-00062","EGG 놀씨어터 대학로","200319.975968474    ","453397.058891096    ","서울특별시 종로구 동숭동 25-5 놀 씨어터 대학로 지하1층, 지상1층 "
"3000000-101-2026-00063","탑골공원 종로3가점","198963.479329414    ","452103.707437261    ","서울특별시 종로구 낙원동 207 파고다극장 1층 "
"3000000-101-2026-00064","지금떡방","196444.724457441    ","455869.049851389    ","서울특별시 종로구 신영동 240 1층 "
"3000000-101-2026-00066","빔즈 (beamz)","200302.331404882    ","452601.060526375    ","서울특별시 종로구 충신동 73-1 1층 "
"3000000-101-2026-00067","(주)할랄푸드코드","199867.096699895    ","453411.269175447    ","서울특별시 종로구 명륜2가 186-2 "
"3000000-101-2026-00068","퀸 바(Queen BAR)","201294.982352346    ","452373.756529188    ","서울특별시 종로구 창신동 263 "
"3000000-101-2026-00069","만남의 광장","200292.185712328    ","452029.669935349    ","서울특별시 종로구 종로5가 231-15 "
"3000000-101-2026-00070","부암공간(The Space in BUAM)","197096.455447525    ","454652.302244178    ","서울특별시 종로구 부암동 44-2 "
"3000000-101-2026-00071","삼청김밥","198286.259285522    ","453908.5798446      ","서울특별시 종로구 삼청동 10 "
"3000000-101-2026-00072","민소한우 정상 광화문점","198261.536982652    ","451951.026373194    ","서울특별시 종로구 서린동 70 종로 한국빌딩 "
"3000000-101-2026-00073","아르끼(arqui)","197175.730470538    ","453052.399152054    ","서울특별시 종로구 누하동 45-2 "
"3000000-101-2026-00074","큰손닭강정 동묘역점","201330.8552294      ","452585.822639935    ","서울특별시 종로구 숭인동 65-12 "
"3000000-101-2026-00075","파블로그릴앤바(PAVLO GRILL & BAR)","197982.889600104    ","452206.123138933    ","서울특별시 종로구 세종로 100 KT 광화문 빌딩 West "
"3000000-101-2026-00076","니혼바시 타마이 광화문","197643.965207382    ","452015.02340447     ","서울특별시 종로구 신문로1가 33 "
"3000000-101-2026-00077","방울과꼬막 대림장 종로","199158.369771136    ","452505.933293098    ","서울특별시 종로구 와룡동 54 대림장여관 "
"3000000-101-2026-00078","반미 사이곤 39(BANHMI SAIGON 39)","197436.353430124    ","452687.070850254    ","서울특별시 종로구 내자동 8-1 1,2 "
"3000000-101-2026-00079","아사달(ASADAL)","197982.889600104    ","452206.123138933    ","서울특별시 종로구 세종로 100 KT 광화문 빌딩 West 15층 "
"3000000-101-2026-00080","테이크 종각점","198351.818737482    ","451921.60302604     ","서울특별시 종로구 서린동 33 영풍빌딩 "
"3000000-101-2026-00081","광장포차","200066.658951226    ","452021.304624405    ","서울특별시 종로구 종로5가 138-22 2층 "
"3000000-101-2026-00082","일미집","198838.912965902    ","452214.210961577    ","서울특별시 종로구 낙원동 288 낙원상가 "
"3000000-101-2026-00083","굿필","199670.979884558    ","452221.775006084    ","서울특별시 종로구 인의동 112-2 세운스퀘어 "
"3000000-101-2026-00085","오성팔복반점 광화문점","198150.300374121    ","452019.212642931    ","서울특별시 종로구 종로1가 24 르메이에르종로타운1 2층동 225호"
"3000000-101-2026-00086","칠삼점일 (73.1)","200280.193994523    ","453192.388711856    ","서울특별시 종로구 동숭동 1-92 태원빌딩 "
"3000000-101-2026-00087","연잎한옥밥상","197401.596779127    ","452694.427224155    ","서울특별시 종로구 체부동 192 "
"3000000-101-2026-00088","SLB 동대문점","200880.868024602    ","452066.117895657    ","서울특별시 종로구 창신동 446-1 "
"3000000-101-2026-00089","카세트","197309.911989884    ","452617.283253383    ","서울특별시 종로구 필운동 273-2 종로큐브빌딩 1층동 "
"3000000-101-2026-00090","이다","197379.5669626      ","452930.325724457    ","서울특별시 종로구 통인동 155 "
"3000000-101-2026-00091","SK종로 구내식당","198504.772723631    ","452018.161511911    ","서울특별시 종로구 종로2가 6 종로타워 "
"3000000-101-2026-00092","수유골목냉면 종로직영점","199861.898432371    ","452223.083643125    ","서울특별시 종로구 인의동 48-8 1층 "
"3000000-101-2026-00093","김숯불갈비","201036.541619531    ","452466.564350538    ","서울특별시 종로구 창신동 131-125 "
"3000000-101-2026-00094","조이푸드","199439.545062071    ","454081.226005759    ","서울특별시 종로구 명륜3가 1-27 지하층 1(좌측)호 "
"3000000-101-2026-00095","인생제육","200164.348904077    ","452572.216278973    ","서울특별시 종로구 연건동 190-24 외 1필지(190-25) "
"3000000-101-2026-00096","지중해","199307.340336919    ","451991.157028236    ","서울특별시 종로구 종로3가 145-1 화암빌딩 지하1층 "
"3000000-101-2026-00097","제이(J) 하이볼","200491.814210231    ","452150.52723732     ","서울특별시 종로구 종로6가 244-16 윤빌딩 "
"3000000-101-2026-00098","눅 하우스(Nook Haus)","200149.657257026    ","453553.282759182    ","서울특별시 종로구 혜화동 163-29 2층 "
"3000000-101-2026-00099","메이드","200545.975188961    ","452391.917329757    ","서울특별시 종로구 종로6가 208-8 1층 일부 "
"3000000-101-2026-00100","GDB Seosulla gil 지디비 서순라길","199156.623916493    ","452747.807991092    ","서울특별시 종로구 권농동 127-1 셀립 순라 "
"3000000-101-2026-00102","진향원","199812.609633255    ","452132.648343993    ","서울특별시 종로구 인의동 48-2 효성주얼리시티 "
"3000000-101-2026-00103","오티씨 익선","198984.507761407    ","452388.199479871    ","서울특별시 종로구 익선동 166-5 "
"3000000-101-2026-00104","오우드 서촌","197276.078987749    ","453647.147720602    ","서울특별시 종로구 청운동 129 "
"3000000-101-2026-00105","이로리 비전(irori VISION)","197032.938424543    ","454640.086672436    ","서울특별시 종로구 부암동 44-5 "
"3000000-101-2026-00106","히말라야","201250.636534002    ","452317.516194539    ","서울특별시 종로구 창신동 293-2 "
"3000000-101-2026-00107","(주)농심 코코이찌방야 광화문LX빌딩점","197413.260397461    ","451896.027279239    ","서울특별시 종로구 신문로2가 92 LX광화문빌딩 "
"3000000-101-2026-00108","경성치킨 대학로점","200034.584433852    ","453577.361028716    ","서울특별시 종로구 혜화동 143-2 유니로드 "
"3000000-101-2026-00109","대한국밥만세 인사동점","198624.006469032    ","452310.752960617    ","서울특별시 종로구 관훈동 197-28 백상빌딩 "
"3000000-101-2026-00110","나만의 주파수","198522.081312297    ","451851.791863766    ","서울특별시 종로구 관철동 43-11 "
"3000000-101-2026-00111","복만루훠궈 유한회사","199432.838501352    ","454125.424848714    ","서울특별시 종로구 명륜3가 1-135 1층 "
"3000000-101-2026-00112","꼬꼬밥","197136.301977949    ","453219.703656632    ","서울특별시 종로구 옥인동 92 1층 102호"
"3000000-101-2026-00114","순대고집 동묘역점","201185.963029126    ","452281.72964337     ","서울특별시 종로구 창신동 212 1층 "
"3000000-101-2026-00115","순대고집 동묘역점","201173.794326179    ","452281.791737434    ","서울특별시 종로구 창신동 213 1층 "
"3000000-101-2026-00116","체리가든 인사동점","198672.779790299    ","452327.844612238    ","서울특별시 종로구 관훈동 197-4 3층 "
"3000000-101-2026-00117","토마스베이커리","201779.089875249    ","452328.234840054    ","서울특별시 종로구 숭인동 202-14 "
"3000000-101-2026-00118","초이라멘","197673.919714838    ","452123.434528869    ","서울특별시 종로구 당주동 160 "
"3000000-101-2026-00119","대단한 잔치국수","199155.544853099    ","452083.125538906    ","서울특별시 종로구 돈의동 137 피카디리플러스 6층 45,46호 "
"3000000-101-2026-00120","광화문나폴리 다이닝펍","198386.829870878    ","452237.303784872    ","서울특별시 종로구 견지동 110 종로1가 대성 스카이렉스 "
"3000000-101-2026-00122","하루반상 광화문 오피시아점","197713.264843734    ","451938.037703258    ","서울특별시 종로구 신문로1가 163 광화문오피시아빌딩 B120호"
"3000000-101-2026-00123","알프카 베이커리","199909.059357137    ","453439.755923452    ","서울특별시 종로구 명륜2가 180-2 "
"3000000-101-2026-00124","더 커튼룸(The Curtain Room)","198484.065112475    ","451860.352943313    ","서울특별시 종로구 관철동 266 4층 "
"3000000-101-2026-00125","맥그리코(혜화대학로점)","200016.397342596    ","453351.922590041    ","서울특별시 종로구 명륜4가 85-7 1층 "
"3000000-101-2026-00126","MS푸드","201258.062657124    ","452787.132831042    ","서울특별시 종로구 창신동 23-76 브라운스톤 창신 "
"3000000-101-2026-00127","레포사르","197458.838227559    ","451820.889548579    ","서울특별시 종로구 신문로2가 171 지하1층 101호 일부 "
"3000000-101-2026-00128","몬스터플레이스 경복궁역점","197567.849954354    ","452567.159554494    ","서울특별시 종로구 적선동 80 적선현대빌딩 지하1층 62호"
"3000000-101-2026-00129","명백집 동대문점","200991.212739904    ","452040.656103921    ","서울특별시 종로구 창신동 430-18 1층 일부호 "
"3000000-101-2026-00130","경성 호프","198866.094251804    ","451890.830131961    ","서울특별시 종로구 관철동 5-7 1층 "
"3000000-101-2026-00131","허비커피","199994.556424206    ","452700.283659251    ","서울특별시 종로구 연건동 263 1층 "
"3000000-101-2026-00132","엄마김밥","198838.912965902    ","452214.210961577    ","서울특별시 종로구 낙원동 288 낙원상가 "
"3000000-101-2026-00133","고흥집","200362.531976951    ","451974.28142458     ","서울특별시 종로구 종로5가 503-2 1층 일부호 "
"3000000-101-2026-00134","청기와타운 광화문점","197643.965207382    ","452015.02340447     ","서울특별시 종로구 신문로1가 33 "
"3000000-101-2026-00135","소온테이블(소온 table)","198688.582877198    ","452206.61896784     ","서울특별시 종로구 인사동 154-8 "
"3000000-101-2026-00136","고요말차","197151.855973496    ","453243.785159162    ","서울특별시 종로구 옥인동 37 "
"3000000-101-2026-00137","쌀쌀소셜서울(SSAL SSAL SOCIAL SEOUL)","198688.582877198    ","452206.61896784     ","서울특별시 종로구 인사동 154-8 2층 "
"3000000-101-2026-00138","구테이블 한정식","199960.018349245    ","452144.224283413    ","서울특별시 종로구 종로5가 104-8 "
